Date,Department,Available_Beds,Occupied_Beds,Bed_Occupancy_Rate,Doctors_Planned,Doctors_On_Duty,Nurses_Planned,Nurses_On_Duty,Emergency_Admissions
2022-01-01,Cardiology,44,36,0.8182,4,4,9,9,7
2022-01-01,General Surgery,42,31,0.7381,4,4,9,9,6
2022-01-01,Internal Medicine,64,58,0.9062,6,6,13,13,4
2022-01-01,Neurology,36,29,0.8056,4,4,8,8,6
2022-01-01,Obstetrics,40,29,0.725,4,4,8,8,4
2022-01-01,Oncology,38,30,0.7895,4,4,8,8,3
2022-01-01,Orthopedics,48,35,0.7292,5,5,10,10,6
2022-01-01,Urology,30,23,0.7667,3,3,6,6,5
2022-01-02,Cardiology,44,39,0.8864,4,3,9,9,9
2022-01-02,General Surgery,42,32,0.7619,4,4,9,9,5
2022-01-02,Internal Medicine,64,60,0.9375,6,6,13,13,7
2022-01-02,Neurology,36,27,0.75,4,4,8,8,11
2022-01-02,Obstetrics,40,30,0.75,4,4,8,8,7
2022-01-02,Oncology,38,31,0.8158,4,4,8,8,8
2022-01-02,Orthopedics,48,38,0.7917,5,5,10,10,7
2022-01-02,Urology,30,22,0.7333,3,3,6,6,9
2022-01-03,Cardiology,44,44,1.0,4,4,9,9,6
2022-01-03,General Surgery,42,36,0.8571,4,4,9,8,7
2022-01-03,Internal Medicine,64,63,0.9844,6,6,13,12,10
2022-01-03,Neurology,36,28,0.7778,4,4,8,8,6
2022-01-03,Obstetrics,40,29,0.725,4,4,8,8,2
2022-01-03,Oncology,38,33,0.8684,4,4,8,8,3
2022-01-03,Orthopedics,48,37,0.7708,5,5,10,10,6
2022-01-03,Urology,30,23,0.7667,3,3,6,6,8
2022-01-04,Cardiology,44,36,0.8182,4,4,9,9,6
2022-01-04,General Surgery,42,34,0.8095,4,3,9,9,7
2022-01-04,Internal Medicine,64,59,0.9219,6,6,13,13,9
2022-01-04,Neurology,36,29,0.8056,4,4,8,7,4
2022-01-04,Obstetrics,40,29,0.725,4,4,8,8,6
2022-01-04,Oncology,38,33,0.8684,4,4,8,8,5
2022-01-04,Orthopedics,48,39,0.8125,5,5,10,10,3
2022-01-04,Urology,30,22,0.7333,3,3,6,6,2
2022-01-05,Cardiology,44,40,0.9091,4,4,9,9,7
2022-01-05,General Surgery,42,37,0.881,4,4,9,9,5
2022-01-05,Internal Medicine,64,56,0.875,6,6,13,13,4
2022-01-05,Neurology,36,28,0.7778,4,4,8,8,6
2022-01-05,Obstetrics,40,30,0.75,4,4,8,8,6
2022-01-05,Oncology,38,33,0.8684,4,4,8,8,3
2022-01-05,Orthopedics,48,37,0.7708,5,5,10,10,4
2022-01-05,Urology,30,23,0.7667,3,3,6,6,4
2022-01-06,Cardiology,44,34,0.7727,4,4,9,9,11
2022-01-06,General Surgery,42,35,0.8333,4,4,9,9,10
2022-01-06,Internal Medicine,64,55,0.8594,6,6,13,13,9
2022-01-06,Neurology,36,27,0.75,4,4,8,8,3
2022-01-06,Obstetrics,40,29,0.725,4,4,8,8,7
2022-01-06,Oncology,38,31,0.8158,4,4,8,8,10
2022-01-06,Orthopedics,48,38,0.7917,5,5,10,10,10
2022-01-06,Urology,30,23,0.7667,3,3,6,6,7
2022-01-07,Cardiology,44,36,0.8182,4,4,9,8,9
2022-01-07,General Surgery,42,34,0.8095,4,4,9,9,6
2022-01-07,Internal Medicine,64,63,0.9844,6,6,13,13,6
2022-01-07,Neurology,36,27,0.75,4,4,8,8,15
2022-01-07,Obstetrics,40,32,0.8,4,4,8,8,8
2022-01-07,Oncology,38,32,0.8421,4,4,8,8,4
2022-01-07,Orthopedics,48,40,0.8333,5,5,10,10,13
2022-01-07,Urology,30,21,0.7,3,3,6,6,5
2022-01-08,Cardiology,44,38,0.8636,4,4,9,8,5
2022-01-08,General Surgery,42,32,0.7619,4,4,9,9,21
2022-01-08,Internal Medicine,64,58,0.9062,6,6,13,13,9
2022-01-08,Neurology,36,25,0.6944,4,4,8,8,10
2022-01-08,Obstetrics,40,30,0.75,4,4,8,8,4
2022-01-08,Oncology,38,31,0.8158,4,4,8,8,8
2022-01-08,Orthopedics,48,38,0.7917,5,5,10,10,7
2022-01-08,Urology,30,21,0.7,3,3,6,6,6
2022-01-09,Cardiology,44,36,0.8182,4,3,9,9,1
2022-01-09,General Surgery,42,33,0.7857,4,4,9,9,3
2022-01-09,Internal Medicine,64,58,0.9062,6,6,13,12,4
2022-01-09,Neurology,36,26,0.7222,4,4,8,8,4
2022-01-09,Obstetrics,40,27,0.675,4,4,8,8,4
2022-01-09,Oncology,38,32,0.8421,4,4,8,8,9
2022-01-09,Orthopedics,48,35,0.7292,5,5,10,10,5
2022-01-09,Urology,30,20,0.6667,3,3,6,6,5
2022-01-10,Cardiology,44,41,0.9318,4,4,9,9,6
2022-01-10,General Surgery,42,35,0.8333,4,4,9,9,7
2022-01-10,Internal Medicine,64,57,0.8906,6,6,13,13,5
2022-01-10,Neurology,36,31,0.8611,4,4,8,8,5
2022-01-10,Obstetrics,40,31,0.775,4,4,8,8,4
2022-01-10,Oncology,38,32,0.8421,4,4,8,8,7
2022-01-10,Orthopedics,48,37,0.7708,5,5,10,9,10
2022-01-10,Urology,30,24,0.8,3,3,6,6,3
2022-01-11,Cardiology,44,40,0.9091,4,4,9,9,8
2022-01-11,General Surgery,42,34,0.8095,4,4,9,9,3
2022-01-11,Internal Medicine,64,56,0.875,6,6,13,13,10
2022-01-11,Neurology,36,28,0.7778,4,4,8,8,10
2022-01-11,Obstetrics,40,29,0.725,4,4,8,8,7
2022-01-11,Oncology,38,35,0.9211,4,4,8,8,4
2022-01-11,Orthopedics,48,39,0.8125,5,5,10,10,3
2022-01-11,Urology,30,24,0.8,3,3,6,5,9
2022-01-12,Cardiology,44,40,0.9091,4,4,9,8,7
2022-01-12,General Surgery,42,36,0.8571,4,3,9,9,3
2022-01-12,Internal Medicine,64,57,0.8906,6,6,13,13,8
2022-01-12,Neurology,36,29,0.8056,4,4,8,7,7
2022-01-12,Obstetrics,40,28,0.7,4,4,8,8,4
2022-01-12,Oncology,38,31,0.8158,4,4,8,8,5
2022-01-12,Orthopedics,48,36,0.75,5,4,10,10,9
2022-01-12,Urology,30,21,0.7,3,3,6,5,6
2022-01-13,Cardiology,44,38,0.8636,4,4,9,9,4
2022-01-13,General Surgery,42,32,0.7619,4,4,9,9,4
2022-01-13,Internal Medicine,64,62,0.9688,6,5,13,13,5
2022-01-13,Neurology,36,29,0.8056,4,4,8,8,9
2022-01-13,Obstetrics,40,33,0.825,4,4,8,8,4
2022-01-13,Oncology,38,32,0.8421,4,4,8,8,2
2022-01-13,Orthopedics,48,38,0.7917,5,5,10,10,5
2022-01-13,Urology,30,23,0.7667,3,3,6,6,6
2022-01-14,Cardiology,44,37,0.8409,4,4,9,9,4
2022-01-14,General Surgery,42,35,0.8333,4,4,9,9,5
2022-01-14,Internal Medicine,64,55,0.8594,6,6,13,13,10
2022-01-14,Neurology,36,28,0.7778,4,4,8,8,11
2022-01-14,Obstetrics,40,27,0.675,4,4,8,8,4
2022-01-14,Oncology,38,35,0.9211,4,4,8,8,7
2022-01-14,Orthopedics,48,38,0.7917,5,5,10,10,8
2022-01-14,Urology,30,24,0.8,3,3,6,6,2
2022-01-15,Cardiology,44,38,0.8636,4,4,9,8,8
2022-01-15,General Surgery,42,30,0.7143,4,4,9,9,5
2022-01-15,Internal Medicine,64,52,0.8125,6,6,13,13,5
2022-01-15,Neurology,36,29,0.8056,4,4,8,8,12
2022-01-15,Obstetrics,40,30,0.75,4,4,8,8,3
2022-01-15,Oncology,38,30,0.7895,4,4,8,8,4
2022-01-15,Orthopedics,48,38,0.7917,5,5,10,10,11
2022-01-15,Urology,30,22,0.7333,3,3,6,6,4
2022-01-16,Cardiology,44,37,0.8409,4,4,9,9,10
2022-01-16,General Surgery,42,33,0.7857,4,4,9,8,8
2022-01-16,Internal Medicine,64,56,0.875,6,6,13,13,8
2022-01-16,Neurology,36,28,0.7778,4,4,8,8,12
2022-01-16,Obstetrics,40,26,0.65,4,4,8,8,4
2022-01-16,Oncology,38,32,0.8421,4,4,8,8,14
2022-01-16,Orthopedics,48,35,0.7292,5,4,10,10,8
2022-01-16,Urology,30,21,0.7,3,3,6,6,4
2022-01-17,Cardiology,44,37,0.8409,4,4,9,9,8
2022-01-17,General Surgery,42,36,0.8571,4,4,9,9,3
2022-01-17,Internal Medicine,64,55,0.8594,6,6,13,13,6
2022-01-17,Neurology,36,31,0.8611,4,4,8,8,5
2022-01-17,Obstetrics,40,30,0.75,4,4,8,8,3
2022-01-17,Oncology,38,33,0.8684,4,3,8,7,4
2022-01-17,Orthopedics,48,35,0.7292,5,5,10,10,3
2022-01-17,Urology,30,22,0.7333,3,3,6,6,2
2022-01-18,Cardiology,44,35,0.7955,4,4,9,9,6
2022-01-18,General Surgery,42,39,0.9286,4,4,9,9,9
2022-01-18,Internal Medicine,64,57,0.8906,6,6,13,13,7
2022-01-18,Neurology,36,26,0.7222,4,4,8,8,6
2022-01-18,Obstetrics,40,30,0.75,4,4,8,8,2
2022-01-18,Oncology,38,35,0.9211,4,4,8,8,6
2022-01-18,Orthopedics,48,35,0.7292,5,5,10,10,8
2022-01-18,Urology,30,23,0.7667,3,3,6,6,7
2022-01-19,Cardiology,44,38,0.8636,4,4,9,9,6
2022-01-19,General Surgery,42,35,0.8333,4,4,9,9,4
2022-01-19,Internal Medicine,64,56,0.875,6,6,13,13,4
2022-01-19,Neurology,36,30,0.8333,4,3,8,8,2
2022-01-19,Obstetrics,40,30,0.75,4,4,8,8,3
2022-01-19,Oncology,38,30,0.7895,4,4,8,8,5
2022-01-19,Orthopedics,48,41,0.8542,5,5,10,10,3
2022-01-19,Urology,30,24,0.8,3,3,6,6,4
2022-01-20,Cardiology,44,39,0.8864,4,4,9,9,8
2022-01-20,General Surgery,42,34,0.8095,4,4,9,8,4
2022-01-20,Internal Medicine,64,59,0.9219,6,6,13,13,9
2022-01-20,Neurology,36,28,0.7778,4,3,8,8,3
2022-01-20,Obstetrics,40,31,0.775,4,4,8,8,6
2022-01-20,Oncology,38,35,0.9211,4,4,8,8,1
2022-01-20,Orthopedics,48,37,0.7708,5,5,10,10,7
2022-01-20,Urology,30,22,0.7333,3,3,6,6,9
2022-01-21,Cardiology,44,37,0.8409,4,4,9,9,6
2022-01-21,General Surgery,42,41,0.9762,4,4,9,9,7
2022-01-21,Internal Medicine,64,61,0.9531,6,6,13,13,11
2022-01-21,Neurology,36,28,0.7778,4,4,8,8,7
2022-01-21,Obstetrics,40,30,0.75,4,4,8,8,6
2022-01-21,Oncology,38,34,0.8947,4,4,8,8,2
2022-01-21,Orthopedics,48,40,0.8333,5,5,10,10,6
2022-01-21,Urology,30,22,0.7333,3,3,6,6,8
2022-01-22,Cardiology,44,36,0.8182,4,4,9,9,5
2022-01-22,General Surgery,42,35,0.8333,4,4,9,9,8
2022-01-22,Internal Medicine,64,53,0.8281,6,6,13,13,11
2022-01-22,Neurology,36,28,0.7778,4,4,8,8,8
2022-01-22,Obstetrics,40,29,0.725,4,4,8,8,3
2022-01-22,Oncology,38,32,0.8421,4,4,8,8,9
2022-01-22,Orthopedics,48,36,0.75,5,5,10,10,7
2022-01-22,Urology,30,25,0.8333,3,3,6,6,4
2022-01-23,Cardiology,44,42,0.9545,4,4,9,9,4
2022-01-23,General Surgery,42,31,0.7381,4,4,9,9,10
2022-01-23,Internal Medicine,64,54,0.8438,6,6,13,13,6
2022-01-23,Neurology,36,26,0.7222,4,4,8,8,8
2022-01-23,Obstetrics,40,28,0.7,4,4,8,8,2
2022-01-23,Oncology,38,29,0.7632,4,4,8,8,6
2022-01-23,Orthopedics,48,38,0.7917,5,5,10,10,5
2022-01-23,Urology,30,23,0.7667,3,3,6,6,5
2022-01-24,Cardiology,44,39,0.8864,4,4,9,9,5
2022-01-24,General Surgery,42,35,0.8333,4,4,9,9,5
2022-01-24,Internal Medicine,64,59,0.9219,6,6,13,13,7
2022-01-24,Neurology,36,30,0.8333,4,4,8,8,8
2022-01-24,Obstetrics,40,30,0.75,4,4,8,8,4
2022-01-24,Oncology,38,33,0.8684,4,4,8,8,4
2022-01-24,Orthopedics,48,37,0.7708,5,5,10,9,9
2022-01-24,Urology,30,22,0.7333,3,3,6,6,7
2022-01-25,Cardiology,44,38,0.8636,4,4,9,8,6
2022-01-25,General Surgery,42,35,0.8333,4,4,9,9,9
2022-01-25,Internal Medicine,64,55,0.8594,6,6,13,12,8
2022-01-25,Neurology,36,29,0.8056,4,4,8,8,10
2022-01-25,Obstetrics,40,29,0.725,4,4,8,8,10
2022-01-25,Oncology,38,31,0.8158,4,3,8,8,6
2022-01-25,Orthopedics,48,36,0.75,5,5,10,10,6
2022-01-25,Urology,30,22,0.7333,3,3,6,6,3
2022-01-26,Cardiology,44,38,0.8636,4,3,9,9,9
2022-01-26,General Surgery,42,35,0.8333,4,4,9,9,2
2022-01-26,Internal Medicine,64,61,0.9531,6,6,13,12,4
2022-01-26,Neurology,36,30,0.8333,4,4,8,7,5
2022-01-26,Obstetrics,40,31,0.775,4,4,8,8,8
2022-01-26,Oncology,38,33,0.8684,4,4,8,8,9
2022-01-26,Orthopedics,48,34,0.7083,5,5,10,10,4
2022-01-26,Urology,30,22,0.7333,3,3,6,6,6
2022-01-27,Cardiology,44,40,0.9091,4,4,9,9,14
2022-01-27,General Surgery,42,33,0.7857,4,4,9,9,6
2022-01-27,Internal Medicine,64,58,0.9062,6,6,13,13,9
2022-01-27,Neurology,36,27,0.75,4,4,8,8,5
2022-01-27,Obstetrics,40,32,0.8,4,4,8,8,4
2022-01-27,Oncology,38,34,0.8947,4,4,8,8,6
2022-01-27,Orthopedics,48,38,0.7917,5,5,10,10,5
2022-01-27,Urology,30,22,0.7333,3,3,6,6,5
2022-01-28,Cardiology,44,39,0.8864,4,4,9,9,8
2022-01-28,General Surgery,42,33,0.7857,4,4,9,9,3
2022-01-28,Internal Medicine,64,60,0.9375,6,6,13,13,10
2022-01-28,Neurology,36,26,0.7222,4,4,8,7,8
2022-01-28,Obstetrics,40,31,0.775,4,4,8,8,3
2022-01-28,Oncology,38,33,0.8684,4,4,8,8,7
2022-01-28,Orthopedics,48,35,0.7292,5,5,10,10,4
2022-01-28,Urology,30,22,0.7333,3,3,6,6,3
2022-01-29,Cardiology,44,34,0.7727,4,4,9,9,7
2022-01-29,General Surgery,42,36,0.8571,4,4,9,9,5
2022-01-29,Internal Medicine,64,56,0.875,6,6,13,13,8
2022-01-29,Neurology,36,27,0.75,4,4,8,8,7
2022-01-29,Obstetrics,40,27,0.675,4,4,8,8,6
2022-01-29,Oncology,38,34,0.8947,4,4,8,8,2
2022-01-29,Orthopedics,48,36,0.75,5,5,10,10,4
2022-01-29,Urology,30,23,0.7667,3,3,6,5,4
2022-01-30,Cardiology,44,38,0.8636,4,4,9,9,4
2022-01-30,General Surgery,42,34,0.8095,4,4,9,9,3
2022-01-30,Internal Medicine,64,50,0.7812,6,6,13,12,4
2022-01-30,Neurology,36,27,0.75,4,4,8,8,3
2022-01-30,Obstetrics,40,30,0.75,4,4,8,8,8
2022-01-30,Oncology,38,32,0.8421,4,4,8,8,4
2022-01-30,Orthopedics,48,34,0.7083,5,5,10,10,3
2022-01-30,Urology,30,25,0.8333,3,3,6,6,9
2022-01-31,Cardiology,44,39,0.8864,4,4,9,9,8
2022-01-31,General Surgery,42,35,0.8333,4,4,9,9,6
2022-01-31,Internal Medicine,64,61,0.9531,6,6,13,13,6
2022-01-31,Neurology,36,29,0.8056,4,4,8,8,4
2022-01-31,Obstetrics,40,31,0.775,4,4,8,8,3
2022-01-31,Oncology,38,33,0.8684,4,3,8,8,4
2022-01-31,Orthopedics,48,40,0.8333,5,5,10,10,6
2022-01-31,Urology,30,23,0.7667,3,3,6,5,4
2022-02-01,Cardiology,44,40,0.9091,4,4,9,9,7
2022-02-01,General Surgery,42,37,0.881,4,4,9,9,7
2022-02-01,Internal Medicine,64,59,0.9219,6,6,13,12,11
2022-02-01,Neurology,36,27,0.75,4,4,8,7,4
2022-02-01,Obstetrics,40,28,0.7,4,4,8,8,4
2022-02-01,Oncology,38,32,0.8421,4,4,8,8,3
2022-02-01,Orthopedics,48,36,0.75,5,5,10,10,6
2022-02-01,Urology,30,23,0.7667,3,3,6,6,4
2022-02-02,Cardiology,44,40,0.9091,4,4,9,9,6
2022-02-02,General Surgery,42,33,0.7857,4,4,9,9,13
2022-02-02,Internal Medicine,64,57,0.8906,6,6,13,13,7
2022-02-02,Neurology,36,28,0.7778,4,4,8,7,9
2022-02-02,Obstetrics,40,30,0.75,4,4,8,8,3
2022-02-02,Oncology,38,33,0.8684,4,3,8,8,5
2022-02-02,Orthopedics,48,38,0.7917,5,5,10,10,5
2022-02-02,Urology,30,22,0.7333,3,3,6,6,3
2022-02-03,Cardiology,44,40,0.9091,4,4,9,9,9
2022-02-03,General Surgery,42,35,0.8333,4,4,9,9,9
2022-02-03,Internal Medicine,64,57,0.8906,6,6,13,13,6
2022-02-03,Neurology,36,28,0.7778,4,4,8,8,4
2022-02-03,Obstetrics,40,30,0.75,4,4,8,8,4
2022-02-03,Oncology,38,33,0.8684,4,4,8,8,8
2022-02-03,Orthopedics,48,41,0.8542,5,5,10,9,8
2022-02-03,Urology,30,23,0.7667,3,3,6,6,7
2022-02-04,Cardiology,44,39,0.8864,4,4,9,9,5
2022-02-04,General Surgery,42,32,0.7619,4,4,9,9,10
2022-02-04,Internal Medicine,64,59,0.9219,6,6,13,13,6
2022-02-04,Neurology,36,29,0.8056,4,4,8,8,5
2022-02-04,Obstetrics,40,32,0.8,4,4,8,8,7
2022-02-04,Oncology,38,33,0.8684,4,4,8,8,3
2022-02-04,Orthopedics,48,42,0.875,5,5,10,10,5
2022-02-04,Urology,30,23,0.7667,3,3,6,6,7
2022-02-05,Cardiology,44,37,0.8409,4,4,9,9,4
2022-02-05,General Surgery,42,33,0.7857,4,4,9,9,11
2022-02-05,Internal Medicine,64,59,0.9219,6,6,13,13,7
2022-02-05,Neurology,36,27,0.75,4,4,8,8,4
2022-02-05,Obstetrics,40,29,0.725,4,4,8,8,5
2022-02-05,Oncology,38,32,0.8421,4,4,8,8,6
2022-02-05,Orthopedics,48,36,0.75,5,5,10,10,2
2022-02-05,Urology,30,22,0.7333,3,3,6,6,5
2022-02-06,Cardiology,44,36,0.8182,4,3,9,9,9
2022-02-06,General Surgery,42,33,0.7857,4,3,9,9,7
2022-02-06,Internal Medicine,64,56,0.875,6,6,13,13,8
2022-02-06,Neurology,36,29,0.8056,4,4,8,8,7
2022-02-06,Obstetrics,40,29,0.725,4,4,8,8,3
2022-02-06,Oncology,38,33,0.8684,4,4,8,8,6
2022-02-06,Orthopedics,48,32,0.6667,5,5,10,10,7
2022-02-06,Urology,30,21,0.7,3,3,6,6,8
2022-02-07,Cardiology,44,39,0.8864,4,4,9,9,4
2022-02-07,General Surgery,42,32,0.7619,4,4,9,9,8
2022-02-07,Internal Medicine,64,61,0.9531,6,6,13,13,5
2022-02-07,Neurology,36,28,0.7778,4,4,8,7,7
2022-02-07,Obstetrics,40,31,0.775,4,4,8,8,6
2022-02-07,Oncology,38,33,0.8684,4,4,8,8,7
2022-02-07,Orthopedics,48,41,0.8542,5,5,10,9,5
2022-02-07,Urology,30,26,0.8667,3,3,6,6,6
2022-02-08,Cardiology,44,39,0.8864,4,4,9,9,9
2022-02-08,General Surgery,42,35,0.8333,4,4,9,9,1
2022-02-08,Internal Medicine,64,57,0.8906,6,6,13,13,7
2022-02-08,Neurology,36,27,0.75,4,4,8,8,9
2022-02-08,Obstetrics,40,28,0.7,4,4,8,8,2
2022-02-08,Oncology,38,34,0.8947,4,4,8,8,2
2022-02-08,Orthopedics,48,40,0.8333,5,4,10,10,4
2022-02-08,Urology,30,23,0.7667,3,3,6,6,3
2022-02-09,Cardiology,44,36,0.8182,4,4,9,9,9
2022-02-09,General Surgery,42,35,0.8333,4,4,9,9,4
2022-02-09,Internal Medicine,64,58,0.9062,6,6,13,12,11
2022-02-09,Neurology,36,27,0.75,4,4,8,8,7
2022-02-09,Obstetrics,40,28,0.7,4,4,8,8,6
2022-02-09,Oncology,38,36,0.9474,4,4,8,8,5
2022-02-09,Orthopedics,48,39,0.8125,5,5,10,10,7
2022-02-09,Urology,30,23,0.7667,3,3,6,6,3
2022-02-10,Cardiology,44,39,0.8864,4,4,9,9,4
2022-02-10,General Surgery,42,33,0.7857,4,4,9,9,7
2022-02-10,Internal Medicine,64,56,0.875,6,6,13,13,7
2022-02-10,Neurology,36,30,0.8333,4,4,8,8,4
2022-02-10,Obstetrics,40,30,0.75,4,4,8,8,5
2022-02-10,Oncology,38,34,0.8947,4,4,8,7,6
2022-02-10,Orthopedics,48,40,0.8333,5,5,10,10,13
2022-02-10,Urology,30,25,0.8333,3,3,6,5,4
2022-02-11,Cardiology,44,38,0.8636,4,4,9,9,5
2022-02-11,General Surgery,42,34,0.8095,4,4,9,9,4
2022-02-11,Internal Medicine,64,63,0.9844,6,5,13,13,9
2022-02-11,Neurology,36,29,0.8056,4,4,8,8,7
2022-02-11,Obstetrics,40,30,0.75,4,4,8,8,5
2022-02-11,Oncology,38,33,0.8684,4,4,8,8,9
2022-02-11,Orthopedics,48,39,0.8125,5,5,10,10,4
2022-02-11,Urology,30,22,0.7333,3,3,6,6,11
2022-02-12,Cardiology,44,37,0.8409,4,3,9,9,3
2022-02-12,General Surgery,42,34,0.8095,4,4,9,8,4
2022-02-12,Internal Medicine,64,51,0.7969,6,6,13,13,6
2022-02-12,Neurology,36,27,0.75,4,4,8,7,4
2022-02-12,Obstetrics,40,28,0.7,4,4,8,8,8
2022-02-12,Oncology,38,31,0.8158,4,4,8,8,3
2022-02-12,Orthopedics,48,35,0.7292,5,5,10,10,7
2022-02-12,Urology,30,23,0.7667,3,3,6,5,4
2022-02-13,Cardiology,44,35,0.7955,4,4,9,9,3
2022-02-13,General Surgery,42,34,0.8095,4,4,9,8,6
2022-02-13,Internal Medicine,64,62,0.9688,6,6,13,13,6
2022-02-13,Neurology,36,26,0.7222,4,4,8,8,10
2022-02-13,Obstetrics,40,28,0.7,4,4,8,8,7
2022-02-13,Oncology,38,30,0.7895,4,4,8,8,5
2022-02-13,Orthopedics,48,38,0.7917,5,5,10,10,5
2022-02-13,Urology,30,23,0.7667,3,3,6,6,6
2022-02-14,Cardiology,44,40,0.9091,4,4,9,9,8
2022-02-14,General Surgery,42,34,0.8095,4,4,9,9,10
2022-02-14,Internal Medicine,64,59,0.9219,6,6,13,13,7
2022-02-14,Neurology,36,29,0.8056,4,3,8,8,8
2022-02-14,Obstetrics,40,30,0.75,4,4,8,8,5
2022-02-14,Oncology,38,32,0.8421,4,4,8,8,3
2022-02-14,Orthopedics,48,35,0.7292,5,5,10,10,3
2022-02-14,Urology,30,26,0.8667,3,3,6,5,4
2022-02-15,Cardiology,44,38,0.8636,4,4,9,8,4
2022-02-15,General Surgery,42,35,0.8333,4,4,9,9,6
2022-02-15,Internal Medicine,64,61,0.9531,6,6,13,13,8
2022-02-15,Neurology,36,31,0.8611,4,4,8,8,10
2022-02-15,Obstetrics,40,32,0.8,4,4,8,8,9
2022-02-15,Oncology,38,33,0.8684,4,4,8,8,10
2022-02-15,Orthopedics,48,38,0.7917,5,5,10,10,4
2022-02-15,Urology,30,23,0.7667,3,3,6,6,8
2022-02-16,Cardiology,44,38,0.8636,4,4,9,9,8
2022-02-16,General Surgery,42,37,0.881,4,4,9,9,5
2022-02-16,Internal Medicine,64,61,0.9531,6,6,13,13,6
2022-02-16,Neurology,36,32,0.8889,4,4,8,8,8
2022-02-16,Obstetrics,40,31,0.775,4,4,8,8,10
2022-02-16,Oncology,38,35,0.9211,4,4,8,8,9
2022-02-16,Orthopedics,48,40,0.8333,5,5,10,10,6
2022-02-16,Urology,30,23,0.7667,3,3,6,6,2
2022-02-17,Cardiology,44,38,0.8636,4,4,9,9,10
2022-02-17,General Surgery,42,32,0.7619,4,4,9,9,10
2022-02-17,Internal Medicine,64,59,0.9219,6,6,13,12,2
2022-02-17,Neurology,36,32,0.8889,4,4,8,8,12
2022-02-17,Obstetrics,40,29,0.725,4,4,8,8,8
2022-02-17,Oncology,38,31,0.8158,4,4,8,7,3
2022-02-17,Orthopedics,48,37,0.7708,5,5,10,10,4
2022-02-17,Urology,30,23,0.7667,3,3,6,6,6
2022-02-18,Cardiology,44,39,0.8864,4,3,9,9,11
2022-02-18,General Surgery,42,37,0.881,4,4,9,8,5
2022-02-18,Internal Medicine,64,60,0.9375,6,6,13,13,7
2022-02-18,Neurology,36,28,0.7778,4,4,8,8,4
2022-02-18,Obstetrics,40,28,0.7,4,3,8,8,2
2022-02-18,Oncology,38,34,0.8947,4,4,8,8,3
2022-02-18,Orthopedics,48,37,0.7708,5,5,10,10,8
2022-02-18,Urology,30,24,0.8,3,3,6,6,4
2022-02-19,Cardiology,44,37,0.8409,4,4,9,9,7
2022-02-19,General Surgery,42,37,0.881,4,4,9,9,8
2022-02-19,Internal Medicine,64,51,0.7969,6,6,13,12,5
2022-02-19,Neurology,36,29,0.8056,4,4,8,8,3
2022-02-19,Obstetrics,40,30,0.75,4,4,8,8,1
2022-02-19,Oncology,38,32,0.8421,4,4,8,8,7
2022-02-19,Orthopedics,48,34,0.7083,5,5,10,10,5
2022-02-19,Urology,30,22,0.7333,3,3,6,5,10
2022-02-20,Cardiology,44,33,0.75,4,4,9,9,6
2022-02-20,General Surgery,42,34,0.8095,4,4,9,9,9
2022-02-20,Internal Medicine,64,59,0.9219,6,5,13,13,8
2022-02-20,Neurology,36,28,0.7778,4,4,8,8,7
2022-02-20,Obstetrics,40,26,0.65,4,4,8,8,3
2022-02-20,Oncology,38,36,0.9474,4,4,8,8,11
2022-02-20,Orthopedics,48,37,0.7708,5,4,10,10,5
2022-02-20,Urology,30,22,0.7333,3,3,6,6,3
2022-02-21,Cardiology,44,36,0.8182,4,4,9,9,3
2022-02-21,General Surgery,42,37,0.881,4,4,9,9,7
2022-02-21,Internal Medicine,64,56,0.875,6,6,13,13,9
2022-02-21,Neurology,36,26,0.7222,4,4,8,7,5
2022-02-21,Obstetrics,40,29,0.725,4,4,8,8,4
2022-02-21,Oncology,38,31,0.8158,4,4,8,8,10
2022-02-21,Orthopedics,48,39,0.8125,5,5,10,9,8
2022-02-21,Urology,30,24,0.8,3,3,6,6,4
2022-02-22,Cardiology,44,38,0.8636,4,4,9,9,9
2022-02-22,General Surgery,42,34,0.8095,4,4,9,9,13
2022-02-22,Internal Medicine,64,54,0.8438,6,6,13,13,9
2022-02-22,Neurology,36,26,0.7222,4,4,8,8,5
2022-02-22,Obstetrics,40,31,0.775,4,4,8,8,4
2022-02-22,Oncology,38,33,0.8684,4,4,8,8,5
2022-02-22,Orthopedics,48,41,0.8542,5,5,10,10,7
2022-02-22,Urology,30,22,0.7333,3,2,6,6,6
2022-02-23,Cardiology,44,36,0.8182,4,4,9,9,7
2022-02-23,General Surgery,42,31,0.7381,4,4,9,9,7
2022-02-23,Internal Medicine,64,61,0.9531,6,6,13,13,8
2022-02-23,Neurology,36,30,0.8333,4,4,8,8,5
2022-02-23,Obstetrics,40,30,0.75,4,4,8,8,3
2022-02-23,Oncology,38,34,0.8947,4,4,8,8,9
2022-02-23,Orthopedics,48,38,0.7917,5,5,10,10,8
2022-02-23,Urology,30,23,0.7667,3,3,6,6,4
2022-02-24,Cardiology,44,34,0.7727,4,4,9,9,6
2022-02-24,General Surgery,42,32,0.7619,4,4,9,9,12
2022-02-24,Internal Medicine,64,58,0.9062,6,6,13,12,4
2022-02-24,Neurology,36,30,0.8333,4,4,8,8,10
2022-02-24,Obstetrics,40,31,0.775,4,4,8,8,10
2022-02-24,Oncology,38,31,0.8158,4,4,8,8,4
2022-02-24,Orthopedics,48,38,0.7917,5,5,10,10,3
2022-02-24,Urology,30,23,0.7667,3,3,6,6,7
2022-02-25,Cardiology,44,39,0.8864,4,4,9,9,7
2022-02-25,General Surgery,42,33,0.7857,4,4,9,9,10
2022-02-25,Internal Medicine,64,62,0.9688,6,6,13,13,13
2022-02-25,Neurology,36,29,0.8056,4,4,8,8,4
2022-02-25,Obstetrics,40,31,0.775,4,4,8,8,7
2022-02-25,Oncology,38,35,0.9211,4,4,8,7,5
2022-02-25,Orthopedics,48,40,0.8333,5,5,10,10,7
2022-02-25,Urology,30,24,0.8,3,3,6,6,5
2022-02-26,Cardiology,44,35,0.7955,4,4,9,9,10
2022-02-26,General Surgery,42,32,0.7619,4,4,9,9,6
2022-02-26,Internal Medicine,64,53,0.8281,6,5,13,13,5
2022-02-26,Neurology,36,26,0.7222,4,4,8,8,5
2022-02-26,Obstetrics,40,26,0.65,4,4,8,8,3
2022-02-26,Oncology,38,29,0.7632,4,4,8,8,4
2022-02-26,Orthopedics,48,37,0.7708,5,5,10,10,0
2022-02-26,Urology,30,22,0.7333,3,3,6,6,8
2022-02-27,Cardiology,44,35,0.7955,4,4,9,9,7
2022-02-27,General Surgery,42,33,0.7857,4,3,9,9,6
2022-02-27,Internal Medicine,64,54,0.8438,6,6,13,13,3
2022-02-27,Neurology,36,23,0.6389,4,4,8,8,2
2022-02-27,Obstetrics,40,30,0.75,4,4,8,8,3
2022-02-27,Oncology,38,31,0.8158,4,4,8,8,5
2022-02-27,Orthopedics,48,32,0.6667,5,5,10,10,8
2022-02-27,Urology,30,21,0.7,3,3,6,6,3
2022-02-28,Cardiology,44,38,0.8636,4,4,9,9,7
2022-02-28,General Surgery,42,38,0.9048,4,4,9,8,4
2022-02-28,Internal Medicine,64,56,0.875,6,6,13,13,13
2022-02-28,Neurology,36,27,0.75,4,4,8,8,9
2022-02-28,Obstetrics,40,29,0.725,4,4,8,7,6
2022-02-28,Oncology,38,31,0.8158,4,4,8,8,4
2022-02-28,Orthopedics,48,37,0.7708,5,5,10,10,8
2022-02-28,Urology,30,22,0.7333,3,3,6,6,2
2022-03-01,Cardiology,44,36,0.8182,4,3,9,9,4
2022-03-01,General Surgery,42,34,0.8095,4,4,9,9,8
2022-03-01,Internal Medicine,64,59,0.9219,6,6,13,13,10
2022-03-01,Neurology,36,27,0.75,4,4,8,8,12
2022-03-01,Obstetrics,40,29,0.725,4,4,8,7,7
2022-03-01,Oncology,38,31,0.8158,4,4,8,8,5
2022-03-01,Orthopedics,48,39,0.8125,5,5,10,10,5
2022-03-01,Urology,30,26,0.8667,3,3,6,6,5
2022-03-02,Cardiology,44,40,0.9091,4,4,9,8,6
2022-03-02,General Surgery,42,36,0.8571,4,4,9,9,16
2022-03-02,Internal Medicine,64,53,0.8281,6,6,13,12,3
2022-03-02,Neurology,36,27,0.75,4,4,8,8,6
2022-03-02,Obstetrics,40,25,0.625,4,4,8,8,7
2022-03-02,Oncology,38,30,0.7895,4,4,8,7,3
2022-03-02,Orthopedics,48,35,0.7292,5,5,10,10,11
2022-03-02,Urology,30,23,0.7667,3,3,6,6,8
2022-03-03,Cardiology,44,36,0.8182,4,4,9,9,7
2022-03-03,General Surgery,42,32,0.7619,4,4,9,8,4
2022-03-03,Internal Medicine,64,53,0.8281,6,6,13,13,4
2022-03-03,Neurology,36,31,0.8611,4,4,8,7,7
2022-03-03,Obstetrics,40,27,0.675,4,4,8,8,4
2022-03-03,Oncology,38,33,0.8684,4,4,8,8,3
2022-03-03,Orthopedics,48,37,0.7708,5,5,10,10,7
2022-03-03,Urology,30,23,0.7667,3,3,6,6,9
2022-03-04,Cardiology,44,36,0.8182,4,4,9,9,12
2022-03-04,General Surgery,42,34,0.8095,4,4,9,9,9
2022-03-04,Internal Medicine,64,57,0.8906,6,5,13,13,13
2022-03-04,Neurology,36,28,0.7778,4,4,8,7,10
2022-03-04,Obstetrics,40,28,0.7,4,4,8,8,1
2022-03-04,Oncology,38,33,0.8684,4,4,8,8,6
2022-03-04,Orthopedics,48,36,0.75,5,5,10,10,3
2022-03-04,Urology,30,21,0.7,3,3,6,6,8
2022-03-05,Cardiology,44,36,0.8182,4,4,9,9,7
2022-03-05,General Surgery,42,33,0.7857,4,4,9,9,7
2022-03-05,Internal Medicine,64,56,0.875,6,6,13,13,9
2022-03-05,Neurology,36,30,0.8333,4,4,8,8,5
2022-03-05,Obstetrics,40,26,0.65,4,4,8,8,2
2022-03-05,Oncology,38,32,0.8421,4,4,8,8,7
2022-03-05,Orthopedics,48,35,0.7292,5,5,10,10,3
2022-03-05,Urology,30,20,0.6667,3,2,6,6,5
2022-03-06,Cardiology,44,35,0.7955,4,4,9,8,10
2022-03-06,General Surgery,42,35,0.8333,4,4,9,8,6
2022-03-06,Internal Medicine,64,54,0.8438,6,6,13,13,8
2022-03-06,Neurology,36,30,0.8333,4,4,8,8,3
2022-03-06,Obstetrics,40,25,0.625,4,4,8,8,3
2022-03-06,Oncology,38,33,0.8684,4,4,8,8,5
2022-03-06,Orthopedics,48,39,0.8125,5,5,10,10,3
2022-03-06,Urology,30,19,0.6333,3,3,6,6,10
2022-03-07,Cardiology,44,40,0.9091,4,4,9,8,11
2022-03-07,General Surgery,42,35,0.8333,4,3,9,9,5
2022-03-07,Internal Medicine,64,53,0.8281,6,6,13,13,8
2022-03-07,Neurology,36,27,0.75,4,4,8,7,9
2022-03-07,Obstetrics,40,30,0.75,4,4,8,8,7
2022-03-07,Oncology,38,33,0.8684,4,4,8,8,10
2022-03-07,Orthopedics,48,38,0.7917,5,5,10,10,7
2022-03-07,Urology,30,24,0.8,3,2,6,6,6
2022-03-08,Cardiology,44,35,0.7955,4,4,9,9,8
2022-03-08,General Surgery,42,32,0.7619,4,4,9,9,8
2022-03-08,Internal Medicine,64,56,0.875,6,6,13,12,7
2022-03-08,Neurology,36,29,0.8056,4,4,8,8,14
2022-03-08,Obstetrics,40,29,0.725,4,4,8,8,5
2022-03-08,Oncology,38,32,0.8421,4,4,8,8,6
2022-03-08,Orthopedics,48,40,0.8333,5,5,10,10,5
2022-03-08,Urology,30,22,0.7333,3,3,6,5,7
2022-03-09,Cardiology,44,36,0.8182,4,4,9,8,5
2022-03-09,General Surgery,42,36,0.8571,4,3,9,8,9
2022-03-09,Internal Medicine,64,54,0.8438,6,6,13,12,9
2022-03-09,Neurology,36,27,0.75,4,4,8,8,5
2022-03-09,Obstetrics,40,28,0.7,4,4,8,8,3
2022-03-09,Oncology,38,33,0.8684,4,4,8,8,8
2022-03-09,Orthopedics,48,36,0.75,5,5,10,10,4
2022-03-09,Urology,30,22,0.7333,3,3,6,6,7
2022-03-10,Cardiology,44,37,0.8409,4,4,9,9,5
2022-03-10,General Surgery,42,35,0.8333,4,4,9,9,7
2022-03-10,Internal Medicine,64,58,0.9062,6,6,13,13,4
2022-03-10,Neurology,36,26,0.7222,4,4,8,8,7
2022-03-10,Obstetrics,40,28,0.7,4,4,8,8,2
2022-03-10,Oncology,38,32,0.8421,4,4,8,8,6
2022-03-10,Orthopedics,48,36,0.75,5,5,10,10,5
2022-03-10,Urology,30,24,0.8,3,3,6,6,4
2022-03-11,Cardiology,44,37,0.8409,4,4,9,8,12
2022-03-11,General Surgery,42,31,0.7381,4,4,9,9,5
2022-03-11,Internal Medicine,64,62,0.9688,6,6,13,12,5
2022-03-11,Neurology,36,28,0.7778,4,4,8,8,3
2022-03-11,Obstetrics,40,29,0.725,4,4,8,8,6
2022-03-11,Oncology,38,29,0.7632,4,4,8,8,5
2022-03-11,Orthopedics,48,36,0.75,5,5,10,10,4
2022-03-11,Urology,30,24,0.8,3,3,6,6,4
2022-03-12,Cardiology,44,34,0.7727,4,4,9,9,9
2022-03-12,General Surgery,42,35,0.8333,4,4,9,8,9
2022-03-12,Internal Medicine,64,52,0.8125,6,6,13,13,7
2022-03-12,Neurology,36,28,0.7778,4,4,8,8,6
2022-03-12,Obstetrics,40,23,0.575,4,4,8,8,3
2022-03-12,Oncology,38,31,0.8158,4,4,8,8,5
2022-03-12,Orthopedics,48,35,0.7292,5,4,10,10,5
2022-03-12,Urology,30,20,0.6667,3,3,6,6,9
2022-03-13,Cardiology,44,38,0.8636,4,4,9,9,7
2022-03-13,General Surgery,42,33,0.7857,4,4,9,9,6
2022-03-13,Internal Medicine,64,57,0.8906,6,6,13,13,7
2022-03-13,Neurology,36,25,0.6944,4,4,8,7,7
2022-03-13,Obstetrics,40,27,0.675,4,4,8,8,5
2022-03-13,Oncology,38,29,0.7632,4,4,8,8,7
2022-03-13,Orthopedics,48,36,0.75,5,5,10,10,3
2022-03-13,Urology,30,22,0.7333,3,3,6,6,3
2022-03-14,Cardiology,44,40,0.9091,4,4,9,9,8
2022-03-14,General Surgery,42,31,0.7381,4,4,9,9,6
2022-03-14,Internal Medicine,64,57,0.8906,6,6,13,13,3
2022-03-14,Neurology,36,28,0.7778,4,4,8,8,6
2022-03-14,Obstetrics,40,31,0.775,4,3,8,8,4
2022-03-14,Oncology,38,30,0.7895,4,3,8,8,5
2022-03-14,Orthopedics,48,37,0.7708,5,5,10,10,9
2022-03-14,Urology,30,24,0.8,3,3,6,6,5
2022-03-15,Cardiology,44,39,0.8864,4,4,9,9,7
2022-03-15,General Surgery,42,33,0.7857,4,4,9,8,5
2022-03-15,Internal Medicine,64,59,0.9219,6,6,13,13,6
2022-03-15,Neurology,36,27,0.75,4,4,8,8,3
2022-03-15,Obstetrics,40,28,0.7,4,4,8,7,3
2022-03-15,Oncology,38,33,0.8684,4,4,8,8,10
2022-03-15,Orthopedics,48,36,0.75,5,5,10,10,5
2022-03-15,Urology,30,22,0.7333,3,3,6,6,5
2022-03-16,Cardiology,44,38,0.8636,4,4,9,9,7
2022-03-16,General Surgery,42,32,0.7619,4,4,9,9,8
2022-03-16,Internal Medicine,64,57,0.8906,6,6,13,13,15
2022-03-16,Neurology,36,31,0.8611,4,4,8,8,4
2022-03-16,Obstetrics,40,31,0.775,4,4,8,8,6
2022-03-16,Oncology,38,33,0.8684,4,4,8,8,7
2022-03-16,Orthopedics,48,37,0.7708,5,5,10,10,2
2022-03-16,Urology,30,24,0.8,3,3,6,6,4
2022-03-17,Cardiology,44,32,0.7273,4,4,9,9,9
2022-03-17,General Surgery,42,34,0.8095,4,4,9,9,14
2022-03-17,Internal Medicine,64,54,0.8438,6,6,13,13,3
2022-03-17,Neurology,36,29,0.8056,4,4,8,8,8
2022-03-17,Obstetrics,40,29,0.725,4,4,8,8,4
2022-03-17,Oncology,38,34,0.8947,4,4,8,8,3
2022-03-17,Orthopedics,48,38,0.7917,5,4,10,10,7
2022-03-17,Urology,30,22,0.7333,3,3,6,6,5
2022-03-18,Cardiology,44,39,0.8864,4,4,9,9,12
2022-03-18,General Surgery,42,33,0.7857,4,4,9,9,12
2022-03-18,Internal Medicine,64,56,0.875,6,6,13,13,5
2022-03-18,Neurology,36,28,0.7778,4,4,8,8,5
2022-03-18,Obstetrics,40,32,0.8,4,4,8,8,9
2022-03-18,Oncology,38,34,0.8947,4,4,8,8,9
2022-03-18,Orthopedics,48,35,0.7292,5,5,10,10,4
2022-03-18,Urology,30,23,0.7667,3,3,6,6,6
2022-03-19,Cardiology,44,39,0.8864,4,4,9,9,8
2022-03-19,General Surgery,42,32,0.7619,4,4,9,9,8
2022-03-19,Internal Medicine,64,51,0.7969,6,6,13,13,9
2022-03-19,Neurology,36,27,0.75,4,4,8,8,6
2022-03-19,Obstetrics,40,29,0.725,4,4,8,7,5
2022-03-19,Oncology,38,30,0.7895,4,4,8,8,4
2022-03-19,Orthopedics,48,34,0.7083,5,4,10,10,7
2022-03-19,Urology,30,21,0.7,3,3,6,6,6
2022-03-20,Cardiology,44,34,0.7727,4,4,9,9,3
2022-03-20,General Surgery,42,31,0.7381,4,4,9,9,8
2022-03-20,Internal Medicine,64,57,0.8906,6,6,13,13,3
2022-03-20,Neurology,36,24,0.6667,4,4,8,8,8
2022-03-20,Obstetrics,40,27,0.675,4,4,8,8,5
2022-03-20,Oncology,38,29,0.7632,4,4,8,8,2
2022-03-20,Orthopedics,48,31,0.6458,5,5,10,10,3
2022-03-20,Urology,30,19,0.6333,3,3,6,5,2
2022-03-21,Cardiology,44,38,0.8636,4,3,9,9,8
2022-03-21,General Surgery,42,34,0.8095,4,4,9,9,6
2022-03-21,Internal Medicine,64,55,0.8594,6,6,13,12,10
2022-03-21,Neurology,36,32,0.8889,4,4,8,8,8
2022-03-21,Obstetrics,40,27,0.675,4,4,8,8,4
2022-03-21,Oncology,38,31,0.8158,4,4,8,8,0
2022-03-21,Orthopedics,48,38,0.7917,5,5,10,10,3
2022-03-21,Urology,30,25,0.8333,3,3,6,6,6
2022-03-22,Cardiology,44,38,0.8636,4,4,9,9,4
2022-03-22,General Surgery,42,33,0.7857,4,4,9,9,6
2022-03-22,Internal Medicine,64,56,0.875,6,6,13,13,4
2022-03-22,Neurology,36,30,0.8333,4,4,8,8,8
2022-03-22,Obstetrics,40,30,0.75,4,4,8,8,5
2022-03-22,Oncology,38,31,0.8158,4,4,8,7,5
2022-03-22,Orthopedics,48,37,0.7708,5,5,10,10,8
2022-03-22,Urology,30,22,0.7333,3,2,6,6,4
2022-03-23,Cardiology,44,35,0.7955,4,4,9,9,10
2022-03-23,General Surgery,42,32,0.7619,4,4,9,9,7
2022-03-23,Internal Medicine,64,59,0.9219,6,6,13,13,5
2022-03-23,Neurology,36,29,0.8056,4,4,8,8,3
2022-03-23,Obstetrics,40,32,0.8,4,4,8,8,6
2022-03-23,Oncology,38,33,0.8684,4,4,8,8,9
2022-03-23,Orthopedics,48,39,0.8125,5,5,10,10,3
2022-03-23,Urology,30,22,0.7333,3,3,6,6,6
2022-03-24,Cardiology,44,38,0.8636,4,4,9,9,3
2022-03-24,General Surgery,42,32,0.7619,4,4,9,9,8
2022-03-24,Internal Medicine,64,53,0.8281,6,6,13,13,7
2022-03-24,Neurology,36,29,0.8056,4,4,8,8,5
2022-03-24,Obstetrics,40,29,0.725,4,4,8,7,2
2022-03-24,Oncology,38,33,0.8684,4,4,8,8,6
2022-03-24,Orthopedics,48,35,0.7292,5,5,10,10,3
2022-03-24,Urology,30,21,0.7,3,3,6,6,8
2022-03-25,Cardiology,44,39,0.8864,4,4,9,9,6
2022-03-25,General Surgery,42,35,0.8333,4,4,9,9,8
2022-03-25,Internal Medicine,64,55,0.8594,6,6,13,13,7
2022-03-25,Neurology,36,28,0.7778,4,4,8,8,7
2022-03-25,Obstetrics,40,30,0.75,4,4,8,7,4
2022-03-25,Oncology,38,32,0.8421,4,4,8,8,6
2022-03-25,Orthopedics,48,38,0.7917,5,5,10,10,3
2022-03-25,Urology,30,22,0.7333,3,3,6,6,10
2022-03-26,Cardiology,44,38,0.8636,4,4,9,9,6
2022-03-26,General Surgery,42,31,0.7381,4,4,9,9,5
2022-03-26,Internal Medicine,64,54,0.8438,6,6,13,13,5
2022-03-26,Neurology,36,28,0.7778,4,4,8,8,3
2022-03-26,Obstetrics,40,26,0.65,4,4,8,7,3
2022-03-26,Oncology,38,32,0.8421,4,4,8,8,5
2022-03-26,Orthopedics,48,33,0.6875,5,5,10,10,7
2022-03-26,Urology,30,21,0.7,3,3,6,6,7
2022-03-27,Cardiology,44,35,0.7955,4,4,9,9,3
2022-03-27,General Surgery,42,32,0.7619,4,4,9,9,15
2022-03-27,Internal Medicine,64,54,0.8438,6,6,13,13,5
2022-03-27,Neurology,36,26,0.7222,4,4,8,8,10
2022-03-27,Obstetrics,40,27,0.675,4,4,8,8,9
2022-03-27,Oncology,38,30,0.7895,4,4,8,8,6
2022-03-27,Orthopedics,48,36,0.75,5,5,10,10,9
2022-03-27,Urology,30,21,0.7,3,3,6,6,8
2022-03-28,Cardiology,44,38,0.8636,4,3,9,9,8
2022-03-28,General Surgery,42,34,0.8095,4,4,9,9,5
2022-03-28,Internal Medicine,64,55,0.8594,6,5,13,13,14
2022-03-28,Neurology,36,27,0.75,4,4,8,8,6
2022-03-28,Obstetrics,40,29,0.725,4,3,8,8,6
2022-03-28,Oncology,38,31,0.8158,4,4,8,7,5
2022-03-28,Orthopedics,48,39,0.8125,5,5,10,10,7
2022-03-28,Urology,30,24,0.8,3,3,6,6,4
2022-03-29,Cardiology,44,36,0.8182,4,4,9,9,8
2022-03-29,General Surgery,42,31,0.7381,4,4,9,8,3
2022-03-29,Internal Medicine,64,53,0.8281,6,5,13,13,12
2022-03-29,Neurology,36,28,0.7778,4,4,8,8,5
2022-03-29,Obstetrics,40,30,0.75,4,4,8,8,7
2022-03-29,Oncology,38,32,0.8421,4,3,8,8,1
2022-03-29,Orthopedics,48,39,0.8125,5,5,10,10,5
2022-03-29,Urology,30,22,0.7333,3,2,6,6,6
2022-03-30,Cardiology,44,37,0.8409,4,4,9,9,7
2022-03-30,General Surgery,42,34,0.8095,4,4,9,9,6
2022-03-30,Internal Medicine,64,55,0.8594,6,6,13,13,4
2022-03-30,Neurology,36,28,0.7778,4,3,8,8,11
2022-03-30,Obstetrics,40,29,0.725,4,4,8,8,6
2022-03-30,Oncology,38,29,0.7632,4,4,8,8,8
2022-03-30,Orthopedics,48,38,0.7917,5,5,10,10,5
2022-03-30,Urology,30,24,0.8,3,3,6,6,11
2022-03-31,Cardiology,44,35,0.7955,4,4,9,9,8
2022-03-31,General Surgery,42,32,0.7619,4,4,9,9,6
2022-03-31,Internal Medicine,64,59,0.9219,6,6,13,13,9
2022-03-31,Neurology,36,29,0.8056,4,4,8,8,7
2022-03-31,Obstetrics,40,28,0.7,4,4,8,8,4
2022-03-31,Oncology,38,33,0.8684,4,4,8,8,5
2022-03-31,Orthopedics,48,40,0.8333,5,5,10,10,5
2022-03-31,Urology,30,24,0.8,3,3,6,6,6
2022-04-01,Cardiology,44,35,0.7955,4,4,9,9,8
2022-04-01,General Surgery,42,36,0.8571,4,4,9,8,8
2022-04-01,Internal Medicine,64,54,0.8438,6,6,13,13,7
2022-04-01,Neurology,36,32,0.8889,4,4,8,7,5
2022-04-01,Obstetrics,40,30,0.75,4,4,8,7,7
2022-04-01,Oncology,38,32,0.8421,4,4,8,8,5
2022-04-01,Orthopedics,48,35,0.7292,5,5,10,10,6
2022-04-01,Urology,30,24,0.8,3,3,6,6,5
2022-04-02,Cardiology,44,32,0.7273,4,4,9,9,7
2022-04-02,General Surgery,42,35,0.8333,4,4,9,8,11
2022-04-02,Internal Medicine,64,53,0.8281,6,6,13,13,5
2022-04-02,Neurology,36,26,0.7222,4,4,8,8,6
2022-04-02,Obstetrics,40,25,0.625,4,4,8,8,6
2022-04-02,Oncology,38,31,0.8158,4,4,8,8,4
2022-04-02,Orthopedics,48,38,0.7917,5,5,10,9,4
2022-04-02,Urology,30,20,0.6667,3,3,6,6,4
2022-04-03,Cardiology,44,35,0.7955,4,4,9,9,7
2022-04-03,General Surgery,42,29,0.6905,4,4,9,9,1
2022-04-03,Internal Medicine,64,55,0.8594,6,6,13,13,9
2022-04-03,Neurology,36,27,0.75,4,4,8,7,9
2022-04-03,Obstetrics,40,27,0.675,4,4,8,8,3
2022-04-03,Oncology,38,27,0.7105,4,4,8,8,4
2022-04-03,Orthopedics,48,33,0.6875,5,5,10,10,0
2022-04-03,Urology,30,23,0.7667,3,3,6,6,4
2022-04-04,Cardiology,44,37,0.8409,4,4,9,8,6
2022-04-04,General Surgery,42,33,0.7857,4,3,9,9,7
2022-04-04,Internal Medicine,64,53,0.8281,6,6,13,13,9
2022-04-04,Neurology,36,33,0.9167,4,4,8,8,6
2022-04-04,Obstetrics,40,31,0.775,4,3,8,8,12
2022-04-04,Oncology,38,33,0.8684,4,4,8,8,5
2022-04-04,Orthopedics,48,40,0.8333,5,5,10,10,5
2022-04-04,Urology,30,24,0.8,3,3,6,5,7
2022-04-05,Cardiology,44,35,0.7955,4,4,9,8,6
2022-04-05,General Surgery,42,33,0.7857,4,4,9,9,20
2022-04-05,Internal Medicine,64,56,0.875,6,6,13,13,5
2022-04-05,Neurology,36,29,0.8056,4,4,8,8,9
2022-04-05,Obstetrics,40,28,0.7,4,4,8,8,5
2022-04-05,Oncology,38,33,0.8684,4,4,8,8,8
2022-04-05,Orthopedics,48,40,0.8333,5,5,10,10,3
2022-04-05,Urology,30,24,0.8,3,3,6,6,4
2022-04-06,Cardiology,44,33,0.75,4,3,9,9,5
2022-04-06,General Surgery,42,31,0.7381,4,4,9,9,12
2022-04-06,Internal Medicine,64,62,0.9688,6,6,13,12,9
2022-04-06,Neurology,36,29,0.8056,4,4,8,8,6
2022-04-06,Obstetrics,40,31,0.775,4,4,8,7,9
2022-04-06,Oncology,38,33,0.8684,4,4,8,8,3
2022-04-06,Orthopedics,48,38,0.7917,5,5,10,10,10
2022-04-06,Urology,30,20,0.6667,3,3,6,5,5
2022-04-07,Cardiology,44,34,0.7727,4,4,9,9,6
2022-04-07,General Surgery,42,32,0.7619,4,4,9,9,8
2022-04-07,Internal Medicine,64,50,0.7812,6,6,13,13,4
2022-04-07,Neurology,36,28,0.7778,4,4,8,8,4
2022-04-07,Obstetrics,40,28,0.7,4,4,8,8,1
2022-04-07,Oncology,38,30,0.7895,4,4,8,8,5
2022-04-07,Orthopedics,48,36,0.75,5,5,10,10,2
2022-04-07,Urology,30,21,0.7,3,3,6,6,3
2022-04-08,Cardiology,44,31,0.7045,4,4,9,8,7
2022-04-08,General Surgery,42,37,0.881,4,4,9,9,5
2022-04-08,Internal Medicine,64,54,0.8438,6,6,13,13,4
2022-04-08,Neurology,36,29,0.8056,4,4,8,8,7
2022-04-08,Obstetrics,40,30,0.75,4,4,8,8,4
2022-04-08,Oncology,38,33,0.8684,4,4,8,8,2
2022-04-08,Orthopedics,48,35,0.7292,5,5,10,10,1
2022-04-08,Urology,30,21,0.7,3,3,6,6,6
2022-04-09,Cardiology,44,35,0.7955,4,4,9,9,9
2022-04-09,General Surgery,42,34,0.8095,4,4,9,9,9
2022-04-09,Internal Medicine,64,49,0.7656,6,6,13,13,7
2022-04-09,Neurology,36,27,0.75,4,4,8,8,7
2022-04-09,Obstetrics,40,25,0.625,4,4,8,8,3
2022-04-09,Oncology,38,29,0.7632,4,4,8,8,5
2022-04-09,Orthopedics,48,34,0.7083,5,5,10,9,9
2022-04-09,Urology,30,19,0.6333,3,3,6,5,8
2022-04-10,Cardiology,44,32,0.7273,4,3,9,9,3
2022-04-10,General Surgery,42,33,0.7857,4,4,9,9,3
2022-04-10,Internal Medicine,64,55,0.8594,6,6,13,13,10
2022-04-10,Neurology,36,27,0.75,4,4,8,8,7
2022-04-10,Obstetrics,40,31,0.775,4,4,8,8,8
2022-04-10,Oncology,38,26,0.6842,4,4,8,8,4
2022-04-10,Orthopedics,48,35,0.7292,5,5,10,10,9
2022-04-10,Urology,30,21,0.7,3,3,6,6,6
2022-04-11,Cardiology,44,38,0.8636,4,4,9,9,6
2022-04-11,General Surgery,42,35,0.8333,4,4,9,9,9
2022-04-11,Internal Medicine,64,52,0.8125,6,5,13,13,6
2022-04-11,Neurology,36,25,0.6944,4,4,8,7,6
2022-04-11,Obstetrics,40,29,0.725,4,4,8,8,11
2022-04-11,Oncology,38,32,0.8421,4,4,8,8,3
2022-04-11,Orthopedics,48,40,0.8333,5,5,10,10,7
2022-04-11,Urology,30,22,0.7333,3,3,6,6,5
2022-04-12,Cardiology,44,34,0.7727,4,4,9,9,10
2022-04-12,General Surgery,42,37,0.881,4,4,9,9,11
2022-04-12,Internal Medicine,64,50,0.7812,6,6,13,13,2
2022-04-12,Neurology,36,26,0.7222,4,4,8,8,10
2022-04-12,Obstetrics,40,29,0.725,4,4,8,8,8
2022-04-12,Oncology,38,31,0.8158,4,4,8,8,6
2022-04-12,Orthopedics,48,34,0.7083,5,4,10,9,6
2022-04-12,Urology,30,25,0.8333,3,3,6,5,2
2022-04-13,Cardiology,44,31,0.7045,4,4,9,8,8
2022-04-13,General Surgery,42,32,0.7619,4,4,9,9,8
2022-04-13,Internal Medicine,64,56,0.875,6,6,13,13,6
2022-04-13,Neurology,36,28,0.7778,4,4,8,8,7
2022-04-13,Obstetrics,40,28,0.7,4,4,8,7,6
2022-04-13,Oncology,38,31,0.8158,4,4,8,8,6
2022-04-13,Orthopedics,48,39,0.8125,5,5,10,10,7
2022-04-13,Urology,30,20,0.6667,3,2,6,6,3
2022-04-14,Cardiology,44,39,0.8864,4,4,9,9,11
2022-04-14,General Surgery,42,33,0.7857,4,4,9,9,8
2022-04-14,Internal Medicine,64,52,0.8125,6,6,13,12,5
2022-04-14,Neurology,36,25,0.6944,4,4,8,8,8
2022-04-14,Obstetrics,40,26,0.65,4,4,8,7,6
2022-04-14,Oncology,38,30,0.7895,4,4,8,7,4
2022-04-14,Orthopedics,48,34,0.7083,5,5,10,10,3
2022-04-14,Urology,30,23,0.7667,3,3,6,6,6
2022-04-15,Cardiology,44,37,0.8409,4,4,9,8,8
2022-04-15,General Surgery,42,32,0.7619,4,4,9,9,5
2022-04-15,Internal Medicine,64,51,0.7969,6,6,13,13,5
2022-04-15,Neurology,36,28,0.7778,4,3,8,8,12
2022-04-15,Obstetrics,40,29,0.725,4,4,8,7,3
2022-04-15,Oncology,38,31,0.8158,4,4,8,8,7
2022-04-15,Orthopedics,48,34,0.7083,5,5,10,10,3
2022-04-15,Urology,30,21,0.7,3,2,6,6,4
2022-04-16,Cardiology,44,32,0.7273,4,3,9,9,5
2022-04-16,General Surgery,42,28,0.6667,4,4,9,9,5
2022-04-16,Internal Medicine,64,50,0.7812,6,6,13,13,7
2022-04-16,Neurology,36,27,0.75,4,4,8,8,8
2022-04-16,Obstetrics,40,26,0.65,4,4,8,8,5
2022-04-16,Oncology,38,32,0.8421,4,4,8,8,10
2022-04-16,Orthopedics,48,34,0.7083,5,5,10,10,7
2022-04-16,Urology,30,19,0.6333,3,3,6,6,6
2022-04-17,Cardiology,44,37,0.8409,4,4,9,9,3
2022-04-17,General Surgery,42,32,0.7619,4,4,9,9,11
2022-04-17,Internal Medicine,64,53,0.8281,6,6,13,13,5
2022-04-17,Neurology,36,29,0.8056,4,4,8,8,10
2022-04-17,Obstetrics,40,30,0.75,4,4,8,8,5
2022-04-17,Oncology,38,31,0.8158,4,4,8,8,4
2022-04-17,Orthopedics,48,35,0.7292,5,5,10,10,2
2022-04-17,Urology,30,21,0.7,3,3,6,6,4
2022-04-18,Cardiology,44,36,0.8182,4,4,9,9,5
2022-04-18,General Surgery,42,33,0.7857,4,4,9,9,7
2022-04-18,Internal Medicine,64,48,0.75,6,6,13,12,6
2022-04-18,Neurology,36,28,0.7778,4,4,8,8,14
2022-04-18,Obstetrics,40,32,0.8,4,4,8,8,6
2022-04-18,Oncology,38,31,0.8158,4,4,8,8,2
2022-04-18,Orthopedics,48,36,0.75,5,5,10,10,5
2022-04-18,Urology,30,21,0.7,3,2,6,6,11
2022-04-19,Cardiology,44,39,0.8864,4,3,9,9,8
2022-04-19,General Surgery,42,33,0.7857,4,4,9,9,3
2022-04-19,Internal Medicine,64,54,0.8438,6,6,13,13,5
2022-04-19,Neurology,36,27,0.75,4,4,8,8,4
2022-04-19,Obstetrics,40,26,0.65,4,4,8,8,13
2022-04-19,Oncology,38,35,0.9211,4,4,8,8,3
2022-04-19,Orthopedics,48,31,0.6458,5,5,10,10,7
2022-04-19,Urology,30,23,0.7667,3,3,6,6,10
2022-04-20,Cardiology,44,35,0.7955,4,4,9,8,8
2022-04-20,General Surgery,42,31,0.7381,4,4,9,9,8
2022-04-20,Internal Medicine,64,50,0.7812,6,6,13,13,9
2022-04-20,Neurology,36,29,0.8056,4,4,8,8,5
2022-04-20,Obstetrics,40,26,0.65,4,4,8,8,5
2022-04-20,Oncology,38,31,0.8158,4,4,8,8,3
2022-04-20,Orthopedics,48,38,0.7917,5,5,10,10,6
2022-04-20,Urology,30,23,0.7667,3,3,6,6,7
2022-04-21,Cardiology,44,36,0.8182,4,3,9,9,8
2022-04-21,General Surgery,42,32,0.7619,4,4,9,9,7
2022-04-21,Internal Medicine,64,58,0.9062,6,5,13,13,6
2022-04-21,Neurology,36,28,0.7778,4,4,8,8,12
2022-04-21,Obstetrics,40,29,0.725,4,4,8,8,9
2022-04-21,Oncology,38,32,0.8421,4,3,8,8,6
2022-04-21,Orthopedics,48,31,0.6458,5,5,10,10,3
2022-04-21,Urology,30,21,0.7,3,3,6,6,4
2022-04-22,Cardiology,44,33,0.75,4,4,9,9,3
2022-04-22,General Surgery,42,30,0.7143,4,4,9,8,2
2022-04-22,Internal Medicine,64,58,0.9062,6,5,13,13,2
2022-04-22,Neurology,36,31,0.8611,4,4,8,8,7
2022-04-22,Obstetrics,40,29,0.725,4,4,8,8,5
2022-04-22,Oncology,38,31,0.8158,4,3,8,8,3
2022-04-22,Orthopedics,48,35,0.7292,5,5,10,10,11
2022-04-22,Urology,30,25,0.8333,3,2,6,6,5
2022-04-23,Cardiology,44,32,0.7273,4,4,9,9,7
2022-04-23,General Surgery,42,31,0.7381,4,4,9,9,5
2022-04-23,Internal Medicine,64,48,0.75,6,6,13,13,5
2022-04-23,Neurology,36,27,0.75,4,4,8,8,5
2022-04-23,Obstetrics,40,27,0.675,4,4,8,8,2
2022-04-23,Oncology,38,31,0.8158,4,4,8,8,0
2022-04-23,Orthopedics,48,33,0.6875,5,5,10,10,5
2022-04-23,Urology,30,21,0.7,3,3,6,5,6
2022-04-24,Cardiology,44,33,0.75,4,3,9,9,9
2022-04-24,General Surgery,42,34,0.8095,4,4,9,9,7
2022-04-24,Internal Medicine,64,45,0.7031,6,6,13,13,5
2022-04-24,Neurology,36,27,0.75,4,4,8,8,8
2022-04-24,Obstetrics,40,25,0.625,4,4,8,8,0
2022-04-24,Oncology,38,31,0.8158,4,4,8,8,5
2022-04-24,Orthopedics,48,35,0.7292,5,5,10,10,7
2022-04-24,Urology,30,19,0.6333,3,3,6,6,5
2022-04-25,Cardiology,44,33,0.75,4,4,9,9,8
2022-04-25,General Surgery,42,34,0.8095,4,4,9,9,2
2022-04-25,Internal Medicine,64,54,0.8438,6,6,13,13,5
2022-04-25,Neurology,36,28,0.7778,4,3,8,8,8
2022-04-25,Obstetrics,40,25,0.625,4,4,8,8,3
2022-04-25,Oncology,38,29,0.7632,4,4,8,8,2
2022-04-25,Orthopedics,48,33,0.6875,5,5,10,10,3
2022-04-25,Urology,30,24,0.8,3,3,6,6,12
2022-04-26,Cardiology,44,35,0.7955,4,4,9,9,10
2022-04-26,General Surgery,42,33,0.7857,4,4,9,9,6
2022-04-26,Internal Medicine,64,54,0.8438,6,6,13,13,6
2022-04-26,Neurology,36,30,0.8333,4,4,8,8,6
2022-04-26,Obstetrics,40,30,0.75,4,3,8,8,4
2022-04-26,Oncology,38,34,0.8947,4,3,8,8,4
2022-04-26,Orthopedics,48,36,0.75,5,5,10,10,3
2022-04-26,Urology,30,23,0.7667,3,3,6,6,3
2022-04-27,Cardiology,44,31,0.7045,4,4,9,9,4
2022-04-27,General Surgery,42,30,0.7143,4,4,9,9,9
2022-04-27,Internal Medicine,64,51,0.7969,6,6,13,13,12
2022-04-27,Neurology,36,32,0.8889,4,4,8,8,13
2022-04-27,Obstetrics,40,27,0.675,4,4,8,8,6
2022-04-27,Oncology,38,30,0.7895,4,4,8,8,9
2022-04-27,Orthopedics,48,37,0.7708,5,5,10,10,3
2022-04-27,Urology,30,22,0.7333,3,3,6,6,4
2022-04-28,Cardiology,44,35,0.7955,4,4,9,9,2
2022-04-28,General Surgery,42,31,0.7381,4,4,9,9,9
2022-04-28,Internal Medicine,64,54,0.8438,6,6,13,13,3
2022-04-28,Neurology,36,30,0.8333,4,4,8,8,9
2022-04-28,Obstetrics,40,30,0.75,4,4,8,7,2
2022-04-28,Oncology,38,31,0.8158,4,4,8,8,9
2022-04-28,Orthopedics,48,43,0.8958,5,5,10,10,7
2022-04-28,Urology,30,22,0.7333,3,2,6,6,2
2022-04-29,Cardiology,44,33,0.75,4,4,9,8,3
2022-04-29,General Surgery,42,33,0.7857,4,4,9,9,8
2022-04-29,Internal Medicine,64,47,0.7344,6,6,13,13,4
2022-04-29,Neurology,36,27,0.75,4,4,8,7,4
2022-04-29,Obstetrics,40,27,0.675,4,4,8,8,5
2022-04-29,Oncology,38,32,0.8421,4,4,8,8,5
2022-04-29,Orthopedics,48,38,0.7917,5,5,10,10,5
2022-04-29,Urology,30,22,0.7333,3,3,6,5,4
2022-04-30,Cardiology,44,32,0.7273,4,4,9,9,5
2022-04-30,General Surgery,42,31,0.7381,4,4,9,9,5
2022-04-30,Internal Medicine,64,46,0.7188,6,6,13,13,5
2022-04-30,Neurology,36,26,0.7222,4,4,8,8,4
2022-04-30,Obstetrics,40,24,0.6,4,4,8,8,4
2022-04-30,Oncology,38,29,0.7632,4,4,8,8,8
2022-04-30,Orthopedics,48,31,0.6458,5,5,10,10,3
2022-04-30,Urology,30,21,0.7,3,3,6,6,4
2022-05-01,Cardiology,44,35,0.7955,4,4,9,9,6
2022-05-01,General Surgery,42,30,0.7143,4,4,9,9,4
2022-05-01,Internal Medicine,64,48,0.75,6,6,13,13,5
2022-05-01,Neurology,36,23,0.6389,4,4,8,8,11
2022-05-01,Obstetrics,40,28,0.7,4,3,8,8,4
2022-05-01,Oncology,38,31,0.8158,4,3,8,8,2
2022-05-01,Orthopedics,48,34,0.7083,5,5,10,10,4
2022-05-01,Urology,30,22,0.7333,3,3,6,5,3
2022-05-02,Cardiology,44,32,0.7273,4,4,9,9,8
2022-05-02,General Surgery,42,36,0.8571,4,4,9,9,5
2022-05-02,Internal Medicine,64,51,0.7969,6,6,13,13,6
2022-05-02,Neurology,36,26,0.7222,4,4,8,8,5
2022-05-02,Obstetrics,40,31,0.775,4,4,8,8,3
2022-05-02,Oncology,38,35,0.9211,4,4,8,8,5
2022-05-02,Orthopedics,48,33,0.6875,5,5,10,10,4
2022-05-02,Urology,30,22,0.7333,3,3,6,6,6
2022-05-03,Cardiology,44,37,0.8409,4,4,9,9,3
2022-05-03,General Surgery,42,32,0.7619,4,4,9,8,6
2022-05-03,Internal Medicine,64,49,0.7656,6,6,13,13,11
2022-05-03,Neurology,36,26,0.7222,4,4,8,8,10
2022-05-03,Obstetrics,40,28,0.7,4,4,8,8,4
2022-05-03,Oncology,38,31,0.8158,4,4,8,8,6
2022-05-03,Orthopedics,48,34,0.7083,5,5,10,10,5
2022-05-03,Urology,30,24,0.8,3,3,6,6,10
2022-05-04,Cardiology,44,34,0.7727,4,4,9,9,6
2022-05-04,General Surgery,42,32,0.7619,4,3,9,9,2
2022-05-04,Internal Medicine,64,52,0.8125,6,6,13,13,10
2022-05-04,Neurology,36,30,0.8333,4,3,8,8,5
2022-05-04,Obstetrics,40,31,0.775,4,3,8,8,3
2022-05-04,Oncology,38,32,0.8421,4,4,8,8,9
2022-05-04,Orthopedics,48,37,0.7708,5,5,10,10,7
2022-05-04,Urology,30,22,0.7333,3,3,6,6,3
2022-05-05,Cardiology,44,35,0.7955,4,4,9,9,6
2022-05-05,General Surgery,42,33,0.7857,4,3,9,8,9
2022-05-05,Internal Medicine,64,49,0.7656,6,6,13,13,5
2022-05-05,Neurology,36,27,0.75,4,4,8,8,10
2022-05-05,Obstetrics,40,28,0.7,4,4,8,8,5
2022-05-05,Oncology,38,30,0.7895,4,4,8,8,5
2022-05-05,Orthopedics,48,41,0.8542,5,5,10,10,5
2022-05-05,Urology,30,21,0.7,3,3,6,6,2
2022-05-06,Cardiology,44,31,0.7045,4,4,9,9,6
2022-05-06,General Surgery,42,34,0.8095,4,4,9,9,8
2022-05-06,Internal Medicine,64,51,0.7969,6,6,13,13,7
2022-05-06,Neurology,36,27,0.75,4,4,8,7,6
2022-05-06,Obstetrics,40,25,0.625,4,4,8,8,3
2022-05-06,Oncology,38,30,0.7895,4,4,8,8,6
2022-05-06,Orthopedics,48,35,0.7292,5,5,10,10,7
2022-05-06,Urology,30,21,0.7,3,2,6,6,3
2022-05-07,Cardiology,44,32,0.7273,4,4,9,9,5
2022-05-07,General Surgery,42,32,0.7619,4,4,9,9,8
2022-05-07,Internal Medicine,64,48,0.75,6,5,13,13,3
2022-05-07,Neurology,36,26,0.7222,4,4,8,8,7
2022-05-07,Obstetrics,40,26,0.65,4,4,8,8,7
2022-05-07,Oncology,38,30,0.7895,4,4,8,8,5
2022-05-07,Orthopedics,48,32,0.6667,5,4,10,10,3
2022-05-07,Urology,30,19,0.6333,3,3,6,5,10
2022-05-08,Cardiology,44,32,0.7273,4,4,9,9,6
2022-05-08,General Surgery,42,32,0.7619,4,3,9,9,9
2022-05-08,Internal Medicine,64,49,0.7656,6,6,13,13,6
2022-05-08,Neurology,36,26,0.7222,4,4,8,8,8
2022-05-08,Obstetrics,40,28,0.7,4,4,8,8,7
2022-05-08,Oncology,38,31,0.8158,4,4,8,7,5
2022-05-08,Orthopedics,48,31,0.6458,5,5,10,10,7
2022-05-08,Urology,30,21,0.7,3,2,6,6,6
2022-05-09,Cardiology,44,33,0.75,4,4,9,9,7
2022-05-09,General Surgery,42,32,0.7619,4,4,9,9,8
2022-05-09,Internal Medicine,64,53,0.8281,6,6,13,13,11
2022-05-09,Neurology,36,27,0.75,4,4,8,7,5
2022-05-09,Obstetrics,40,26,0.65,4,4,8,7,12
2022-05-09,Oncology,38,33,0.8684,4,4,8,8,10
2022-05-09,Orthopedics,48,37,0.7708,5,5,10,10,4
2022-05-09,Urology,30,24,0.8,3,3,6,6,3
2022-05-10,Cardiology,44,38,0.8636,4,4,9,9,3
2022-05-10,General Surgery,42,34,0.8095,4,4,9,9,11
2022-05-10,Internal Medicine,64,51,0.7969,6,6,13,13,8
2022-05-10,Neurology,36,29,0.8056,4,4,8,8,5
2022-05-10,Obstetrics,40,27,0.675,4,4,8,8,5
2022-05-10,Oncology,38,31,0.8158,4,4,8,8,7
2022-05-10,Orthopedics,48,35,0.7292,5,5,10,9,5
2022-05-10,Urology,30,24,0.8,3,2,6,6,9
2022-05-11,Cardiology,44,33,0.75,4,3,9,8,11
2022-05-11,General Surgery,42,33,0.7857,4,4,9,9,10
2022-05-11,Internal Medicine,64,54,0.8438,6,5,13,13,5
2022-05-11,Neurology,36,28,0.7778,4,3,8,8,5
2022-05-11,Obstetrics,40,30,0.75,4,4,8,8,7
2022-05-11,Oncology,38,29,0.7632,4,4,8,8,7
2022-05-11,Orthopedics,48,33,0.6875,5,5,10,9,5
2022-05-11,Urology,30,23,0.7667,3,3,6,6,3
2022-05-12,Cardiology,44,35,0.7955,4,4,9,9,8
2022-05-12,General Surgery,42,30,0.7143,4,4,9,8,4
2022-05-12,Internal Medicine,64,52,0.8125,6,6,13,13,3
2022-05-12,Neurology,36,28,0.7778,4,4,8,8,3
2022-05-12,Obstetrics,40,26,0.65,4,4,8,8,2
2022-05-12,Oncology,38,31,0.8158,4,3,8,8,6
2022-05-12,Orthopedics,48,38,0.7917,5,5,10,10,3
2022-05-12,Urology,30,22,0.7333,3,3,6,6,6
2022-05-13,Cardiology,44,33,0.75,4,4,9,9,4
2022-05-13,General Surgery,42,33,0.7857,4,3,9,9,4
2022-05-13,Internal Medicine,64,55,0.8594,6,6,13,13,5
2022-05-13,Neurology,36,23,0.6389,4,4,8,7,11
2022-05-13,Obstetrics,40,27,0.675,4,4,8,8,3
2022-05-13,Oncology,38,32,0.8421,4,4,8,8,5
2022-05-13,Orthopedics,48,33,0.6875,5,5,10,10,8
2022-05-13,Urology,30,21,0.7,3,3,6,6,2
2022-05-14,Cardiology,44,31,0.7045,4,4,9,9,8
2022-05-14,General Surgery,42,33,0.7857,4,4,9,9,3
2022-05-14,Internal Medicine,64,48,0.75,6,6,13,13,9
2022-05-14,Neurology,36,22,0.6111,4,4,8,8,8
2022-05-14,Obstetrics,40,26,0.65,4,4,8,8,3
2022-05-14,Oncology,38,31,0.8158,4,4,8,8,2
2022-05-14,Orthopedics,48,36,0.75,5,5,10,10,3
2022-05-14,Urology,30,21,0.7,3,2,6,6,4
2022-05-15,Cardiology,44,30,0.6818,4,4,9,9,2
2022-05-15,General Surgery,42,25,0.5952,4,4,9,9,4
2022-05-15,Internal Medicine,64,49,0.7656,6,6,13,13,5
2022-05-15,Neurology,36,24,0.6667,4,3,8,8,9
2022-05-15,Obstetrics,40,28,0.7,4,4,8,8,5
2022-05-15,Oncology,38,32,0.8421,4,4,8,7,4
2022-05-15,Orthopedics,48,32,0.6667,5,5,10,10,5
2022-05-15,Urology,30,19,0.6333,3,3,6,5,7
2022-05-16,Cardiology,44,34,0.7727,4,4,9,9,6
2022-05-16,General Surgery,42,33,0.7857,4,4,9,9,10
2022-05-16,Internal Medicine,64,50,0.7812,6,6,13,13,6
2022-05-16,Neurology,36,26,0.7222,4,4,8,8,7
2022-05-16,Obstetrics,40,25,0.625,4,4,8,8,10
2022-05-16,Oncology,38,31,0.8158,4,4,8,7,5
2022-05-16,Orthopedics,48,32,0.6667,5,5,10,10,3
2022-05-16,Urology,30,21,0.7,3,3,6,6,6
2022-05-17,Cardiology,44,33,0.75,4,4,9,9,5
2022-05-17,General Surgery,42,32,0.7619,4,4,9,9,6
2022-05-17,Internal Medicine,64,48,0.75,6,6,13,13,7
2022-05-17,Neurology,36,26,0.7222,4,4,8,8,11
2022-05-17,Obstetrics,40,24,0.6,4,4,8,8,10
2022-05-17,Oncology,38,35,0.9211,4,4,8,8,6
2022-05-17,Orthopedics,48,36,0.75,5,5,10,10,3
2022-05-17,Urology,30,23,0.7667,3,3,6,6,5
2022-05-18,Cardiology,44,37,0.8409,4,4,9,8,6
2022-05-18,General Surgery,42,33,0.7857,4,4,9,9,10
2022-05-18,Internal Medicine,64,46,0.7188,6,6,13,13,9
2022-05-18,Neurology,36,29,0.8056,4,4,8,8,4
2022-05-18,Obstetrics,40,28,0.7,4,3,8,8,4
2022-05-18,Oncology,38,30,0.7895,4,4,8,8,6
2022-05-18,Orthopedics,48,36,0.75,5,5,10,10,3
2022-05-18,Urology,30,21,0.7,3,3,6,5,6
2022-05-19,Cardiology,44,33,0.75,4,3,9,9,3
2022-05-19,General Surgery,42,30,0.7143,4,4,9,9,6
2022-05-19,Internal Medicine,64,53,0.8281,6,6,13,13,11
2022-05-19,Neurology,36,26,0.7222,4,4,8,8,6
2022-05-19,Obstetrics,40,27,0.675,4,4,8,8,4
2022-05-19,Oncology,38,32,0.8421,4,4,8,8,10
2022-05-19,Orthopedics,48,39,0.8125,5,4,10,10,6
2022-05-19,Urology,30,21,0.7,3,3,6,6,8
2022-05-20,Cardiology,44,32,0.7273,4,4,9,9,7
2022-05-20,General Surgery,42,33,0.7857,4,4,9,8,5
2022-05-20,Internal Medicine,64,46,0.7188,6,6,13,13,10
2022-05-20,Neurology,36,29,0.8056,4,4,8,8,5
2022-05-20,Obstetrics,40,27,0.675,4,4,8,8,6
2022-05-20,Oncology,38,33,0.8684,4,4,8,7,9
2022-05-20,Orthopedics,48,33,0.6875,5,5,10,10,3
2022-05-20,Urology,30,19,0.6333,3,3,6,6,3
2022-05-21,Cardiology,44,31,0.7045,4,4,9,9,11
2022-05-21,General Surgery,42,31,0.7381,4,4,9,9,7
2022-05-21,Internal Medicine,64,49,0.7656,6,6,13,13,3
2022-05-21,Neurology,36,27,0.75,4,3,8,8,10
2022-05-21,Obstetrics,40,24,0.6,4,4,8,8,2
2022-05-21,Oncology,38,30,0.7895,4,4,8,8,2
2022-05-21,Orthopedics,48,31,0.6458,5,5,10,10,2
2022-05-21,Urology,30,19,0.6333,3,3,6,6,5
2022-05-22,Cardiology,44,32,0.7273,4,4,9,9,8
2022-05-22,General Surgery,42,33,0.7857,4,3,9,9,7
2022-05-22,Internal Medicine,64,51,0.7969,6,6,13,13,11
2022-05-22,Neurology,36,25,0.6944,4,4,8,8,5
2022-05-22,Obstetrics,40,24,0.6,4,4,8,8,3
2022-05-22,Oncology,38,30,0.7895,4,4,8,8,4
2022-05-22,Orthopedics,48,32,0.6667,5,4,10,9,3
2022-05-22,Urology,30,21,0.7,3,3,6,6,3
2022-05-23,Cardiology,44,34,0.7727,4,4,9,9,4
2022-05-23,General Surgery,42,36,0.8571,4,4,9,9,3
2022-05-23,Internal Medicine,64,53,0.8281,6,6,13,13,4
2022-05-23,Neurology,36,25,0.6944,4,4,8,7,9
2022-05-23,Obstetrics,40,29,0.725,4,4,8,8,6
2022-05-23,Oncology,38,31,0.8158,4,4,8,7,4
2022-05-23,Orthopedics,48,33,0.6875,5,5,10,10,4
2022-05-23,Urology,30,23,0.7667,3,3,6,6,4
2022-05-24,Cardiology,44,32,0.7273,4,4,9,9,6
2022-05-24,General Surgery,42,33,0.7857,4,4,9,9,5
2022-05-24,Internal Medicine,64,50,0.7812,6,6,13,13,8
2022-05-24,Neurology,36,26,0.7222,4,4,8,8,1
2022-05-24,Obstetrics,40,27,0.675,4,4,8,8,5
2022-05-24,Oncology,38,30,0.7895,4,4,8,8,8
2022-05-24,Orthopedics,48,38,0.7917,5,5,10,10,3
2022-05-24,Urology,30,22,0.7333,3,2,6,6,7
2022-05-25,Cardiology,44,35,0.7955,4,3,9,9,5
2022-05-25,General Surgery,42,32,0.7619,4,4,9,9,9
2022-05-25,Internal Medicine,64,52,0.8125,6,6,13,13,9
2022-05-25,Neurology,36,25,0.6944,4,4,8,8,7
2022-05-25,Obstetrics,40,28,0.7,4,4,8,8,7
2022-05-25,Oncology,38,31,0.8158,4,4,8,8,6
2022-05-25,Orthopedics,48,34,0.7083,5,5,10,10,4
2022-05-25,Urology,30,22,0.7333,3,3,6,6,7
2022-05-26,Cardiology,44,35,0.7955,4,4,9,9,6
2022-05-26,General Surgery,42,30,0.7143,4,4,9,9,8
2022-05-26,Internal Medicine,64,48,0.75,6,6,13,12,5
2022-05-26,Neurology,36,24,0.6667,4,4,8,8,8
2022-05-26,Obstetrics,40,26,0.65,4,4,8,8,4
2022-05-26,Oncology,38,31,0.8158,4,4,8,8,9
2022-05-26,Orthopedics,48,39,0.8125,5,4,10,10,5
2022-05-26,Urology,30,20,0.6667,3,3,6,6,3
2022-05-27,Cardiology,44,30,0.6818,4,4,9,9,6
2022-05-27,General Surgery,42,33,0.7857,4,4,9,9,5
2022-05-27,Internal Medicine,64,49,0.7656,6,6,13,13,4
2022-05-27,Neurology,36,27,0.75,4,4,8,8,3
2022-05-27,Obstetrics,40,30,0.75,4,4,8,8,5
2022-05-27,Oncology,38,30,0.7895,4,4,8,8,10
2022-05-27,Orthopedics,48,35,0.7292,5,5,10,10,2
2022-05-27,Urology,30,21,0.7,3,3,6,6,2
2022-05-28,Cardiology,44,36,0.8182,4,4,9,9,4
2022-05-28,General Surgery,42,32,0.7619,4,4,9,9,6
2022-05-28,Internal Medicine,64,52,0.8125,6,6,13,13,7
2022-05-28,Neurology,36,25,0.6944,4,4,8,8,6
2022-05-28,Obstetrics,40,26,0.65,4,4,8,8,4
2022-05-28,Oncology,38,29,0.7632,4,4,8,8,7
2022-05-28,Orthopedics,48,32,0.6667,5,4,10,10,2
2022-05-28,Urology,30,21,0.7,3,3,6,6,5
2022-05-29,Cardiology,44,28,0.6364,4,4,9,9,1
2022-05-29,General Surgery,42,32,0.7619,4,4,9,8,6
2022-05-29,Internal Medicine,64,49,0.7656,6,6,13,13,7
2022-05-29,Neurology,36,26,0.7222,4,4,8,8,4
2022-05-29,Obstetrics,40,23,0.575,4,3,8,8,6
2022-05-29,Oncology,38,29,0.7632,4,4,8,8,4
2022-05-29,Orthopedics,48,33,0.6875,5,5,10,9,4
2022-05-29,Urology,30,18,0.6,3,3,6,6,1
2022-05-30,Cardiology,44,35,0.7955,4,4,9,8,8
2022-05-30,General Surgery,42,30,0.7143,4,4,9,9,6
2022-05-30,Internal Medicine,64,51,0.7969,6,5,13,13,7
2022-05-30,Neurology,36,29,0.8056,4,4,8,8,5
2022-05-30,Obstetrics,40,27,0.675,4,3,8,8,7
2022-05-30,Oncology,38,30,0.7895,4,4,8,7,5
2022-05-30,Orthopedics,48,35,0.7292,5,5,10,9,8
2022-05-30,Urology,30,23,0.7667,3,3,6,6,7
2022-05-31,Cardiology,44,30,0.6818,4,4,9,9,5
2022-05-31,General Surgery,42,32,0.7619,4,4,9,9,8
2022-05-31,Internal Medicine,64,47,0.7344,6,6,13,13,4
2022-05-31,Neurology,36,28,0.7778,4,4,8,8,5
2022-05-31,Obstetrics,40,29,0.725,4,4,8,8,9
2022-05-31,Oncology,38,30,0.7895,4,4,8,8,4
2022-05-31,Orthopedics,48,32,0.6667,5,5,10,10,6
2022-05-31,Urology,30,23,0.7667,3,3,6,6,4
2022-06-01,Cardiology,44,30,0.6818,4,3,9,9,10
2022-06-01,General Surgery,42,31,0.7381,4,4,9,9,6
2022-06-01,Internal Medicine,64,55,0.8594,6,6,13,13,13
2022-06-01,Neurology,36,29,0.8056,4,4,8,8,4
2022-06-01,Obstetrics,40,29,0.725,4,4,8,8,5
2022-06-01,Oncology,38,31,0.8158,4,4,8,8,2
2022-06-01,Orthopedics,48,34,0.7083,5,5,10,10,2
2022-06-01,Urology,30,22,0.7333,3,3,6,6,5
2022-06-02,Cardiology,44,34,0.7727,4,4,9,9,5
2022-06-02,General Surgery,42,30,0.7143,4,4,9,9,4
2022-06-02,Internal Medicine,64,50,0.7812,6,6,13,13,4
2022-06-02,Neurology,36,26,0.7222,4,4,8,8,6
2022-06-02,Obstetrics,40,28,0.7,4,4,8,8,5
2022-06-02,Oncology,38,29,0.7632,4,4,8,8,11
2022-06-02,Orthopedics,48,41,0.8542,5,5,10,10,6
2022-06-02,Urology,30,22,0.7333,3,3,6,6,4
2022-06-03,Cardiology,44,34,0.7727,4,4,9,8,8
2022-06-03,General Surgery,42,28,0.6667,4,4,9,8,6
2022-06-03,Internal Medicine,64,53,0.8281,6,6,13,13,6
2022-06-03,Neurology,36,29,0.8056,4,4,8,7,9
2022-06-03,Obstetrics,40,27,0.675,4,4,8,8,8
2022-06-03,Oncology,38,29,0.7632,4,4,8,7,11
2022-06-03,Orthopedics,48,34,0.7083,5,5,10,10,4
2022-06-03,Urology,30,23,0.7667,3,3,6,6,5
2022-06-04,Cardiology,44,33,0.75,4,3,9,9,8
2022-06-04,General Surgery,42,34,0.8095,4,4,9,9,1
2022-06-04,Internal Medicine,64,44,0.6875,6,6,13,12,3
2022-06-04,Neurology,36,26,0.7222,4,3,8,8,6
2022-06-04,Obstetrics,40,26,0.65,4,4,8,8,4
2022-06-04,Oncology,38,30,0.7895,4,4,8,8,11
2022-06-04,Orthopedics,48,32,0.6667,5,5,10,10,7
2022-06-04,Urology,30,22,0.7333,3,3,6,6,8
2022-06-05,Cardiology,44,32,0.7273,4,4,9,9,7
2022-06-05,General Surgery,42,32,0.7619,4,4,9,9,8
2022-06-05,Internal Medicine,64,56,0.875,6,6,13,13,5
2022-06-05,Neurology,36,27,0.75,4,4,8,8,9
2022-06-05,Obstetrics,40,24,0.6,4,4,8,8,7
2022-06-05,Oncology,38,29,0.7632,4,4,8,8,8
2022-06-05,Orthopedics,48,32,0.6667,5,5,10,10,4
2022-06-05,Urology,30,23,0.7667,3,3,6,6,6
2022-06-06,Cardiology,44,33,0.75,4,4,9,8,9
2022-06-06,General Surgery,42,33,0.7857,4,4,9,9,4
2022-06-06,Internal Medicine,64,50,0.7812,6,6,13,13,8
2022-06-06,Neurology,36,27,0.75,4,4,8,8,3
2022-06-06,Obstetrics,40,26,0.65,4,4,8,8,1
2022-06-06,Oncology,38,30,0.7895,4,4,8,8,7
2022-06-06,Orthopedics,48,37,0.7708,5,5,10,10,3
2022-06-06,Urology,30,21,0.7,3,2,6,6,5
2022-06-07,Cardiology,44,34,0.7727,4,4,9,9,8
2022-06-07,General Surgery,42,33,0.7857,4,4,9,9,10
2022-06-07,Internal Medicine,64,47,0.7344,6,6,13,13,5
2022-06-07,Neurology,36,25,0.6944,4,4,8,8,9
2022-06-07,Obstetrics,40,28,0.7,4,4,8,8,4
2022-06-07,Oncology,38,33,0.8684,4,4,8,8,10
2022-06-07,Orthopedics,48,38,0.7917,5,4,10,10,4
2022-06-07,Urology,30,23,0.7667,3,3,6,6,5
2022-06-08,Cardiology,44,31,0.7045,4,4,9,9,4
2022-06-08,General Surgery,42,32,0.7619,4,4,9,9,7
2022-06-08,Internal Medicine,64,48,0.75,6,6,13,13,11
2022-06-08,Neurology,36,29,0.8056,4,4,8,8,7
2022-06-08,Obstetrics,40,26,0.65,4,4,8,8,3
2022-06-08,Oncology,38,30,0.7895,4,4,8,8,6
2022-06-08,Orthopedics,48,36,0.75,5,5,10,10,4
2022-06-08,Urology,30,25,0.8333,3,3,6,6,6
2022-06-09,Cardiology,44,35,0.7955,4,4,9,9,8
2022-06-09,General Surgery,42,33,0.7857,4,4,9,9,8
2022-06-09,Internal Medicine,64,51,0.7969,6,5,13,13,6
2022-06-09,Neurology,36,28,0.7778,4,4,8,8,6
2022-06-09,Obstetrics,40,28,0.7,4,4,8,8,8
2022-06-09,Oncology,38,31,0.8158,4,4,8,8,5
2022-06-09,Orthopedics,48,38,0.7917,5,5,10,10,4
2022-06-09,Urology,30,20,0.6667,3,3,6,6,9
2022-06-10,Cardiology,44,30,0.6818,4,4,9,9,8
2022-06-10,General Surgery,42,30,0.7143,4,4,9,9,5
2022-06-10,Internal Medicine,64,49,0.7656,6,6,13,13,3
2022-06-10,Neurology,36,28,0.7778,4,4,8,7,13
2022-06-10,Obstetrics,40,25,0.625,4,4,8,8,6
2022-06-10,Oncology,38,32,0.8421,4,4,8,8,5
2022-06-10,Orthopedics,48,34,0.7083,5,5,10,10,6
2022-06-10,Urology,30,21,0.7,3,3,6,6,6
2022-06-11,Cardiology,44,27,0.6136,4,4,9,9,6
2022-06-11,General Surgery,42,30,0.7143,4,4,9,8,11
2022-06-11,Internal Medicine,64,45,0.7031,6,6,13,13,5
2022-06-11,Neurology,36,27,0.75,4,4,8,8,7
2022-06-11,Obstetrics,40,28,0.7,4,4,8,8,6
2022-06-11,Oncology,38,28,0.7368,4,4,8,8,4
2022-06-11,Orthopedics,48,34,0.7083,5,5,10,10,3
2022-06-11,Urology,30,23,0.7667,3,3,6,6,10
2022-06-12,Cardiology,44,31,0.7045,4,4,9,9,4
2022-06-12,General Surgery,42,31,0.7381,4,4,9,9,6
2022-06-12,Internal Medicine,64,49,0.7656,6,6,13,13,12
2022-06-12,Neurology,36,24,0.6667,4,4,8,8,4
2022-06-12,Obstetrics,40,26,0.65,4,4,8,8,2
2022-06-12,Oncology,38,26,0.6842,4,4,8,8,3
2022-06-12,Orthopedics,48,36,0.75,5,5,10,10,1
2022-06-12,Urology,30,23,0.7667,3,3,6,6,3
2022-06-13,Cardiology,44,34,0.7727,4,4,9,9,8
2022-06-13,General Surgery,42,32,0.7619,4,4,9,9,5
2022-06-13,Internal Medicine,64,51,0.7969,6,6,13,13,3
2022-06-13,Neurology,36,29,0.8056,4,4,8,8,10
2022-06-13,Obstetrics,40,26,0.65,4,4,8,8,6
2022-06-13,Oncology,38,29,0.7632,4,4,8,7,3
2022-06-13,Orthopedics,48,35,0.7292,5,5,10,10,2
2022-06-13,Urology,30,21,0.7,3,3,6,6,1
2022-06-14,Cardiology,44,31,0.7045,4,4,9,9,5
2022-06-14,General Surgery,42,32,0.7619,4,4,9,9,8
2022-06-14,Internal Medicine,64,49,0.7656,6,5,13,13,1
2022-06-14,Neurology,36,27,0.75,4,4,8,8,8
2022-06-14,Obstetrics,40,28,0.7,4,4,8,8,4
2022-06-14,Oncology,38,29,0.7632,4,4,8,8,3
2022-06-14,Orthopedics,48,37,0.7708,5,4,10,10,4
2022-06-14,Urology,30,21,0.7,3,3,6,6,12
2022-06-15,Cardiology,44,33,0.75,4,4,9,9,6
2022-06-15,General Surgery,42,33,0.7857,4,4,9,9,4
2022-06-15,Internal Medicine,64,50,0.7812,6,6,13,13,14
2022-06-15,Neurology,36,28,0.7778,4,4,8,8,6
2022-06-15,Obstetrics,40,26,0.65,4,4,8,8,6
2022-06-15,Oncology,38,30,0.7895,4,4,8,8,3
2022-06-15,Orthopedics,48,34,0.7083,5,5,10,10,0
2022-06-15,Urology,30,19,0.6333,3,3,6,5,2
2022-06-16,Cardiology,44,30,0.6818,4,4,9,9,3
2022-06-16,General Surgery,42,29,0.6905,4,4,9,9,9
2022-06-16,Internal Medicine,64,52,0.8125,6,5,13,13,9
2022-06-16,Neurology,36,27,0.75,4,3,8,8,9
2022-06-16,Obstetrics,40,26,0.65,4,4,8,8,4
2022-06-16,Oncology,38,32,0.8421,4,4,8,8,2
2022-06-16,Orthopedics,48,34,0.7083,5,5,10,10,8
2022-06-16,Urology,30,23,0.7667,3,3,6,6,5
2022-06-17,Cardiology,44,32,0.7273,4,3,9,8,7
2022-06-17,General Surgery,42,31,0.7381,4,4,9,9,6
2022-06-17,Internal Medicine,64,51,0.7969,6,6,13,13,3
2022-06-17,Neurology,36,28,0.7778,4,4,8,8,6
2022-06-17,Obstetrics,40,29,0.725,4,4,8,7,4
2022-06-17,Oncology,38,32,0.8421,4,4,8,8,6
2022-06-17,Orthopedics,48,38,0.7917,5,5,10,10,7
2022-06-17,Urology,30,21,0.7,3,3,6,6,3
2022-06-18,Cardiology,44,31,0.7045,4,4,9,9,6
2022-06-18,General Surgery,42,32,0.7619,4,4,9,9,2
2022-06-18,Internal Medicine,64,45,0.7031,6,6,13,13,7
2022-06-18,Neurology,36,24,0.6667,4,4,8,8,8
2022-06-18,Obstetrics,40,24,0.6,4,4,8,8,2
2022-06-18,Oncology,38,29,0.7632,4,3,8,8,7
2022-06-18,Orthopedics,48,35,0.7292,5,5,10,10,1
2022-06-18,Urology,30,21,0.7,3,3,6,4,5
2022-06-19,Cardiology,44,30,0.6818,4,4,9,9,8
2022-06-19,General Surgery,42,34,0.8095,4,4,9,9,4
2022-06-19,Internal Medicine,64,45,0.7031,6,5,13,13,6
2022-06-19,Neurology,36,24,0.6667,4,4,8,8,8
2022-06-19,Obstetrics,40,28,0.7,4,4,8,8,5
2022-06-19,Oncology,38,28,0.7368,4,4,8,8,6
2022-06-19,Orthopedics,48,35,0.7292,5,5,10,10,5
2022-06-19,Urology,30,17,0.5667,3,3,6,6,10
2022-06-20,Cardiology,44,33,0.75,4,4,9,9,6
2022-06-20,General Surgery,42,30,0.7143,4,3,9,9,5
2022-06-20,Internal Medicine,64,46,0.7188,6,6,13,13,7
2022-06-20,Neurology,36,27,0.75,4,4,8,8,3
2022-06-20,Obstetrics,40,28,0.7,4,4,8,8,8
2022-06-20,Oncology,38,32,0.8421,4,4,8,8,7
2022-06-20,Orthopedics,48,35,0.7292,5,4,10,9,3
2022-06-20,Urology,30,20,0.6667,3,3,6,6,6
2022-06-21,Cardiology,44,35,0.7955,4,4,9,9,7
2022-06-21,General Surgery,42,29,0.6905,4,4,9,9,1
2022-06-21,Internal Medicine,64,53,0.8281,6,6,13,12,7
2022-06-21,Neurology,36,25,0.6944,4,4,8,8,10
2022-06-21,Obstetrics,40,29,0.725,4,4,8,8,11
2022-06-21,Oncology,38,28,0.7368,4,4,8,8,6
2022-06-21,Orthopedics,48,34,0.7083,5,5,10,10,5
2022-06-21,Urology,30,20,0.6667,3,3,6,5,4
2022-06-22,Cardiology,44,32,0.7273,4,4,9,9,8
2022-06-22,General Surgery,42,34,0.8095,4,4,9,9,7
2022-06-22,Internal Medicine,64,50,0.7812,6,6,13,13,7
2022-06-22,Neurology,36,26,0.7222,4,4,8,8,6
2022-06-22,Obstetrics,40,25,0.625,4,4,8,8,4
2022-06-22,Oncology,38,34,0.8947,4,4,8,8,6
2022-06-22,Orthopedics,48,31,0.6458,5,5,10,10,3
2022-06-22,Urology,30,23,0.7667,3,3,6,6,5
2022-06-23,Cardiology,44,31,0.7045,4,4,9,9,8
2022-06-23,General Surgery,42,33,0.7857,4,4,9,9,4
2022-06-23,Internal Medicine,64,50,0.7812,6,6,13,13,5
2022-06-23,Neurology,36,25,0.6944,4,4,8,8,6
2022-06-23,Obstetrics,40,25,0.625,4,4,8,8,4
2022-06-23,Oncology,38,30,0.7895,4,4,8,8,5
2022-06-23,Orthopedics,48,36,0.75,5,5,10,10,7
2022-06-23,Urology,30,22,0.7333,3,2,6,6,5
2022-06-24,Cardiology,44,32,0.7273,4,4,9,9,9
2022-06-24,General Surgery,42,30,0.7143,4,4,9,9,10
2022-06-24,Internal Medicine,64,48,0.75,6,6,13,13,13
2022-06-24,Neurology,36,26,0.7222,4,4,8,8,4
2022-06-24,Obstetrics,40,30,0.75,4,3,8,7,5
2022-06-24,Oncology,38,31,0.8158,4,4,8,8,4
2022-06-24,Orthopedics,48,35,0.7292,5,5,10,10,4
2022-06-24,Urology,30,21,0.7,3,3,6,6,5
2022-06-25,Cardiology,44,29,0.6591,4,4,9,9,8
2022-06-25,General Surgery,42,31,0.7381,4,4,9,9,7
2022-06-25,Internal Medicine,64,46,0.7188,6,6,13,13,6
2022-06-25,Neurology,36,24,0.6667,4,4,8,8,8
2022-06-25,Obstetrics,40,26,0.65,4,4,8,8,4
2022-06-25,Oncology,38,29,0.7632,4,3,8,8,9
2022-06-25,Orthopedics,48,32,0.6667,5,5,10,10,5
2022-06-25,Urology,30,18,0.6,3,3,6,6,4
2022-06-26,Cardiology,44,27,0.6136,4,4,9,8,8
2022-06-26,General Surgery,42,31,0.7381,4,4,9,9,5
2022-06-26,Internal Medicine,64,46,0.7188,6,6,13,13,6
2022-06-26,Neurology,36,23,0.6389,4,4,8,8,7
2022-06-26,Obstetrics,40,27,0.675,4,4,8,8,3
2022-06-26,Oncology,38,30,0.7895,4,4,8,8,3
2022-06-26,Orthopedics,48,34,0.7083,5,5,10,10,7
2022-06-26,Urology,30,18,0.6,3,3,6,6,1
2022-06-27,Cardiology,44,34,0.7727,4,4,9,9,6
2022-06-27,General Surgery,42,35,0.8333,4,4,9,9,4
2022-06-27,Internal Medicine,64,50,0.7812,6,6,13,13,7
2022-06-27,Neurology,36,26,0.7222,4,4,8,8,7
2022-06-27,Obstetrics,40,27,0.675,4,4,8,7,4
2022-06-27,Oncology,38,30,0.7895,4,4,8,8,4
2022-06-27,Orthopedics,48,39,0.8125,5,4,10,10,7
2022-06-27,Urology,30,21,0.7,3,3,6,6,4
2022-06-28,Cardiology,44,33,0.75,4,4,9,9,13
2022-06-28,General Surgery,42,33,0.7857,4,4,9,9,9
2022-06-28,Internal Medicine,64,52,0.8125,6,6,13,13,4
2022-06-28,Neurology,36,25,0.6944,4,4,8,8,6
2022-06-28,Obstetrics,40,30,0.75,4,4,8,7,2
2022-06-28,Oncology,38,29,0.7632,4,4,8,8,9
2022-06-28,Orthopedics,48,34,0.7083,5,5,10,10,1
2022-06-28,Urology,30,21,0.7,3,3,6,6,1
2022-06-29,Cardiology,44,30,0.6818,4,4,9,9,7
2022-06-29,General Surgery,42,36,0.8571,4,4,9,9,2
2022-06-29,Internal Medicine,64,48,0.75,6,6,13,13,9
2022-06-29,Neurology,36,29,0.8056,4,4,8,7,5
2022-06-29,Obstetrics,40,25,0.625,4,4,8,8,6
2022-06-29,Oncology,38,28,0.7368,4,4,8,7,1
2022-06-29,Orthopedics,48,37,0.7708,5,5,10,10,6
2022-06-29,Urology,30,22,0.7333,3,3,6,5,9
2022-06-30,Cardiology,44,33,0.75,4,4,9,8,7
2022-06-30,General Surgery,42,31,0.7381,4,4,9,9,6
2022-06-30,Internal Medicine,64,49,0.7656,6,6,13,13,9
2022-06-30,Neurology,36,26,0.7222,4,4,8,8,5
2022-06-30,Obstetrics,40,27,0.675,4,4,8,8,8
2022-06-30,Oncology,38,32,0.8421,4,3,8,8,2
2022-06-30,Orthopedics,48,34,0.7083,5,5,10,10,4
2022-06-30,Urology,30,19,0.6333,3,3,6,6,6
2022-07-01,Cardiology,44,29,0.6591,4,4,9,9,7
2022-07-01,General Surgery,42,31,0.7381,4,4,9,9,5
2022-07-01,Internal Medicine,64,47,0.7344,6,5,13,13,6
2022-07-01,Neurology,36,29,0.8056,4,4,8,8,11
2022-07-01,Obstetrics,40,27,0.675,4,4,8,8,6
2022-07-01,Oncology,38,31,0.8158,4,4,8,8,7
2022-07-01,Orthopedics,48,35,0.7292,5,5,10,10,2
2022-07-01,Urology,30,21,0.7,3,3,6,5,7
2022-07-02,Cardiology,44,31,0.7045,4,4,9,9,5
2022-07-02,General Surgery,42,30,0.7143,4,4,9,8,4
2022-07-02,Internal Medicine,64,45,0.7031,6,6,13,13,5
2022-07-02,Neurology,36,25,0.6944,4,4,8,8,5
2022-07-02,Obstetrics,40,25,0.625,4,3,8,8,4
2022-07-02,Oncology,38,28,0.7368,4,4,8,8,8
2022-07-02,Orthopedics,48,32,0.6667,5,5,10,10,6
2022-07-02,Urology,30,18,0.6,3,3,6,6,3
2022-07-03,Cardiology,44,27,0.6136,4,4,9,9,2
2022-07-03,General Surgery,42,29,0.6905,4,3,9,9,8
2022-07-03,Internal Medicine,64,43,0.6719,6,6,13,13,5
2022-07-03,Neurology,36,24,0.6667,4,4,8,8,5
2022-07-03,Obstetrics,40,23,0.575,4,4,8,8,4
2022-07-03,Oncology,38,29,0.7632,4,3,8,8,5
2022-07-03,Orthopedics,48,33,0.6875,5,5,10,9,1
2022-07-03,Urology,30,19,0.6333,3,3,6,6,4
2022-07-04,Cardiology,44,32,0.7273,4,4,9,9,9
2022-07-04,General Surgery,42,30,0.7143,4,4,9,9,5
2022-07-04,Internal Medicine,64,50,0.7812,6,6,13,13,5
2022-07-04,Neurology,36,28,0.7778,4,4,8,8,6
2022-07-04,Obstetrics,40,28,0.7,4,4,8,8,4
2022-07-04,Oncology,38,28,0.7368,4,4,8,7,4
2022-07-04,Orthopedics,48,38,0.7917,5,4,10,10,4
2022-07-04,Urology,30,21,0.7,3,3,6,6,5
2022-07-05,Cardiology,44,32,0.7273,4,4,9,9,6
2022-07-05,General Surgery,42,30,0.7143,4,4,9,9,6
2022-07-05,Internal Medicine,64,46,0.7188,6,6,13,13,11
2022-07-05,Neurology,36,27,0.75,4,4,8,8,4
2022-07-05,Obstetrics,40,26,0.65,4,4,8,8,8
2022-07-05,Oncology,38,27,0.7105,4,4,8,8,6
2022-07-05,Orthopedics,48,37,0.7708,5,5,10,10,5
2022-07-05,Urology,30,19,0.6333,3,3,6,6,6
2022-07-06,Cardiology,44,30,0.6818,4,4,9,9,6
2022-07-06,General Surgery,42,31,0.7381,4,4,9,9,5
2022-07-06,Internal Medicine,64,48,0.75,6,6,13,12,5
2022-07-06,Neurology,36,28,0.7778,4,4,8,8,3
2022-07-06,Obstetrics,40,28,0.7,4,4,8,8,6
2022-07-06,Oncology,38,30,0.7895,4,4,8,7,5
2022-07-06,Orthopedics,48,35,0.7292,5,5,10,10,4
2022-07-06,Urology,30,22,0.7333,3,3,6,6,10
2022-07-07,Cardiology,44,28,0.6364,4,4,9,9,2
2022-07-07,General Surgery,42,32,0.7619,4,3,9,9,6
2022-07-07,Internal Medicine,64,51,0.7969,6,6,13,13,8
2022-07-07,Neurology,36,27,0.75,4,4,8,8,9
2022-07-07,Obstetrics,40,26,0.65,4,4,8,8,9
2022-07-07,Oncology,38,28,0.7368,4,3,8,8,4
2022-07-07,Orthopedics,48,35,0.7292,5,5,10,10,7
2022-07-07,Urology,30,20,0.6667,3,3,6,6,2
2022-07-08,Cardiology,44,32,0.7273,4,4,9,8,9
2022-07-08,General Surgery,42,33,0.7857,4,4,9,9,2
2022-07-08,Internal Medicine,64,52,0.8125,6,6,13,13,7
2022-07-08,Neurology,36,27,0.75,4,4,8,8,8
2022-07-08,Obstetrics,40,29,0.725,4,4,8,8,4
2022-07-08,Oncology,38,31,0.8158,4,4,8,8,4
2022-07-08,Orthopedics,48,35,0.7292,5,5,10,10,7
2022-07-08,Urology,30,20,0.6667,3,3,6,6,2
2022-07-09,Cardiology,44,29,0.6591,4,4,9,9,10
2022-07-09,General Surgery,42,29,0.6905,4,4,9,9,6
2022-07-09,Internal Medicine,64,46,0.7188,6,6,13,13,8
2022-07-09,Neurology,36,26,0.7222,4,4,8,8,7
2022-07-09,Obstetrics,40,25,0.625,4,4,8,8,3
2022-07-09,Oncology,38,26,0.6842,4,4,8,8,4
2022-07-09,Orthopedics,48,31,0.6458,5,5,10,10,3
2022-07-09,Urology,30,23,0.7667,3,2,6,6,3
2022-07-10,Cardiology,44,32,0.7273,4,4,9,9,6
2022-07-10,General Surgery,42,29,0.6905,4,4,9,9,7
2022-07-10,Internal Medicine,64,42,0.6562,6,6,13,13,5
2022-07-10,Neurology,36,25,0.6944,4,4,8,8,6
2022-07-10,Obstetrics,40,27,0.675,4,4,8,8,4
2022-07-10,Oncology,38,27,0.7105,4,4,8,7,6
2022-07-10,Orthopedics,48,34,0.7083,5,5,10,10,2
2022-07-10,Urology,30,20,0.6667,3,3,6,5,5
2022-07-11,Cardiology,44,34,0.7727,4,4,9,9,8
2022-07-11,General Surgery,42,30,0.7143,4,4,9,9,9
2022-07-11,Internal Medicine,64,47,0.7344,6,6,13,13,3
2022-07-11,Neurology,36,29,0.8056,4,4,8,8,7
2022-07-11,Obstetrics,40,28,0.7,4,4,8,8,7
2022-07-11,Oncology,38,29,0.7632,4,4,8,8,8
2022-07-11,Orthopedics,48,37,0.7708,5,5,10,10,4
2022-07-11,Urology,30,25,0.8333,3,3,6,6,4
2022-07-12,Cardiology,44,28,0.6364,4,4,9,8,7
2022-07-12,General Surgery,42,32,0.7619,4,4,9,9,7
2022-07-12,Internal Medicine,64,47,0.7344,6,6,13,13,8
2022-07-12,Neurology,36,22,0.6111,4,4,8,8,3
2022-07-12,Obstetrics,40,28,0.7,4,3,8,8,9
2022-07-12,Oncology,38,30,0.7895,4,4,8,8,4
2022-07-12,Orthopedics,48,38,0.7917,5,5,10,10,4
2022-07-12,Urology,30,19,0.6333,3,3,6,6,6
2022-07-13,Cardiology,44,32,0.7273,4,4,9,9,9
2022-07-13,General Surgery,42,31,0.7381,4,4,9,9,13
2022-07-13,Internal Medicine,64,47,0.7344,6,6,13,13,9
2022-07-13,Neurology,36,24,0.6667,4,4,8,7,10
2022-07-13,Obstetrics,40,28,0.7,4,4,8,8,8
2022-07-13,Oncology,38,30,0.7895,4,4,8,8,14
2022-07-13,Orthopedics,48,35,0.7292,5,5,10,10,5
2022-07-13,Urology,30,21,0.7,3,3,6,6,3
2022-07-14,Cardiology,44,33,0.75,4,4,9,9,9
2022-07-14,General Surgery,42,31,0.7381,4,4,9,9,8
2022-07-14,Internal Medicine,64,53,0.8281,6,6,13,13,6
2022-07-14,Neurology,36,27,0.75,4,4,8,8,5
2022-07-14,Obstetrics,40,27,0.675,4,4,8,8,5
2022-07-14,Oncology,38,29,0.7632,4,4,8,8,5
2022-07-14,Orthopedics,48,30,0.625,5,5,10,10,1
2022-07-14,Urology,30,21,0.7,3,3,6,6,0
2022-07-15,Cardiology,44,35,0.7955,4,4,9,9,8
2022-07-15,General Surgery,42,30,0.7143,4,4,9,9,5
2022-07-15,Internal Medicine,64,45,0.7031,6,6,13,13,10
2022-07-15,Neurology,36,27,0.75,4,4,8,8,7
2022-07-15,Obstetrics,40,29,0.725,4,4,8,8,5
2022-07-15,Oncology,38,31,0.8158,4,4,8,8,9
2022-07-15,Orthopedics,48,31,0.6458,5,5,10,10,9
2022-07-15,Urology,30,21,0.7,3,3,6,6,7
2022-07-16,Cardiology,44,31,0.7045,4,4,9,9,8
2022-07-16,General Surgery,42,32,0.7619,4,3,9,9,5
2022-07-16,Internal Medicine,64,43,0.6719,6,6,13,13,2
2022-07-16,Neurology,36,23,0.6389,4,4,8,7,8
2022-07-16,Obstetrics,40,28,0.7,4,4,8,8,7
2022-07-16,Oncology,38,27,0.7105,4,4,8,8,3
2022-07-16,Orthopedics,48,31,0.6458,5,4,10,10,6
2022-07-16,Urology,30,20,0.6667,3,3,6,6,4
2022-07-17,Cardiology,44,29,0.6591,4,4,9,9,5
2022-07-17,General Surgery,42,35,0.8333,4,4,9,9,2
2022-07-17,Internal Medicine,64,46,0.7188,6,6,13,13,6
2022-07-17,Neurology,36,24,0.6667,4,4,8,8,8
2022-07-17,Obstetrics,40,25,0.625,4,4,8,8,6
2022-07-17,Oncology,38,27,0.7105,4,4,8,7,4
2022-07-17,Orthopedics,48,34,0.7083,5,5,10,10,2
2022-07-17,Urology,30,19,0.6333,3,3,6,6,2
2022-07-18,Cardiology,44,32,0.7273,4,4,9,9,8
2022-07-18,General Surgery,42,29,0.6905,4,4,9,9,7
2022-07-18,Internal Medicine,64,52,0.8125,6,6,13,13,5
2022-07-18,Neurology,36,24,0.6667,4,4,8,8,3
2022-07-18,Obstetrics,40,29,0.725,4,4,8,7,3
2022-07-18,Oncology,38,27,0.7105,4,4,8,8,7
2022-07-18,Orthopedics,48,34,0.7083,5,5,10,9,6
2022-07-18,Urology,30,21,0.7,3,3,6,6,6
2022-07-19,Cardiology,44,34,0.7727,4,4,9,9,8
2022-07-19,General Surgery,42,33,0.7857,4,3,9,9,9
2022-07-19,Internal Medicine,64,47,0.7344,6,6,13,12,3
2022-07-19,Neurology,36,24,0.6667,4,4,8,8,4
2022-07-19,Obstetrics,40,27,0.675,4,3,8,8,3
2022-07-19,Oncology,38,27,0.7105,4,4,8,8,3
2022-07-19,Orthopedics,48,36,0.75,5,5,10,10,3
2022-07-19,Urology,30,20,0.6667,3,3,6,6,11
2022-07-20,Cardiology,44,37,0.8409,4,4,9,9,13
2022-07-20,General Surgery,42,35,0.8333,4,4,9,9,5
2022-07-20,Internal Medicine,64,50,0.7812,6,6,13,13,4
2022-07-20,Neurology,36,24,0.6667,4,4,8,8,4
2022-07-20,Obstetrics,40,28,0.7,4,4,8,8,6
2022-07-20,Oncology,38,28,0.7368,4,4,8,8,7
2022-07-20,Orthopedics,48,41,0.8542,5,5,10,10,3
2022-07-20,Urology,30,20,0.6667,3,3,6,6,10
2022-07-21,Cardiology,44,33,0.75,4,4,9,8,3
2022-07-21,General Surgery,42,33,0.7857,4,4,9,9,9
2022-07-21,Internal Medicine,64,49,0.7656,6,6,13,13,5
2022-07-21,Neurology,36,28,0.7778,4,4,8,8,6
2022-07-21,Obstetrics,40,28,0.7,4,4,8,8,4
2022-07-21,Oncology,38,32,0.8421,4,4,8,8,11
2022-07-21,Orthopedics,48,34,0.7083,5,5,10,10,4
2022-07-21,Urology,30,22,0.7333,3,3,6,6,5
2022-07-22,Cardiology,44,30,0.6818,4,4,9,8,7
2022-07-22,General Surgery,42,31,0.7381,4,4,9,9,10
2022-07-22,Internal Medicine,64,48,0.75,6,6,13,13,4
2022-07-22,Neurology,36,27,0.75,4,4,8,8,9
2022-07-22,Obstetrics,40,27,0.675,4,4,8,8,4
2022-07-22,Oncology,38,33,0.8684,4,4,8,8,4
2022-07-22,Orthopedics,48,32,0.6667,5,5,10,10,4
2022-07-22,Urology,30,22,0.7333,3,3,6,6,1
2022-07-23,Cardiology,44,28,0.6364,4,4,9,9,5
2022-07-23,General Surgery,42,35,0.8333,4,4,9,8,10
2022-07-23,Internal Medicine,64,49,0.7656,6,6,13,13,4
2022-07-23,Neurology,36,27,0.75,4,4,8,8,12
2022-07-23,Obstetrics,40,22,0.55,4,4,8,8,2
2022-07-23,Oncology,38,28,0.7368,4,3,8,7,9
2022-07-23,Orthopedics,48,29,0.6042,5,5,10,10,4
2022-07-23,Urology,30,20,0.6667,3,3,6,6,1
2022-07-24,Cardiology,44,30,0.6818,4,4,9,9,5
2022-07-24,General Surgery,42,30,0.7143,4,4,9,9,5
2022-07-24,Internal Medicine,64,42,0.6562,6,6,13,13,6
2022-07-24,Neurology,36,27,0.75,4,4,8,8,3
2022-07-24,Obstetrics,40,25,0.625,4,4,8,8,5
2022-07-24,Oncology,38,31,0.8158,4,4,8,8,7
2022-07-24,Orthopedics,48,32,0.6667,5,5,10,9,5
2022-07-24,Urology,30,20,0.6667,3,3,6,6,9
2022-07-25,Cardiology,44,35,0.7955,4,4,9,8,11
2022-07-25,General Surgery,42,34,0.8095,4,4,9,9,9
2022-07-25,Internal Medicine,64,46,0.7188,6,6,13,13,8
2022-07-25,Neurology,36,25,0.6944,4,4,8,8,4
2022-07-25,Obstetrics,40,25,0.625,4,4,8,8,2
2022-07-25,Oncology,38,28,0.7368,4,4,8,8,5
2022-07-25,Orthopedics,48,31,0.6458,5,5,10,10,5
2022-07-25,Urology,30,22,0.7333,3,2,6,6,6
2022-07-26,Cardiology,44,35,0.7955,4,4,9,9,4
2022-07-26,General Surgery,42,33,0.7857,4,4,9,9,5
2022-07-26,Internal Medicine,64,53,0.8281,6,6,13,12,12
2022-07-26,Neurology,36,27,0.75,4,4,8,8,7
2022-07-26,Obstetrics,40,28,0.7,4,4,8,7,4
2022-07-26,Oncology,38,32,0.8421,4,4,8,8,3
2022-07-26,Orthopedics,48,33,0.6875,5,5,10,10,6
2022-07-26,Urology,30,23,0.7667,3,3,6,6,7
2022-07-27,Cardiology,44,31,0.7045,4,4,9,9,11
2022-07-27,General Surgery,42,28,0.6667,4,3,9,9,7
2022-07-27,Internal Medicine,64,54,0.8438,6,6,13,13,4
2022-07-27,Neurology,36,25,0.6944,4,4,8,8,7
2022-07-27,Obstetrics,40,29,0.725,4,4,8,8,6
2022-07-27,Oncology,38,31,0.8158,4,4,8,8,5
2022-07-27,Orthopedics,48,34,0.7083,5,4,10,10,7
2022-07-27,Urology,30,19,0.6333,3,3,6,5,3
2022-07-28,Cardiology,44,33,0.75,4,3,9,9,6
2022-07-28,General Surgery,42,29,0.6905,4,4,9,9,7
2022-07-28,Internal Medicine,64,53,0.8281,6,6,13,13,7
2022-07-28,Neurology,36,29,0.8056,4,4,8,8,5
2022-07-28,Obstetrics,40,30,0.75,4,3,8,8,5
2022-07-28,Oncology,38,29,0.7632,4,4,8,8,10
2022-07-28,Orthopedics,48,35,0.7292,5,5,10,10,4
2022-07-28,Urology,30,24,0.8,3,3,6,6,5
2022-07-29,Cardiology,44,32,0.7273,4,4,9,9,4
2022-07-29,General Surgery,42,31,0.7381,4,4,9,9,12
2022-07-29,Internal Medicine,64,46,0.7188,6,6,13,13,9
2022-07-29,Neurology,36,24,0.6667,4,4,8,8,11
2022-07-29,Obstetrics,40,25,0.625,4,4,8,7,2
2022-07-29,Oncology,38,31,0.8158,4,4,8,7,4
2022-07-29,Orthopedics,48,38,0.7917,5,5,10,10,5
2022-07-29,Urology,30,22,0.7333,3,3,6,6,4
2022-07-30,Cardiology,44,30,0.6818,4,4,9,9,10
2022-07-30,General Surgery,42,28,0.6667,4,4,9,9,10
2022-07-30,Internal Medicine,64,40,0.625,6,6,13,13,8
2022-07-30,Neurology,36,22,0.6111,4,4,8,7,8
2022-07-30,Obstetrics,40,25,0.625,4,4,8,8,6
2022-07-30,Oncology,38,28,0.7368,4,4,8,7,5
2022-07-30,Orthopedics,48,30,0.625,5,5,10,10,4
2022-07-30,Urology,30,19,0.6333,3,3,6,6,4
2022-07-31,Cardiology,44,28,0.6364,4,4,9,9,9
2022-07-31,General Surgery,42,30,0.7143,4,4,9,9,5
2022-07-31,Internal Medicine,64,45,0.7031,6,5,13,13,4
2022-07-31,Neurology,36,25,0.6944,4,4,8,8,5
2022-07-31,Obstetrics,40,24,0.6,4,4,8,8,3
2022-07-31,Oncology,38,32,0.8421,4,4,8,8,3
2022-07-31,Orthopedics,48,33,0.6875,5,5,10,10,5
2022-07-31,Urology,30,20,0.6667,3,3,6,6,3
2022-08-01,Cardiology,44,32,0.7273,4,4,9,9,7
2022-08-01,General Surgery,42,33,0.7857,4,4,9,9,4
2022-08-01,Internal Medicine,64,49,0.7656,6,6,13,12,5
2022-08-01,Neurology,36,25,0.6944,4,4,8,8,7
2022-08-01,Obstetrics,40,30,0.75,4,4,8,8,5
2022-08-01,Oncology,38,30,0.7895,4,4,8,8,6
2022-08-01,Orthopedics,48,36,0.75,5,5,10,9,0
2022-08-01,Urology,30,23,0.7667,3,3,6,6,5
2022-08-02,Cardiology,44,36,0.8182,4,4,9,8,5
2022-08-02,General Surgery,42,28,0.6667,4,4,9,8,7
2022-08-02,Internal Medicine,64,48,0.75,6,6,13,13,6
2022-08-02,Neurology,36,29,0.8056,4,4,8,8,5
2022-08-02,Obstetrics,40,32,0.8,4,4,8,8,6
2022-08-02,Oncology,38,31,0.8158,4,4,8,8,6
2022-08-02,Orthopedics,48,33,0.6875,5,5,10,10,2
2022-08-02,Urology,30,19,0.6333,3,2,6,6,9
2022-08-03,Cardiology,44,32,0.7273,4,4,9,8,6
2022-08-03,General Surgery,42,32,0.7619,4,4,9,9,3
2022-08-03,Internal Medicine,64,53,0.8281,6,6,13,12,10
2022-08-03,Neurology,36,28,0.7778,4,4,8,7,10
2022-08-03,Obstetrics,40,31,0.775,4,4,8,8,5
2022-08-03,Oncology,38,29,0.7632,4,4,8,8,2
2022-08-03,Orthopedics,48,33,0.6875,5,5,10,10,5
2022-08-03,Urology,30,22,0.7333,3,3,6,6,5
2022-08-04,Cardiology,44,32,0.7273,4,4,9,9,7
2022-08-04,General Surgery,42,29,0.6905,4,4,9,9,4
2022-08-04,Internal Medicine,64,52,0.8125,6,6,13,13,9
2022-08-04,Neurology,36,26,0.7222,4,4,8,8,3
2022-08-04,Obstetrics,40,28,0.7,4,4,8,8,4
2022-08-04,Oncology,38,28,0.7368,4,4,8,8,3
2022-08-04,Orthopedics,48,32,0.6667,5,4,10,10,1
2022-08-04,Urology,30,23,0.7667,3,3,6,6,8
2022-08-05,Cardiology,44,35,0.7955,4,4,9,9,12
2022-08-05,General Surgery,42,28,0.6667,4,4,9,9,6
2022-08-05,Internal Medicine,64,50,0.7812,6,6,13,13,8
2022-08-05,Neurology,36,29,0.8056,4,4,8,8,4
2022-08-05,Obstetrics,40,25,0.625,4,4,8,8,2
2022-08-05,Oncology,38,34,0.8947,4,4,8,7,4
2022-08-05,Orthopedics,48,34,0.7083,5,4,10,10,3
2022-08-05,Urology,30,22,0.7333,3,3,6,6,7
2022-08-06,Cardiology,44,31,0.7045,4,4,9,9,6
2022-08-06,General Surgery,42,33,0.7857,4,4,9,9,4
2022-08-06,Internal Medicine,64,46,0.7188,6,6,13,13,3
2022-08-06,Neurology,36,28,0.7778,4,4,8,8,6
2022-08-06,Obstetrics,40,25,0.625,4,4,8,8,5
2022-08-06,Oncology,38,27,0.7105,4,4,8,8,4
2022-08-06,Orthopedics,48,29,0.6042,5,5,10,9,3
2022-08-06,Urology,30,20,0.6667,3,3,6,6,4
2022-08-07,Cardiology,44,27,0.6136,4,4,9,9,5
2022-08-07,General Surgery,42,31,0.7381,4,4,9,8,7
2022-08-07,Internal Medicine,64,47,0.7344,6,6,13,12,8
2022-08-07,Neurology,36,25,0.6944,4,4,8,8,5
2022-08-07,Obstetrics,40,26,0.65,4,4,8,8,5
2022-08-07,Oncology,38,30,0.7895,4,4,8,8,3
2022-08-07,Orthopedics,48,31,0.6458,5,4,10,10,3
2022-08-07,Urology,30,20,0.6667,3,3,6,6,9
2022-08-08,Cardiology,44,32,0.7273,4,4,9,9,8
2022-08-08,General Surgery,42,33,0.7857,4,4,9,9,7
2022-08-08,Internal Medicine,64,51,0.7969,6,6,13,12,7
2022-08-08,Neurology,36,26,0.7222,4,4,8,8,7
2022-08-08,Obstetrics,40,28,0.7,4,4,8,8,4
2022-08-08,Oncology,38,30,0.7895,4,4,8,8,9
2022-08-08,Orthopedics,48,37,0.7708,5,5,10,10,0
2022-08-08,Urology,30,23,0.7667,3,3,6,6,3
2022-08-09,Cardiology,44,32,0.7273,4,4,9,9,6
2022-08-09,General Surgery,42,30,0.7143,4,4,9,9,6
2022-08-09,Internal Medicine,64,51,0.7969,6,6,13,12,8
2022-08-09,Neurology,36,28,0.7778,4,4,8,8,11
2022-08-09,Obstetrics,40,29,0.725,4,4,8,8,9
2022-08-09,Oncology,38,32,0.8421,4,4,8,8,6
2022-08-09,Orthopedics,48,33,0.6875,5,5,10,10,2
2022-08-09,Urology,30,22,0.7333,3,3,6,6,6
2022-08-10,Cardiology,44,29,0.6591,4,4,9,9,6
2022-08-10,General Surgery,42,29,0.6905,4,4,9,9,5
2022-08-10,Internal Medicine,64,50,0.7812,6,6,13,13,9
2022-08-10,Neurology,36,26,0.7222,4,4,8,8,5
2022-08-10,Obstetrics,40,26,0.65,4,4,8,8,6
2022-08-10,Oncology,38,30,0.7895,4,4,8,7,6
2022-08-10,Orthopedics,48,34,0.7083,5,5,10,10,4
2022-08-10,Urology,30,23,0.7667,3,3,6,5,8
2022-08-11,Cardiology,44,30,0.6818,4,4,9,9,5
2022-08-11,General Surgery,42,31,0.7381,4,4,9,9,5
2022-08-11,Internal Medicine,64,46,0.7188,6,5,13,13,8
2022-08-11,Neurology,36,25,0.6944,4,4,8,8,6
2022-08-11,Obstetrics,40,25,0.625,4,4,8,8,5
2022-08-11,Oncology,38,31,0.8158,4,4,8,8,2
2022-08-11,Orthopedics,48,33,0.6875,5,4,10,10,3
2022-08-11,Urology,30,19,0.6333,3,3,6,6,2
2022-08-12,Cardiology,44,35,0.7955,4,3,9,9,5
2022-08-12,General Surgery,42,29,0.6905,4,4,9,9,11
2022-08-12,Internal Medicine,64,46,0.7188,6,6,13,13,6
2022-08-12,Neurology,36,25,0.6944,4,4,8,7,7
2022-08-12,Obstetrics,40,27,0.675,4,3,8,8,6
2022-08-12,Oncology,38,30,0.7895,4,4,8,8,7
2022-08-12,Orthopedics,48,36,0.75,5,5,10,10,4
2022-08-12,Urology,30,22,0.7333,3,3,6,6,3
2022-08-13,Cardiology,44,27,0.6136,4,4,9,8,9
2022-08-13,General Surgery,42,31,0.7381,4,4,9,9,7
2022-08-13,Internal Medicine,64,45,0.7031,6,6,13,13,7
2022-08-13,Neurology,36,26,0.7222,4,4,8,8,7
2022-08-13,Obstetrics,40,27,0.675,4,3,8,8,5
2022-08-13,Oncology,38,27,0.7105,4,4,8,8,3
2022-08-13,Orthopedics,48,30,0.625,5,4,10,10,5
2022-08-13,Urology,30,20,0.6667,3,3,6,6,2
2022-08-14,Cardiology,44,32,0.7273,4,4,9,9,7
2022-08-14,General Surgery,42,30,0.7143,4,4,9,9,3
2022-08-14,Internal Medicine,64,48,0.75,6,6,13,13,10
2022-08-14,Neurology,36,25,0.6944,4,4,8,8,5
2022-08-14,Obstetrics,40,27,0.675,4,4,8,7,1
2022-08-14,Oncology,38,29,0.7632,4,4,8,8,7
2022-08-14,Orthopedics,48,34,0.7083,5,5,10,10,6
2022-08-14,Urology,30,21,0.7,3,3,6,6,4
2022-08-15,Cardiology,44,29,0.6591,4,3,9,9,5
2022-08-15,General Surgery,42,31,0.7381,4,4,9,8,6
2022-08-15,Internal Medicine,64,53,0.8281,6,6,13,13,8
2022-08-15,Neurology,36,27,0.75,4,4,8,8,15
2022-08-15,Obstetrics,40,27,0.675,4,4,8,8,4
2022-08-15,Oncology,38,31,0.8158,4,4,8,8,4
2022-08-15,Orthopedics,48,36,0.75,5,5,10,10,8
2022-08-15,Urology,30,21,0.7,3,3,6,5,11
2022-08-16,Cardiology,44,31,0.7045,4,4,9,9,7
2022-08-16,General Surgery,42,31,0.7381,4,4,9,9,9
2022-08-16,Internal Medicine,64,45,0.7031,6,6,13,13,8
2022-08-16,Neurology,36,26,0.7222,4,3,8,8,13
2022-08-16,Obstetrics,40,26,0.65,4,4,8,8,2
2022-08-16,Oncology,38,31,0.8158,4,4,8,7,7
2022-08-16,Orthopedics,48,35,0.7292,5,5,10,9,6
2022-08-16,Urology,30,21,0.7,3,3,6,6,6
2022-08-17,Cardiology,44,31,0.7045,4,4,9,8,11
2022-08-17,General Surgery,42,33,0.7857,4,3,9,9,6
2022-08-17,Internal Medicine,64,52,0.8125,6,6,13,13,10
2022-08-17,Neurology,36,26,0.7222,4,4,8,8,7
2022-08-17,Obstetrics,40,27,0.675,4,3,8,8,7
2022-08-17,Oncology,38,34,0.8947,4,3,8,8,5
2022-08-17,Orthopedics,48,37,0.7708,5,5,10,10,6
2022-08-17,Urology,30,22,0.7333,3,3,6,6,5
2022-08-18,Cardiology,44,30,0.6818,4,4,9,8,8
2022-08-18,General Surgery,42,33,0.7857,4,4,9,9,6
2022-08-18,Internal Medicine,64,44,0.6875,6,6,13,13,9
2022-08-18,Neurology,36,28,0.7778,4,4,8,8,5
2022-08-18,Obstetrics,40,29,0.725,4,4,8,8,2
2022-08-18,Oncology,38,30,0.7895,4,4,8,8,3
2022-08-18,Orthopedics,48,33,0.6875,5,5,10,10,7
2022-08-18,Urology,30,19,0.6333,3,3,6,6,5
2022-08-19,Cardiology,44,30,0.6818,4,4,9,9,5
2022-08-19,General Surgery,42,33,0.7857,4,4,9,9,6
2022-08-19,Internal Medicine,64,44,0.6875,6,6,13,13,6
2022-08-19,Neurology,36,25,0.6944,4,4,8,8,11
2022-08-19,Obstetrics,40,24,0.6,4,4,8,7,7
2022-08-19,Oncology,38,32,0.8421,4,4,8,8,9
2022-08-19,Orthopedics,48,34,0.7083,5,5,10,10,8
2022-08-19,Urology,30,20,0.6667,3,3,6,6,9
2022-08-20,Cardiology,44,28,0.6364,4,4,9,9,8
2022-08-20,General Surgery,42,25,0.5952,4,4,9,9,7
2022-08-20,Internal Medicine,64,48,0.75,6,6,13,13,13
2022-08-20,Neurology,36,26,0.7222,4,4,8,8,6
2022-08-20,Obstetrics,40,28,0.7,4,4,8,8,4
2022-08-20,Oncology,38,30,0.7895,4,4,8,8,6
2022-08-20,Orthopedics,48,33,0.6875,5,5,10,10,2
2022-08-20,Urology,30,22,0.7333,3,3,6,6,5
2022-08-21,Cardiology,44,31,0.7045,4,4,9,9,8
2022-08-21,General Surgery,42,28,0.6667,4,4,9,9,4
2022-08-21,Internal Medicine,64,45,0.7031,6,6,13,13,4
2022-08-21,Neurology,36,27,0.75,4,4,8,7,7
2022-08-21,Obstetrics,40,23,0.575,4,4,8,8,2
2022-08-21,Oncology,38,28,0.7368,4,4,8,8,3
2022-08-21,Orthopedics,48,33,0.6875,5,5,10,10,0
2022-08-21,Urology,30,22,0.7333,3,3,6,6,4
2022-08-22,Cardiology,44,34,0.7727,4,4,9,9,8
2022-08-22,General Surgery,42,33,0.7857,4,4,9,9,10
2022-08-22,Internal Medicine,64,51,0.7969,6,6,13,13,8
2022-08-22,Neurology,36,27,0.75,4,4,8,8,8
2022-08-22,Obstetrics,40,27,0.675,4,4,8,7,11
2022-08-22,Oncology,38,30,0.7895,4,4,8,8,7
2022-08-22,Orthopedics,48,37,0.7708,5,4,10,10,5
2022-08-22,Urology,30,23,0.7667,3,3,6,6,4
2022-08-23,Cardiology,44,31,0.7045,4,4,9,9,11
2022-08-23,General Surgery,42,34,0.8095,4,4,9,9,7
2022-08-23,Internal Medicine,64,49,0.7656,6,6,13,13,3
2022-08-23,Neurology,36,27,0.75,4,4,8,8,4
2022-08-23,Obstetrics,40,28,0.7,4,4,8,8,3
2022-08-23,Oncology,38,32,0.8421,4,4,8,8,7
2022-08-23,Orthopedics,48,37,0.7708,5,4,10,10,5
2022-08-23,Urology,30,23,0.7667,3,3,6,5,5
2022-08-24,Cardiology,44,32,0.7273,4,3,9,8,7
2022-08-24,General Surgery,42,32,0.7619,4,4,9,9,5
2022-08-24,Internal Medicine,64,51,0.7969,6,6,13,13,8
2022-08-24,Neurology,36,26,0.7222,4,4,8,8,11
2022-08-24,Obstetrics,40,26,0.65,4,4,8,8,6
2022-08-24,Oncology,38,31,0.8158,4,4,8,8,6
2022-08-24,Orthopedics,48,29,0.6042,5,5,10,10,6
2022-08-24,Urology,30,20,0.6667,3,3,6,6,5
2022-08-25,Cardiology,44,30,0.6818,4,4,9,8,6
2022-08-25,General Surgery,42,34,0.8095,4,3,9,8,5
2022-08-25,Internal Medicine,64,52,0.8125,6,5,13,13,7
2022-08-25,Neurology,36,27,0.75,4,4,8,8,6
2022-08-25,Obstetrics,40,27,0.675,4,4,8,8,6
2022-08-25,Oncology,38,32,0.8421,4,3,8,8,5
2022-08-25,Orthopedics,48,35,0.7292,5,5,10,9,6
2022-08-25,Urology,30,20,0.6667,3,3,6,6,4
2022-08-26,Cardiology,44,31,0.7045,4,4,9,9,5
2022-08-26,General Surgery,42,32,0.7619,4,4,9,9,6
2022-08-26,Internal Medicine,64,42,0.6562,6,6,13,13,7
2022-08-26,Neurology,36,26,0.7222,4,4,8,7,10
2022-08-26,Obstetrics,40,25,0.625,4,4,8,8,9
2022-08-26,Oncology,38,28,0.7368,4,4,8,8,4
2022-08-26,Orthopedics,48,31,0.6458,5,5,10,10,4
2022-08-26,Urology,30,22,0.7333,3,3,6,6,2
2022-08-27,Cardiology,44,30,0.6818,4,4,9,9,6
2022-08-27,General Surgery,42,32,0.7619,4,4,9,9,7
2022-08-27,Internal Medicine,64,47,0.7344,6,6,13,13,7
2022-08-27,Neurology,36,27,0.75,4,4,8,8,4
2022-08-27,Obstetrics,40,27,0.675,4,3,8,8,6
2022-08-27,Oncology,38,28,0.7368,4,4,8,8,8
2022-08-27,Orthopedics,48,31,0.6458,5,5,10,10,4
2022-08-27,Urology,30,19,0.6333,3,3,6,6,5
2022-08-28,Cardiology,44,30,0.6818,4,4,9,9,5
2022-08-28,General Surgery,42,31,0.7381,4,4,9,9,8
2022-08-28,Internal Medicine,64,48,0.75,6,6,13,13,10
2022-08-28,Neurology,36,23,0.6389,4,4,8,8,6
2022-08-28,Obstetrics,40,24,0.6,4,4,8,8,9
2022-08-28,Oncology,38,28,0.7368,4,4,8,8,3
2022-08-28,Orthopedics,48,34,0.7083,5,5,10,10,3
2022-08-28,Urology,30,22,0.7333,3,3,6,6,3
2022-08-29,Cardiology,44,33,0.75,4,4,9,8,6
2022-08-29,General Surgery,42,29,0.6905,4,4,9,9,5
2022-08-29,Internal Medicine,64,49,0.7656,6,6,13,13,9
2022-08-29,Neurology,36,28,0.7778,4,4,8,8,7
2022-08-29,Obstetrics,40,27,0.675,4,4,8,7,4
2022-08-29,Oncology,38,32,0.8421,4,4,8,8,6
2022-08-29,Orthopedics,48,32,0.6667,5,5,10,10,4
2022-08-29,Urology,30,25,0.8333,3,3,6,6,2
2022-08-30,Cardiology,44,34,0.7727,4,4,9,8,10
2022-08-30,General Surgery,42,31,0.7381,4,4,9,9,2
2022-08-30,Internal Medicine,64,52,0.8125,6,6,13,13,7
2022-08-30,Neurology,36,28,0.7778,4,4,8,8,6
2022-08-30,Obstetrics,40,27,0.675,4,3,8,8,7
2022-08-30,Oncology,38,30,0.7895,4,3,8,8,6
2022-08-30,Orthopedics,48,36,0.75,5,5,10,9,2
2022-08-30,Urology,30,22,0.7333,3,2,6,6,7
2022-08-31,Cardiology,44,34,0.7727,4,4,9,9,8
2022-08-31,General Surgery,42,36,0.8571,4,4,9,9,8
2022-08-31,Internal Medicine,64,54,0.8438,6,6,13,13,6
2022-08-31,Neurology,36,28,0.7778,4,4,8,8,2
2022-08-31,Obstetrics,40,26,0.65,4,4,8,7,4
2022-08-31,Oncology,38,32,0.8421,4,4,8,8,5
2022-08-31,Orthopedics,48,32,0.6667,5,5,10,10,2
2022-08-31,Urology,30,21,0.7,3,3,6,6,6
2022-09-01,Cardiology,44,32,0.7273,4,4,9,9,3
2022-09-01,General Surgery,42,31,0.7381,4,4,9,9,10
2022-09-01,Internal Medicine,64,55,0.8594,6,6,13,13,7
2022-09-01,Neurology,36,28,0.7778,4,4,8,8,9
2022-09-01,Obstetrics,40,28,0.7,4,4,8,8,2
2022-09-01,Oncology,38,32,0.8421,4,4,8,8,5
2022-09-01,Orthopedics,48,32,0.6667,5,5,10,10,5
2022-09-01,Urology,30,21,0.7,3,3,6,6,6
2022-09-02,Cardiology,44,27,0.6136,4,4,9,9,5
2022-09-02,General Surgery,42,32,0.7619,4,4,9,9,4
2022-09-02,Internal Medicine,64,48,0.75,6,6,13,13,7
2022-09-02,Neurology,36,30,0.8333,4,4,8,8,6
2022-09-02,Obstetrics,40,28,0.7,4,4,8,8,4
2022-09-02,Oncology,38,30,0.7895,4,4,8,8,5
2022-09-02,Orthopedics,48,36,0.75,5,5,10,10,5
2022-09-02,Urology,30,20,0.6667,3,3,6,6,5
2022-09-03,Cardiology,44,30,0.6818,4,4,9,9,5
2022-09-03,General Surgery,42,30,0.7143,4,3,9,9,5
2022-09-03,Internal Medicine,64,48,0.75,6,6,13,13,9
2022-09-03,Neurology,36,25,0.6944,4,4,8,7,4
2022-09-03,Obstetrics,40,25,0.625,4,4,8,8,3
2022-09-03,Oncology,38,29,0.7632,4,4,8,8,5
2022-09-03,Orthopedics,48,34,0.7083,5,5,10,10,6
2022-09-03,Urology,30,23,0.7667,3,3,6,6,2
2022-09-04,Cardiology,44,30,0.6818,4,4,9,9,6
2022-09-04,General Surgery,42,30,0.7143,4,4,9,9,6
2022-09-04,Internal Medicine,64,49,0.7656,6,6,13,12,14
2022-09-04,Neurology,36,26,0.7222,4,4,8,7,6
2022-09-04,Obstetrics,40,24,0.6,4,4,8,8,9
2022-09-04,Oncology,38,29,0.7632,4,4,8,8,6
2022-09-04,Orthopedics,48,37,0.7708,5,5,10,10,3
2022-09-04,Urology,30,22,0.7333,3,3,6,6,2
2022-09-05,Cardiology,44,29,0.6591,4,4,9,9,8
2022-09-05,General Surgery,42,31,0.7381,4,4,9,9,2
2022-09-05,Internal Medicine,64,50,0.7812,6,6,13,13,7
2022-09-05,Neurology,36,27,0.75,4,4,8,7,2
2022-09-05,Obstetrics,40,25,0.625,4,3,8,8,7
2022-09-05,Oncology,38,29,0.7632,4,4,8,8,1
2022-09-05,Orthopedics,48,37,0.7708,5,5,10,10,9
2022-09-05,Urology,30,22,0.7333,3,3,6,6,3
2022-09-06,Cardiology,44,31,0.7045,4,4,9,9,5
2022-09-06,General Surgery,42,32,0.7619,4,4,9,8,5
2022-09-06,Internal Medicine,64,43,0.6719,6,6,13,13,4
2022-09-06,Neurology,36,25,0.6944,4,4,8,8,10
2022-09-06,Obstetrics,40,28,0.7,4,4,8,8,5
2022-09-06,Oncology,38,29,0.7632,4,3,8,8,7
2022-09-06,Orthopedics,48,36,0.75,5,5,10,10,7
2022-09-06,Urology,30,24,0.8,3,3,6,6,9
2022-09-07,Cardiology,44,31,0.7045,4,4,9,9,3
2022-09-07,General Surgery,42,34,0.8095,4,4,9,8,7
2022-09-07,Internal Medicine,64,42,0.6562,6,6,13,13,7
2022-09-07,Neurology,36,28,0.7778,4,4,8,8,7
2022-09-07,Obstetrics,40,24,0.6,4,3,8,8,6
2022-09-07,Oncology,38,29,0.7632,4,4,8,8,8
2022-09-07,Orthopedics,48,36,0.75,5,5,10,9,5
2022-09-07,Urology,30,23,0.7667,3,2,6,6,6
2022-09-08,Cardiology,44,33,0.75,4,4,9,9,10
2022-09-08,General Surgery,42,31,0.7381,4,4,9,9,4
2022-09-08,Internal Medicine,64,48,0.75,6,6,13,13,9
2022-09-08,Neurology,36,30,0.8333,4,4,8,8,8
2022-09-08,Obstetrics,40,30,0.75,4,4,8,8,7
2022-09-08,Oncology,38,31,0.8158,4,4,8,8,2
2022-09-08,Orthopedics,48,34,0.7083,5,4,10,10,7
2022-09-08,Urology,30,24,0.8,3,3,6,6,5
2022-09-09,Cardiology,44,29,0.6591,4,3,9,9,9
2022-09-09,General Surgery,42,32,0.7619,4,4,9,9,2
2022-09-09,Internal Medicine,64,52,0.8125,6,6,13,13,12
2022-09-09,Neurology,36,27,0.75,4,4,8,8,5
2022-09-09,Obstetrics,40,30,0.75,4,4,8,8,5
2022-09-09,Oncology,38,27,0.7105,4,4,8,7,3
2022-09-09,Orthopedics,48,37,0.7708,5,5,10,10,8
2022-09-09,Urology,30,20,0.6667,3,3,6,6,3
2022-09-10,Cardiology,44,30,0.6818,4,4,9,9,9
2022-09-10,General Surgery,42,30,0.7143,4,4,9,9,6
2022-09-10,Internal Medicine,64,46,0.7188,6,6,13,13,6
2022-09-10,Neurology,36,24,0.6667,4,4,8,8,2
2022-09-10,Obstetrics,40,26,0.65,4,4,8,8,6
2022-09-10,Oncology,38,26,0.6842,4,4,8,8,3
2022-09-10,Orthopedics,48,32,0.6667,5,5,10,10,4
2022-09-10,Urology,30,23,0.7667,3,3,6,6,7
2022-09-11,Cardiology,44,29,0.6591,4,4,9,9,8
2022-09-11,General Surgery,42,28,0.6667,4,4,9,9,10
2022-09-11,Internal Medicine,64,49,0.7656,6,6,13,12,10
2022-09-11,Neurology,36,26,0.7222,4,4,8,8,4
2022-09-11,Obstetrics,40,24,0.6,4,4,8,8,1
2022-09-11,Oncology,38,31,0.8158,4,4,8,8,4
2022-09-11,Orthopedics,48,37,0.7708,5,5,10,10,8
2022-09-11,Urology,30,19,0.6333,3,3,6,6,5
2022-09-12,Cardiology,44,35,0.7955,4,4,9,9,8
2022-09-12,General Surgery,42,30,0.7143,4,4,9,9,10
2022-09-12,Internal Medicine,64,50,0.7812,6,6,13,13,7
2022-09-12,Neurology,36,27,0.75,4,3,8,8,6
2022-09-12,Obstetrics,40,26,0.65,4,4,8,8,2
2022-09-12,Oncology,38,31,0.8158,4,4,8,8,5
2022-09-12,Orthopedics,48,35,0.7292,5,5,10,9,3
2022-09-12,Urology,30,21,0.7,3,3,6,6,7
2022-09-13,Cardiology,44,33,0.75,4,4,9,8,7
2022-09-13,General Surgery,42,29,0.6905,4,4,9,9,1
2022-09-13,Internal Medicine,64,47,0.7344,6,6,13,13,6
2022-09-13,Neurology,36,26,0.7222,4,4,8,8,9
2022-09-13,Obstetrics,40,27,0.675,4,4,8,7,4
2022-09-13,Oncology,38,29,0.7632,4,4,8,8,6
2022-09-13,Orthopedics,48,30,0.625,5,5,10,9,6
2022-09-13,Urology,30,22,0.7333,3,3,6,6,10
2022-09-14,Cardiology,44,35,0.7955,4,4,9,9,4
2022-09-14,General Surgery,42,30,0.7143,4,4,9,9,8
2022-09-14,Internal Medicine,64,54,0.8438,6,6,13,13,8
2022-09-14,Neurology,36,28,0.7778,4,4,8,7,3
2022-09-14,Obstetrics,40,27,0.675,4,4,8,8,7
2022-09-14,Oncology,38,31,0.8158,4,4,8,8,3
2022-09-14,Orthopedics,48,32,0.6667,5,4,10,9,5
2022-09-14,Urology,30,22,0.7333,3,3,6,6,6
2022-09-15,Cardiology,44,30,0.6818,4,4,9,9,5
2022-09-15,General Surgery,42,32,0.7619,4,4,9,9,5
2022-09-15,Internal Medicine,64,50,0.7812,6,6,13,13,7
2022-09-15,Neurology,36,30,0.8333,4,4,8,8,8
2022-09-15,Obstetrics,40,29,0.725,4,4,8,7,6
2022-09-15,Oncology,38,31,0.8158,4,4,8,7,5
2022-09-15,Orthopedics,48,36,0.75,5,5,10,10,6
2022-09-15,Urology,30,21,0.7,3,3,6,6,1
2022-09-16,Cardiology,44,31,0.7045,4,4,9,9,7
2022-09-16,General Surgery,42,32,0.7619,4,4,9,9,8
2022-09-16,Internal Medicine,64,52,0.8125,6,6,13,12,8
2022-09-16,Neurology,36,28,0.7778,4,4,8,8,5
2022-09-16,Obstetrics,40,32,0.8,4,4,8,8,7
2022-09-16,Oncology,38,32,0.8421,4,4,8,8,4
2022-09-16,Orthopedics,48,34,0.7083,5,5,10,9,7
2022-09-16,Urology,30,22,0.7333,3,3,6,5,2
2022-09-17,Cardiology,44,33,0.75,4,4,9,9,10
2022-09-17,General Surgery,42,31,0.7381,4,4,9,9,2
2022-09-17,Internal Medicine,64,44,0.6875,6,6,13,13,7
2022-09-17,Neurology,36,27,0.75,4,4,8,8,3
2022-09-17,Obstetrics,40,22,0.55,4,4,8,8,6
2022-09-17,Oncology,38,30,0.7895,4,4,8,8,3
2022-09-17,Orthopedics,48,30,0.625,5,5,10,10,6
2022-09-17,Urology,30,20,0.6667,3,2,6,6,6
2022-09-18,Cardiology,44,30,0.6818,4,4,9,9,7
2022-09-18,General Surgery,42,30,0.7143,4,4,9,9,6
2022-09-18,Internal Medicine,64,47,0.7344,6,6,13,13,6
2022-09-18,Neurology,36,26,0.7222,4,4,8,8,6
2022-09-18,Obstetrics,40,26,0.65,4,4,8,8,8
2022-09-18,Oncology,38,29,0.7632,4,4,8,8,4
2022-09-18,Orthopedics,48,33,0.6875,5,5,10,10,6
2022-09-18,Urology,30,20,0.6667,3,3,6,6,4
2022-09-19,Cardiology,44,31,0.7045,4,3,9,9,4
2022-09-19,General Surgery,42,34,0.8095,4,4,9,9,5
2022-09-19,Internal Medicine,64,51,0.7969,6,6,13,13,8
2022-09-19,Neurology,36,28,0.7778,4,4,8,8,7
2022-09-19,Obstetrics,40,27,0.675,4,4,8,8,3
2022-09-19,Oncology,38,31,0.8158,4,4,8,8,4
2022-09-19,Orthopedics,48,34,0.7083,5,5,10,10,9
2022-09-19,Urology,30,20,0.6667,3,3,6,6,6
2022-09-20,Cardiology,44,28,0.6364,4,4,9,9,4
2022-09-20,General Surgery,42,28,0.6667,4,4,9,9,3
2022-09-20,Internal Medicine,64,53,0.8281,6,6,13,13,9
2022-09-20,Neurology,36,30,0.8333,4,4,8,8,10
2022-09-20,Obstetrics,40,28,0.7,4,4,8,8,4
2022-09-20,Oncology,38,29,0.7632,4,3,8,8,5
2022-09-20,Orthopedics,48,33,0.6875,5,5,10,10,7
2022-09-20,Urology,30,22,0.7333,3,3,6,6,4
2022-09-21,Cardiology,44,31,0.7045,4,4,9,9,10
2022-09-21,General Surgery,42,37,0.881,4,4,9,9,8
2022-09-21,Internal Medicine,64,46,0.7188,6,6,13,13,7
2022-09-21,Neurology,36,28,0.7778,4,4,8,8,3
2022-09-21,Obstetrics,40,26,0.65,4,4,8,8,2
2022-09-21,Oncology,38,28,0.7368,4,4,8,8,3
2022-09-21,Orthopedics,48,37,0.7708,5,5,10,10,10
2022-09-21,Urology,30,22,0.7333,3,3,6,6,4
2022-09-22,Cardiology,44,35,0.7955,4,4,9,9,4
2022-09-22,General Surgery,42,35,0.8333,4,4,9,9,7
2022-09-22,Internal Medicine,64,54,0.8438,6,6,13,13,13
2022-09-22,Neurology,36,29,0.8056,4,3,8,8,12
2022-09-22,Obstetrics,40,27,0.675,4,4,8,7,5
2022-09-22,Oncology,38,28,0.7368,4,4,8,8,5
2022-09-22,Orthopedics,48,35,0.7292,5,5,10,9,6
2022-09-22,Urology,30,22,0.7333,3,3,6,6,4
2022-09-23,Cardiology,44,32,0.7273,4,4,9,9,10
2022-09-23,General Surgery,42,34,0.8095,4,4,9,9,7
2022-09-23,Internal Medicine,64,52,0.8125,6,6,13,12,4
2022-09-23,Neurology,36,26,0.7222,4,4,8,8,8
2022-09-23,Obstetrics,40,30,0.75,4,4,8,8,7
2022-09-23,Oncology,38,31,0.8158,4,4,8,8,9
2022-09-23,Orthopedics,48,40,0.8333,5,5,10,10,4
2022-09-23,Urology,30,20,0.6667,3,3,6,6,7
2022-09-24,Cardiology,44,33,0.75,4,4,9,9,12
2022-09-24,General Surgery,42,31,0.7381,4,4,9,8,6
2022-09-24,Internal Medicine,64,52,0.8125,6,6,13,13,5
2022-09-24,Neurology,36,25,0.6944,4,4,8,8,11
2022-09-24,Obstetrics,40,22,0.55,4,4,8,7,3
2022-09-24,Oncology,38,29,0.7632,4,4,8,8,8
2022-09-24,Orthopedics,48,34,0.7083,5,5,10,10,1
2022-09-24,Urology,30,22,0.7333,3,3,6,6,3
2022-09-25,Cardiology,44,33,0.75,4,4,9,9,6
2022-09-25,General Surgery,42,30,0.7143,4,4,9,8,6
2022-09-25,Internal Medicine,64,47,0.7344,6,5,13,12,3
2022-09-25,Neurology,36,29,0.8056,4,4,8,8,6
2022-09-25,Obstetrics,40,29,0.725,4,4,8,8,7
2022-09-25,Oncology,38,30,0.7895,4,4,8,8,6
2022-09-25,Orthopedics,48,36,0.75,5,5,10,10,4
2022-09-25,Urology,30,22,0.7333,3,3,6,5,8
2022-09-26,Cardiology,44,28,0.6364,4,4,9,9,8
2022-09-26,General Surgery,42,31,0.7381,4,4,9,9,6
2022-09-26,Internal Medicine,64,50,0.7812,6,6,13,13,4
2022-09-26,Neurology,36,27,0.75,4,4,8,7,7
2022-09-26,Obstetrics,40,28,0.7,4,4,8,7,10
2022-09-26,Oncology,38,29,0.7632,4,4,8,7,5
2022-09-26,Orthopedics,48,36,0.75,5,5,10,10,11
2022-09-26,Urology,30,22,0.7333,3,3,6,6,5
2022-09-27,Cardiology,44,31,0.7045,4,4,9,9,10
2022-09-27,General Surgery,42,30,0.7143,4,4,9,9,7
2022-09-27,Internal Medicine,64,50,0.7812,6,6,13,13,3
2022-09-27,Neurology,36,30,0.8333,4,4,8,8,9
2022-09-27,Obstetrics,40,26,0.65,4,4,8,8,8
2022-09-27,Oncology,38,32,0.8421,4,4,8,8,2
2022-09-27,Orthopedics,48,36,0.75,5,5,10,10,3
2022-09-27,Urology,30,20,0.6667,3,3,6,5,5
2022-09-28,Cardiology,44,35,0.7955,4,4,9,9,10
2022-09-28,General Surgery,42,30,0.7143,4,4,9,9,5
2022-09-28,Internal Medicine,64,50,0.7812,6,6,13,13,9
2022-09-28,Neurology,36,26,0.7222,4,4,8,8,6
2022-09-28,Obstetrics,40,27,0.675,4,4,8,8,6
2022-09-28,Oncology,38,31,0.8158,4,4,8,8,5
2022-09-28,Orthopedics,48,38,0.7917,5,5,10,9,3
2022-09-28,Urology,30,21,0.7,3,3,6,5,6
2022-09-29,Cardiology,44,33,0.75,4,3,9,9,4
2022-09-29,General Surgery,42,33,0.7857,4,4,9,9,4
2022-09-29,Internal Medicine,64,53,0.8281,6,6,13,13,6
2022-09-29,Neurology,36,29,0.8056,4,4,8,8,12
2022-09-29,Obstetrics,40,28,0.7,4,3,8,8,6
2022-09-29,Oncology,38,32,0.8421,4,4,8,8,7
2022-09-29,Orthopedics,48,34,0.7083,5,5,10,10,3
2022-09-29,Urology,30,22,0.7333,3,3,6,6,6
2022-09-30,Cardiology,44,30,0.6818,4,4,9,9,8
2022-09-30,General Surgery,42,31,0.7381,4,4,9,9,6
2022-09-30,Internal Medicine,64,53,0.8281,6,6,13,12,6
2022-09-30,Neurology,36,28,0.7778,4,4,8,8,5
2022-09-30,Obstetrics,40,27,0.675,4,4,8,8,2
2022-09-30,Oncology,38,29,0.7632,4,4,8,8,6
2022-09-30,Orthopedics,48,33,0.6875,5,5,10,10,9
2022-09-30,Urology,30,21,0.7,3,2,6,6,8
2022-10-01,Cardiology,44,31,0.7045,4,4,9,9,4
2022-10-01,General Surgery,42,30,0.7143,4,4,9,9,7
2022-10-01,Internal Medicine,64,49,0.7656,6,6,13,13,6
2022-10-01,Neurology,36,24,0.6667,4,4,8,8,5
2022-10-01,Obstetrics,40,28,0.7,4,4,8,8,2
2022-10-01,Oncology,38,28,0.7368,4,4,8,8,2
2022-10-01,Orthopedics,48,36,0.75,5,5,10,10,8
2022-10-01,Urology,30,19,0.6333,3,3,6,6,9
2022-10-02,Cardiology,44,29,0.6591,4,4,9,8,7
2022-10-02,General Surgery,42,33,0.7857,4,4,9,9,7
2022-10-02,Internal Medicine,64,56,0.875,6,6,13,13,3
2022-10-02,Neurology,36,28,0.7778,4,4,8,8,8
2022-10-02,Obstetrics,40,27,0.675,4,4,8,8,7
2022-10-02,Oncology,38,32,0.8421,4,4,8,7,6
2022-10-02,Orthopedics,48,32,0.6667,5,5,10,10,4
2022-10-02,Urology,30,21,0.7,3,3,6,6,4
2022-10-03,Cardiology,44,28,0.6364,4,4,9,9,9
2022-10-03,General Surgery,42,29,0.6905,4,4,9,9,8
2022-10-03,Internal Medicine,64,51,0.7969,6,5,13,13,7
2022-10-03,Neurology,36,27,0.75,4,3,8,8,8
2022-10-03,Obstetrics,40,29,0.725,4,4,8,8,2
2022-10-03,Oncology,38,31,0.8158,4,3,8,8,7
2022-10-03,Orthopedics,48,33,0.6875,5,5,10,10,6
2022-10-03,Urology,30,21,0.7,3,3,6,6,9
2022-10-04,Cardiology,44,37,0.8409,4,4,9,9,4
2022-10-04,General Surgery,42,29,0.6905,4,4,9,9,4
2022-10-04,Internal Medicine,64,55,0.8594,6,6,13,13,13
2022-10-04,Neurology,36,27,0.75,4,4,8,8,6
2022-10-04,Obstetrics,40,29,0.725,4,4,8,8,2
2022-10-04,Oncology,38,30,0.7895,4,4,8,7,4
2022-10-04,Orthopedics,48,36,0.75,5,5,10,10,6
2022-10-04,Urology,30,21,0.7,3,3,6,6,3
2022-10-05,Cardiology,44,33,0.75,4,4,9,9,5
2022-10-05,General Surgery,42,30,0.7143,4,4,9,9,9
2022-10-05,Internal Medicine,64,52,0.8125,6,6,13,12,5
2022-10-05,Neurology,36,27,0.75,4,3,8,8,8
2022-10-05,Obstetrics,40,29,0.725,4,4,8,8,5
2022-10-05,Oncology,38,34,0.8947,4,4,8,7,7
2022-10-05,Orthopedics,48,30,0.625,5,5,10,9,3
2022-10-05,Urology,30,24,0.8,3,2,6,6,9
2022-10-06,Cardiology,44,40,0.9091,4,4,9,9,6
2022-10-06,General Surgery,42,32,0.7619,4,4,9,9,4
2022-10-06,Internal Medicine,64,48,0.75,6,6,13,13,6
2022-10-06,Neurology,36,29,0.8056,4,4,8,8,1
2022-10-06,Obstetrics,40,28,0.7,4,4,8,7,2
2022-10-06,Oncology,38,33,0.8684,4,4,8,8,2
2022-10-06,Orthopedics,48,34,0.7083,5,5,10,9,4
2022-10-06,Urology,30,22,0.7333,3,3,6,5,4
2022-10-07,Cardiology,44,36,0.8182,4,4,9,9,7
2022-10-07,General Surgery,42,33,0.7857,4,4,9,9,6
2022-10-07,Internal Medicine,64,53,0.8281,6,6,13,13,18
2022-10-07,Neurology,36,27,0.75,4,4,8,7,9
2022-10-07,Obstetrics,40,29,0.725,4,4,8,8,5
2022-10-07,Oncology,38,33,0.8684,4,4,8,8,3
2022-10-07,Orthopedics,48,33,0.6875,5,5,10,9,3
2022-10-07,Urology,30,23,0.7667,3,3,6,6,8
2022-10-08,Cardiology,44,30,0.6818,4,4,9,9,4
2022-10-08,General Surgery,42,31,0.7381,4,4,9,9,5
2022-10-08,Internal Medicine,64,52,0.8125,6,6,13,13,6
2022-10-08,Neurology,36,28,0.7778,4,4,8,8,12
2022-10-08,Obstetrics,40,28,0.7,4,4,8,8,2
2022-10-08,Oncology,38,29,0.7632,4,4,8,8,6
2022-10-08,Orthopedics,48,34,0.7083,5,5,10,10,5
2022-10-08,Urology,30,23,0.7667,3,3,6,6,5
2022-10-09,Cardiology,44,31,0.7045,4,4,9,9,8
2022-10-09,General Surgery,42,36,0.8571,4,4,9,8,10
2022-10-09,Internal Medicine,64,48,0.75,6,6,13,13,6
2022-10-09,Neurology,36,29,0.8056,4,4,8,8,8
2022-10-09,Obstetrics,40,29,0.725,4,4,8,8,7
2022-10-09,Oncology,38,27,0.7105,4,4,8,8,2
2022-10-09,Orthopedics,48,34,0.7083,5,5,10,10,7
2022-10-09,Urology,30,23,0.7667,3,2,6,6,7
2022-10-10,Cardiology,44,32,0.7273,4,3,9,9,3
2022-10-10,General Surgery,42,34,0.8095,4,4,9,9,5
2022-10-10,Internal Medicine,64,52,0.8125,6,6,13,13,4
2022-10-10,Neurology,36,26,0.7222,4,4,8,8,5
2022-10-10,Obstetrics,40,30,0.75,4,4,8,8,6
2022-10-10,Oncology,38,30,0.7895,4,3,8,8,4
2022-10-10,Orthopedics,48,35,0.7292,5,5,10,10,5
2022-10-10,Urology,30,23,0.7667,3,3,6,6,4
2022-10-11,Cardiology,44,35,0.7955,4,4,9,9,8
2022-10-11,General Surgery,42,31,0.7381,4,4,9,9,3
2022-10-11,Internal Medicine,64,47,0.7344,6,6,13,13,7
2022-10-11,Neurology,36,27,0.75,4,4,8,8,5
2022-10-11,Obstetrics,40,30,0.75,4,4,8,8,7
2022-10-11,Oncology,38,30,0.7895,4,4,8,8,2
2022-10-11,Orthopedics,48,37,0.7708,5,5,10,10,6
2022-10-11,Urology,30,23,0.7667,3,3,6,6,6
2022-10-12,Cardiology,44,32,0.7273,4,3,9,9,5
2022-10-12,General Surgery,42,32,0.7619,4,3,9,9,6
2022-10-12,Internal Medicine,64,57,0.8906,6,6,13,13,6
2022-10-12,Neurology,36,31,0.8611,4,4,8,8,10
2022-10-12,Obstetrics,40,30,0.75,4,4,8,7,3
2022-10-12,Oncology,38,30,0.7895,4,4,8,7,7
2022-10-12,Orthopedics,48,35,0.7292,5,5,10,10,6
2022-10-12,Urology,30,22,0.7333,3,3,6,6,9
2022-10-13,Cardiology,44,36,0.8182,4,4,9,9,6
2022-10-13,General Surgery,42,30,0.7143,4,4,9,9,2
2022-10-13,Internal Medicine,64,47,0.7344,6,6,13,13,4
2022-10-13,Neurology,36,28,0.7778,4,4,8,7,8
2022-10-13,Obstetrics,40,28,0.7,4,4,8,8,5
2022-10-13,Oncology,38,33,0.8684,4,4,8,8,5
2022-10-13,Orthopedics,48,38,0.7917,5,5,10,10,6
2022-10-13,Urology,30,24,0.8,3,3,6,6,4
2022-10-14,Cardiology,44,35,0.7955,4,4,9,9,8
2022-10-14,General Surgery,42,32,0.7619,4,4,9,9,6
2022-10-14,Internal Medicine,64,53,0.8281,6,5,13,13,10
2022-10-14,Neurology,36,25,0.6944,4,4,8,8,8
2022-10-14,Obstetrics,40,29,0.725,4,4,8,8,4
2022-10-14,Oncology,38,31,0.8158,4,4,8,8,2
2022-10-14,Orthopedics,48,34,0.7083,5,5,10,10,4
2022-10-14,Urology,30,23,0.7667,3,3,6,6,5
2022-10-15,Cardiology,44,36,0.8182,4,4,9,9,4
2022-10-15,General Surgery,42,34,0.8095,4,4,9,9,6
2022-10-15,Internal Medicine,64,47,0.7344,6,6,13,13,5
2022-10-15,Neurology,36,30,0.8333,4,4,8,8,4
2022-10-15,Obstetrics,40,27,0.675,4,4,8,8,5
2022-10-15,Oncology,38,30,0.7895,4,4,8,7,3
2022-10-15,Orthopedics,48,33,0.6875,5,5,10,10,8
2022-10-15,Urology,30,21,0.7,3,3,6,6,3
2022-10-16,Cardiology,44,34,0.7727,4,4,9,9,6
2022-10-16,General Surgery,42,31,0.7381,4,4,9,9,5
2022-10-16,Internal Medicine,64,46,0.7188,6,6,13,13,5
2022-10-16,Neurology,36,29,0.8056,4,4,8,8,8
2022-10-16,Obstetrics,40,29,0.725,4,4,8,8,10
2022-10-16,Oncology,38,31,0.8158,4,4,8,7,5
2022-10-16,Orthopedics,48,39,0.8125,5,5,10,9,9
2022-10-16,Urology,30,20,0.6667,3,3,6,6,2
2022-10-17,Cardiology,44,33,0.75,4,4,9,9,4
2022-10-17,General Surgery,42,34,0.8095,4,3,9,9,7
2022-10-17,Internal Medicine,64,53,0.8281,6,6,13,13,6
2022-10-17,Neurology,36,28,0.7778,4,4,8,7,2
2022-10-17,Obstetrics,40,31,0.775,4,4,8,8,7
2022-10-17,Oncology,38,32,0.8421,4,4,8,8,7
2022-10-17,Orthopedics,48,39,0.8125,5,4,10,10,3
2022-10-17,Urology,30,24,0.8,3,2,6,6,8
2022-10-18,Cardiology,44,35,0.7955,4,3,9,9,10
2022-10-18,General Surgery,42,34,0.8095,4,3,9,9,6
2022-10-18,Internal Medicine,64,55,0.8594,6,6,13,13,9
2022-10-18,Neurology,36,25,0.6944,4,4,8,7,5
2022-10-18,Obstetrics,40,25,0.625,4,4,8,8,9
2022-10-18,Oncology,38,29,0.7632,4,3,8,7,5
2022-10-18,Orthopedics,48,34,0.7083,5,5,10,9,6
2022-10-18,Urology,30,22,0.7333,3,3,6,6,2
2022-10-19,Cardiology,44,32,0.7273,4,4,9,9,5
2022-10-19,General Surgery,42,32,0.7619,4,4,9,9,9
2022-10-19,Internal Medicine,64,54,0.8438,6,6,13,13,4
2022-10-19,Neurology,36,28,0.7778,4,4,8,8,8
2022-10-19,Obstetrics,40,30,0.75,4,4,8,8,2
2022-10-19,Oncology,38,31,0.8158,4,4,8,8,8
2022-10-19,Orthopedics,48,33,0.6875,5,5,10,10,4
2022-10-19,Urology,30,22,0.7333,3,3,6,6,2
2022-10-20,Cardiology,44,34,0.7727,4,4,9,9,8
2022-10-20,General Surgery,42,30,0.7143,4,4,9,9,9
2022-10-20,Internal Medicine,64,53,0.8281,6,6,13,13,6
2022-10-20,Neurology,36,30,0.8333,4,4,8,8,4
2022-10-20,Obstetrics,40,27,0.675,4,4,8,7,1
2022-10-20,Oncology,38,33,0.8684,4,4,8,8,8
2022-10-20,Orthopedics,48,35,0.7292,5,5,10,10,6
2022-10-20,Urology,30,22,0.7333,3,3,6,6,3
2022-10-21,Cardiology,44,34,0.7727,4,4,9,9,6
2022-10-21,General Surgery,42,32,0.7619,4,4,9,9,11
2022-10-21,Internal Medicine,64,49,0.7656,6,6,13,12,7
2022-10-21,Neurology,36,27,0.75,4,4,8,8,3
2022-10-21,Obstetrics,40,27,0.675,4,4,8,8,5
2022-10-21,Oncology,38,31,0.8158,4,4,8,8,6
2022-10-21,Orthopedics,48,39,0.8125,5,5,10,10,14
2022-10-21,Urology,30,20,0.6667,3,3,6,6,5
2022-10-22,Cardiology,44,32,0.7273,4,4,9,9,10
2022-10-22,General Surgery,42,31,0.7381,4,3,9,9,7
2022-10-22,Internal Medicine,64,52,0.8125,6,6,13,12,5
2022-10-22,Neurology,36,28,0.7778,4,3,8,8,13
2022-10-22,Obstetrics,40,26,0.65,4,4,8,8,4
2022-10-22,Oncology,38,29,0.7632,4,4,8,8,2
2022-10-22,Orthopedics,48,31,0.6458,5,5,10,10,7
2022-10-22,Urology,30,21,0.7,3,3,6,6,10
2022-10-23,Cardiology,44,32,0.7273,4,4,9,9,10
2022-10-23,General Surgery,42,31,0.7381,4,4,9,9,5
2022-10-23,Internal Medicine,64,54,0.8438,6,6,13,13,5
2022-10-23,Neurology,36,26,0.7222,4,4,8,7,4
2022-10-23,Obstetrics,40,24,0.6,4,4,8,8,2
2022-10-23,Oncology,38,28,0.7368,4,4,8,8,5
2022-10-23,Orthopedics,48,38,0.7917,5,5,10,10,4
2022-10-23,Urology,30,23,0.7667,3,3,6,6,8
2022-10-24,Cardiology,44,33,0.75,4,4,9,9,6
2022-10-24,General Surgery,42,34,0.8095,4,4,9,9,9
2022-10-24,Internal Medicine,64,57,0.8906,6,6,13,13,8
2022-10-24,Neurology,36,26,0.7222,4,4,8,8,3
2022-10-24,Obstetrics,40,26,0.65,4,4,8,8,1
2022-10-24,Oncology,38,32,0.8421,4,4,8,8,5
2022-10-24,Orthopedics,48,38,0.7917,5,5,10,10,5
2022-10-24,Urology,30,24,0.8,3,3,6,6,9
2022-10-25,Cardiology,44,38,0.8636,4,4,9,9,5
2022-10-25,General Surgery,42,33,0.7857,4,4,9,9,7
2022-10-25,Internal Medicine,64,50,0.7812,6,6,13,12,10
2022-10-25,Neurology,36,29,0.8056,4,4,8,8,14
2022-10-25,Obstetrics,40,31,0.775,4,4,8,8,7
2022-10-25,Oncology,38,34,0.8947,4,4,8,8,7
2022-10-25,Orthopedics,48,36,0.75,5,5,10,10,7
2022-10-25,Urology,30,23,0.7667,3,3,6,5,6
2022-10-26,Cardiology,44,36,0.8182,4,4,9,9,7
2022-10-26,General Surgery,42,35,0.8333,4,4,9,9,7
2022-10-26,Internal Medicine,64,54,0.8438,6,6,13,13,7
2022-10-26,Neurology,36,28,0.7778,4,4,8,8,9
2022-10-26,Obstetrics,40,31,0.775,4,4,8,8,4
2022-10-26,Oncology,38,31,0.8158,4,3,8,8,3
2022-10-26,Orthopedics,48,32,0.6667,5,5,10,9,7
2022-10-26,Urology,30,25,0.8333,3,3,6,6,9
2022-10-27,Cardiology,44,35,0.7955,4,4,9,9,10
2022-10-27,General Surgery,42,30,0.7143,4,4,9,9,5
2022-10-27,Internal Medicine,64,54,0.8438,6,6,13,13,7
2022-10-27,Neurology,36,29,0.8056,4,4,8,8,10
2022-10-27,Obstetrics,40,28,0.7,4,4,8,8,7
2022-10-27,Oncology,38,32,0.8421,4,4,8,8,2
2022-10-27,Orthopedics,48,36,0.75,5,5,10,10,8
2022-10-27,Urology,30,22,0.7333,3,3,6,6,10
2022-10-28,Cardiology,44,37,0.8409,4,3,9,9,7
2022-10-28,General Surgery,42,34,0.8095,4,4,9,8,5
2022-10-28,Internal Medicine,64,56,0.875,6,6,13,13,4
2022-10-28,Neurology,36,32,0.8889,4,4,8,8,12
2022-10-28,Obstetrics,40,26,0.65,4,4,8,8,4
2022-10-28,Oncology,38,31,0.8158,4,4,8,8,7
2022-10-28,Orthopedics,48,35,0.7292,5,5,10,10,7
2022-10-28,Urology,30,22,0.7333,3,3,6,6,6
2022-10-29,Cardiology,44,36,0.8182,4,4,9,9,7
2022-10-29,General Surgery,42,33,0.7857,4,4,9,9,5
2022-10-29,Internal Medicine,64,58,0.9062,6,6,13,13,6
2022-10-29,Neurology,36,25,0.6944,4,4,8,8,8
2022-10-29,Obstetrics,40,26,0.65,4,4,8,8,2
2022-10-29,Oncology,38,29,0.7632,4,4,8,8,8
2022-10-29,Orthopedics,48,33,0.6875,5,5,10,10,4
2022-10-29,Urology,30,20,0.6667,3,3,6,6,7
2022-10-30,Cardiology,44,34,0.7727,4,4,9,9,4
2022-10-30,General Surgery,42,32,0.7619,4,4,9,8,5
2022-10-30,Internal Medicine,64,52,0.8125,6,6,13,13,12
2022-10-30,Neurology,36,24,0.6667,4,4,8,8,7
2022-10-30,Obstetrics,40,29,0.725,4,4,8,8,8
2022-10-30,Oncology,38,31,0.8158,4,3,8,8,6
2022-10-30,Orthopedics,48,36,0.75,5,5,10,10,7
2022-10-30,Urology,30,21,0.7,3,3,6,6,0
2022-10-31,Cardiology,44,35,0.7955,4,4,9,9,7
2022-10-31,General Surgery,42,32,0.7619,4,4,9,9,9
2022-10-31,Internal Medicine,64,52,0.8125,6,6,13,13,5
2022-10-31,Neurology,36,27,0.75,4,4,8,8,4
2022-10-31,Obstetrics,40,28,0.7,4,4,8,8,7
2022-10-31,Oncology,38,31,0.8158,4,4,8,8,1
2022-10-31,Orthopedics,48,36,0.75,5,5,10,10,7
2022-10-31,Urology,30,23,0.7667,3,3,6,6,5
2022-11-01,Cardiology,44,37,0.8409,4,4,9,9,11
2022-11-01,General Surgery,42,35,0.8333,4,4,9,9,3
2022-11-01,Internal Medicine,64,53,0.8281,6,6,13,13,8
2022-11-01,Neurology,36,31,0.8611,4,4,8,8,7
2022-11-01,Obstetrics,40,29,0.725,4,4,8,8,2
2022-11-01,Oncology,38,28,0.7368,4,4,8,8,3
2022-11-01,Orthopedics,48,34,0.7083,5,5,10,10,7
2022-11-01,Urology,30,23,0.7667,3,3,6,6,3
2022-11-02,Cardiology,44,32,0.7273,4,4,9,9,14
2022-11-02,General Surgery,42,35,0.8333,4,4,9,9,7
2022-11-02,Internal Medicine,64,56,0.875,6,6,13,13,5
2022-11-02,Neurology,36,29,0.8056,4,3,8,8,6
2022-11-02,Obstetrics,40,31,0.775,4,4,8,8,2
2022-11-02,Oncology,38,30,0.7895,4,4,8,7,5
2022-11-02,Orthopedics,48,33,0.6875,5,5,10,10,9
2022-11-02,Urology,30,24,0.8,3,3,6,6,8
2022-11-03,Cardiology,44,32,0.7273,4,4,9,9,14
2022-11-03,General Surgery,42,36,0.8571,4,4,9,9,8
2022-11-03,Internal Medicine,64,59,0.9219,6,6,13,13,6
2022-11-03,Neurology,36,30,0.8333,4,4,8,8,4
2022-11-03,Obstetrics,40,31,0.775,4,4,8,8,4
2022-11-03,Oncology,38,30,0.7895,4,4,8,8,6
2022-11-03,Orthopedics,48,37,0.7708,5,5,10,10,3
2022-11-03,Urology,30,23,0.7667,3,3,6,6,3
2022-11-04,Cardiology,44,38,0.8636,4,4,9,9,9
2022-11-04,General Surgery,42,33,0.7857,4,4,9,9,10
2022-11-04,Internal Medicine,64,54,0.8438,6,6,13,13,3
2022-11-04,Neurology,36,29,0.8056,4,4,8,8,2
2022-11-04,Obstetrics,40,30,0.75,4,4,8,8,5
2022-11-04,Oncology,38,32,0.8421,4,4,8,8,2
2022-11-04,Orthopedics,48,39,0.8125,5,5,10,10,6
2022-11-04,Urology,30,23,0.7667,3,3,6,5,8
2022-11-05,Cardiology,44,34,0.7727,4,4,9,9,4
2022-11-05,General Surgery,42,33,0.7857,4,4,9,9,6
2022-11-05,Internal Medicine,64,50,0.7812,6,6,13,13,8
2022-11-05,Neurology,36,27,0.75,4,3,8,8,5
2022-11-05,Obstetrics,40,29,0.725,4,4,8,8,7
2022-11-05,Oncology,38,32,0.8421,4,4,8,8,6
2022-11-05,Orthopedics,48,35,0.7292,5,5,10,10,3
2022-11-05,Urology,30,20,0.6667,3,2,6,5,2
2022-11-06,Cardiology,44,30,0.6818,4,4,9,9,5
2022-11-06,General Surgery,42,34,0.8095,4,4,9,9,13
2022-11-06,Internal Medicine,64,55,0.8594,6,6,13,13,8
2022-11-06,Neurology,36,28,0.7778,4,4,8,8,5
2022-11-06,Obstetrics,40,26,0.65,4,4,8,8,6
2022-11-06,Oncology,38,30,0.7895,4,4,8,8,5
2022-11-06,Orthopedics,48,36,0.75,5,5,10,9,5
2022-11-06,Urology,30,21,0.7,3,3,6,6,7
2022-11-07,Cardiology,44,35,0.7955,4,4,9,9,6
2022-11-07,General Surgery,42,33,0.7857,4,4,9,9,3
2022-11-07,Internal Medicine,64,55,0.8594,6,5,13,12,6
2022-11-07,Neurology,36,27,0.75,4,4,8,7,3
2022-11-07,Obstetrics,40,27,0.675,4,4,8,7,7
2022-11-07,Oncology,38,33,0.8684,4,4,8,8,4
2022-11-07,Orthopedics,48,34,0.7083,5,5,10,10,6
2022-11-07,Urology,30,23,0.7667,3,3,6,6,4
2022-11-08,Cardiology,44,35,0.7955,4,4,9,9,10
2022-11-08,General Surgery,42,33,0.7857,4,4,9,9,7
2022-11-08,Internal Medicine,64,52,0.8125,6,6,13,13,7
2022-11-08,Neurology,36,27,0.75,4,4,8,8,3
2022-11-08,Obstetrics,40,30,0.75,4,4,8,8,5
2022-11-08,Oncology,38,33,0.8684,4,4,8,7,4
2022-11-08,Orthopedics,48,38,0.7917,5,5,10,10,7
2022-11-08,Urology,30,23,0.7667,3,3,6,5,7
2022-11-09,Cardiology,44,38,0.8636,4,4,9,9,9
2022-11-09,General Surgery,42,33,0.7857,4,4,9,9,4
2022-11-09,Internal Medicine,64,48,0.75,6,6,13,13,9
2022-11-09,Neurology,36,25,0.6944,4,4,8,8,5
2022-11-09,Obstetrics,40,30,0.75,4,4,8,8,5
2022-11-09,Oncology,38,35,0.9211,4,4,8,8,5
2022-11-09,Orthopedics,48,36,0.75,5,5,10,9,2
2022-11-09,Urology,30,23,0.7667,3,3,6,5,7
2022-11-10,Cardiology,44,34,0.7727,4,4,9,9,7
2022-11-10,General Surgery,42,37,0.881,4,3,9,9,4
2022-11-10,Internal Medicine,64,62,0.9688,6,6,13,12,7
2022-11-10,Neurology,36,26,0.7222,4,4,8,8,7
2022-11-10,Obstetrics,40,29,0.725,4,4,8,8,7
2022-11-10,Oncology,38,34,0.8947,4,4,8,8,9
2022-11-10,Orthopedics,48,35,0.7292,5,5,10,10,2
2022-11-10,Urology,30,23,0.7667,3,3,6,6,5
2022-11-11,Cardiology,44,37,0.8409,4,4,9,9,7
2022-11-11,General Surgery,42,33,0.7857,4,4,9,9,8
2022-11-11,Internal Medicine,64,54,0.8438,6,6,13,13,5
2022-11-11,Neurology,36,27,0.75,4,4,8,8,10
2022-11-11,Obstetrics,40,29,0.725,4,4,8,8,5
2022-11-11,Oncology,38,31,0.8158,4,4,8,8,5
2022-11-11,Orthopedics,48,36,0.75,5,5,10,9,9
2022-11-11,Urology,30,24,0.8,3,3,6,6,7
2022-11-12,Cardiology,44,33,0.75,4,4,9,9,7
2022-11-12,General Surgery,42,31,0.7381,4,4,9,8,4
2022-11-12,Internal Medicine,64,51,0.7969,6,6,13,13,4
2022-11-12,Neurology,36,23,0.6389,4,4,8,8,6
2022-11-12,Obstetrics,40,26,0.65,4,4,8,8,11
2022-11-12,Oncology,38,32,0.8421,4,4,8,8,4
2022-11-12,Orthopedics,48,37,0.7708,5,5,10,10,4
2022-11-12,Urology,30,21,0.7,3,3,6,6,4
2022-11-13,Cardiology,44,32,0.7273,4,4,9,9,9
2022-11-13,General Surgery,42,35,0.8333,4,4,9,9,8
2022-11-13,Internal Medicine,64,48,0.75,6,6,13,13,3
2022-11-13,Neurology,36,29,0.8056,4,4,8,8,8
2022-11-13,Obstetrics,40,29,0.725,4,4,8,8,7
2022-11-13,Oncology,38,31,0.8158,4,4,8,8,8
2022-11-13,Orthopedics,48,34,0.7083,5,5,10,10,3
2022-11-13,Urology,30,23,0.7667,3,3,6,6,4
2022-11-14,Cardiology,44,40,0.9091,4,4,9,9,9
2022-11-14,General Surgery,42,33,0.7857,4,4,9,9,9
2022-11-14,Internal Medicine,64,53,0.8281,6,6,13,13,7
2022-11-14,Neurology,36,28,0.7778,4,4,8,8,6
2022-11-14,Obstetrics,40,30,0.75,4,4,8,8,3
2022-11-14,Oncology,38,34,0.8947,4,4,8,8,5
2022-11-14,Orthopedics,48,33,0.6875,5,5,10,10,5
2022-11-14,Urology,30,21,0.7,3,3,6,6,2
2022-11-15,Cardiology,44,37,0.8409,4,4,9,9,3
2022-11-15,General Surgery,42,37,0.881,4,4,9,8,2
2022-11-15,Internal Medicine,64,54,0.8438,6,5,13,12,6
2022-11-15,Neurology,36,27,0.75,4,4,8,8,6
2022-11-15,Obstetrics,40,30,0.75,4,4,8,8,1
2022-11-15,Oncology,38,36,0.9474,4,4,8,8,12
2022-11-15,Orthopedics,48,38,0.7917,5,5,10,10,6
2022-11-15,Urology,30,22,0.7333,3,3,6,6,4
2022-11-16,Cardiology,44,33,0.75,4,4,9,9,4
2022-11-16,General Surgery,42,31,0.7381,4,4,9,9,7
2022-11-16,Internal Medicine,64,57,0.8906,6,5,13,12,8
2022-11-16,Neurology,36,29,0.8056,4,4,8,8,9
2022-11-16,Obstetrics,40,30,0.75,4,4,8,8,5
2022-11-16,Oncology,38,33,0.8684,4,3,8,8,9
2022-11-16,Orthopedics,48,35,0.7292,5,5,10,10,4
2022-11-16,Urology,30,20,0.6667,3,3,6,6,4
2022-11-17,Cardiology,44,36,0.8182,4,4,9,9,3
2022-11-17,General Surgery,42,36,0.8571,4,4,9,9,11
2022-11-17,Internal Medicine,64,59,0.9219,6,6,13,13,6
2022-11-17,Neurology,36,27,0.75,4,4,8,8,7
2022-11-17,Obstetrics,40,28,0.7,4,4,8,8,3
2022-11-17,Oncology,38,31,0.8158,4,4,8,8,3
2022-11-17,Orthopedics,48,40,0.8333,5,5,10,10,7
2022-11-17,Urology,30,23,0.7667,3,3,6,6,5
2022-11-18,Cardiology,44,34,0.7727,4,3,9,9,7
2022-11-18,General Surgery,42,34,0.8095,4,4,9,9,10
2022-11-18,Internal Medicine,64,57,0.8906,6,6,13,12,8
2022-11-18,Neurology,36,29,0.8056,4,4,8,8,8
2022-11-18,Obstetrics,40,29,0.725,4,4,8,8,4
2022-11-18,Oncology,38,29,0.7632,4,4,8,8,2
2022-11-18,Orthopedics,48,34,0.7083,5,5,10,10,3
2022-11-18,Urology,30,21,0.7,3,3,6,6,4
2022-11-19,Cardiology,44,39,0.8864,4,4,9,9,7
2022-11-19,General Surgery,42,34,0.8095,4,4,9,9,6
2022-11-19,Internal Medicine,64,52,0.8125,6,6,13,13,6
2022-11-19,Neurology,36,25,0.6944,4,4,8,8,7
2022-11-19,Obstetrics,40,27,0.675,4,4,8,8,6
2022-11-19,Oncology,38,31,0.8158,4,4,8,8,5
2022-11-19,Orthopedics,48,35,0.7292,5,5,10,10,5
2022-11-19,Urology,30,21,0.7,3,3,6,5,2
2022-11-20,Cardiology,44,34,0.7727,4,4,9,9,8
2022-11-20,General Surgery,42,35,0.8333,4,4,9,9,2
2022-11-20,Internal Medicine,64,53,0.8281,6,6,13,13,4
2022-11-20,Neurology,36,27,0.75,4,4,8,8,9
2022-11-20,Obstetrics,40,25,0.625,4,4,8,8,0
2022-11-20,Oncology,38,28,0.7368,4,3,8,8,3
2022-11-20,Orthopedics,48,37,0.7708,5,5,10,10,4
2022-11-20,Urology,30,20,0.6667,3,3,6,6,3
2022-11-21,Cardiology,44,36,0.8182,4,4,9,8,6
2022-11-21,General Surgery,42,34,0.8095,4,4,9,9,3
2022-11-21,Internal Medicine,64,54,0.8438,6,6,13,13,8
2022-11-21,Neurology,36,30,0.8333,4,4,8,7,10
2022-11-21,Obstetrics,40,31,0.775,4,4,8,8,5
2022-11-21,Oncology,38,31,0.8158,4,4,8,8,8
2022-11-21,Orthopedics,48,38,0.7917,5,5,10,9,7
2022-11-21,Urology,30,21,0.7,3,3,6,6,3
2022-11-22,Cardiology,44,42,0.9545,4,4,9,9,6
2022-11-22,General Surgery,42,34,0.8095,4,4,9,9,9
2022-11-22,Internal Medicine,64,59,0.9219,6,6,13,13,9
2022-11-22,Neurology,36,27,0.75,4,4,8,8,5
2022-11-22,Obstetrics,40,27,0.675,4,4,8,8,9
2022-11-22,Oncology,38,29,0.7632,4,4,8,7,4
2022-11-22,Orthopedics,48,38,0.7917,5,5,10,10,13
2022-11-22,Urology,30,22,0.7333,3,3,6,5,3
2022-11-23,Cardiology,44,34,0.7727,4,4,9,9,9
2022-11-23,General Surgery,42,34,0.8095,4,4,9,9,6
2022-11-23,Internal Medicine,64,55,0.8594,6,6,13,13,3
2022-11-23,Neurology,36,28,0.7778,4,4,8,7,4
2022-11-23,Obstetrics,40,32,0.8,4,4,8,8,8
2022-11-23,Oncology,38,30,0.7895,4,4,8,8,9
2022-11-23,Orthopedics,48,35,0.7292,5,5,10,10,2
2022-11-23,Urology,30,21,0.7,3,3,6,5,5
2022-11-24,Cardiology,44,38,0.8636,4,4,9,9,9
2022-11-24,General Surgery,42,32,0.7619,4,4,9,9,7
2022-11-24,Internal Medicine,64,53,0.8281,6,6,13,13,8
2022-11-24,Neurology,36,26,0.7222,4,4,8,8,7
2022-11-24,Obstetrics,40,32,0.8,4,4,8,7,10
2022-11-24,Oncology,38,29,0.7632,4,4,8,8,6
2022-11-24,Orthopedics,48,38,0.7917,5,5,10,9,3
2022-11-24,Urology,30,22,0.7333,3,3,6,6,3
2022-11-25,Cardiology,44,36,0.8182,4,4,9,9,3
2022-11-25,General Surgery,42,31,0.7381,4,4,9,9,6
2022-11-25,Internal Medicine,64,57,0.8906,6,6,13,13,4
2022-11-25,Neurology,36,28,0.7778,4,4,8,8,4
2022-11-25,Obstetrics,40,29,0.725,4,4,8,8,3
2022-11-25,Oncology,38,30,0.7895,4,4,8,8,3
2022-11-25,Orthopedics,48,34,0.7083,5,4,10,10,10
2022-11-25,Urology,30,20,0.6667,3,3,6,6,2
2022-11-26,Cardiology,44,36,0.8182,4,4,9,9,10
2022-11-26,General Surgery,42,34,0.8095,4,4,9,9,7
2022-11-26,Internal Medicine,64,57,0.8906,6,6,13,13,8
2022-11-26,Neurology,36,28,0.7778,4,4,8,8,5
2022-11-26,Obstetrics,40,27,0.675,4,4,8,8,5
2022-11-26,Oncology,38,30,0.7895,4,4,8,7,6
2022-11-26,Orthopedics,48,38,0.7917,5,4,10,10,5
2022-11-26,Urology,30,23,0.7667,3,3,6,6,3
2022-11-27,Cardiology,44,32,0.7273,4,4,9,9,6
2022-11-27,General Surgery,42,30,0.7143,4,4,9,9,6
2022-11-27,Internal Medicine,64,50,0.7812,6,6,13,13,3
2022-11-27,Neurology,36,25,0.6944,4,4,8,8,5
2022-11-27,Obstetrics,40,29,0.725,4,4,8,7,7
2022-11-27,Oncology,38,32,0.8421,4,3,8,8,3
2022-11-27,Orthopedics,48,37,0.7708,5,5,10,10,6
2022-11-27,Urology,30,21,0.7,3,3,6,6,3
2022-11-28,Cardiology,44,32,0.7273,4,4,9,9,5
2022-11-28,General Surgery,42,33,0.7857,4,4,9,9,6
2022-11-28,Internal Medicine,64,51,0.7969,6,6,13,13,5
2022-11-28,Neurology,36,30,0.8333,4,4,8,8,6
2022-11-28,Obstetrics,40,31,0.775,4,4,8,8,3
2022-11-28,Oncology,38,35,0.9211,4,3,8,8,8
2022-11-28,Orthopedics,48,38,0.7917,5,5,10,10,2
2022-11-28,Urology,30,21,0.7,3,2,6,6,7
2022-11-29,Cardiology,44,36,0.8182,4,4,9,9,5
2022-11-29,General Surgery,42,33,0.7857,4,4,9,9,6
2022-11-29,Internal Medicine,64,53,0.8281,6,6,13,13,5
2022-11-29,Neurology,36,28,0.7778,4,4,8,8,13
2022-11-29,Obstetrics,40,29,0.725,4,4,8,8,8
2022-11-29,Oncology,38,28,0.7368,4,4,8,8,5
2022-11-29,Orthopedics,48,38,0.7917,5,5,10,10,5
2022-11-29,Urology,30,24,0.8,3,3,6,5,3
2022-11-30,Cardiology,44,38,0.8636,4,4,9,9,8
2022-11-30,General Surgery,42,36,0.8571,4,4,9,9,9
2022-11-30,Internal Medicine,64,63,0.9844,6,6,13,12,6
2022-11-30,Neurology,36,29,0.8056,4,4,8,7,8
2022-11-30,Obstetrics,40,30,0.75,4,4,8,8,4
2022-11-30,Oncology,38,32,0.8421,4,4,8,8,3
2022-11-30,Orthopedics,48,34,0.7083,5,5,10,10,5
2022-11-30,Urology,30,22,0.7333,3,3,6,6,5
2022-12-01,Cardiology,44,36,0.8182,4,3,9,9,4
2022-12-01,General Surgery,42,35,0.8333,4,3,9,9,7
2022-12-01,Internal Medicine,64,57,0.8906,6,6,13,13,10
2022-12-01,Neurology,36,30,0.8333,4,4,8,8,7
2022-12-01,Obstetrics,40,30,0.75,4,4,8,8,8
2022-12-01,Oncology,38,31,0.8158,4,4,8,8,3
2022-12-01,Orthopedics,48,38,0.7917,5,5,10,10,6
2022-12-01,Urology,30,24,0.8,3,3,6,6,3
2022-12-02,Cardiology,44,36,0.8182,4,4,9,9,9
2022-12-02,General Surgery,42,35,0.8333,4,3,9,9,5
2022-12-02,Internal Medicine,64,57,0.8906,6,5,13,13,10
2022-12-02,Neurology,36,31,0.8611,4,4,8,8,3
2022-12-02,Obstetrics,40,30,0.75,4,4,8,8,10
2022-12-02,Oncology,38,32,0.8421,4,4,8,8,3
2022-12-02,Orthopedics,48,40,0.8333,5,4,10,10,6
2022-12-02,Urology,30,21,0.7,3,3,6,6,4
2022-12-03,Cardiology,44,37,0.8409,4,4,9,9,10
2022-12-03,General Surgery,42,32,0.7619,4,4,9,9,8
2022-12-03,Internal Medicine,64,52,0.8125,6,6,13,13,4
2022-12-03,Neurology,36,28,0.7778,4,4,8,8,8
2022-12-03,Obstetrics,40,26,0.65,4,4,8,8,3
2022-12-03,Oncology,38,30,0.7895,4,4,8,8,3
2022-12-03,Orthopedics,48,35,0.7292,5,5,10,10,5
2022-12-03,Urology,30,19,0.6333,3,3,6,6,7
2022-12-04,Cardiology,44,34,0.7727,4,4,9,8,10
2022-12-04,General Surgery,42,34,0.8095,4,4,9,9,6
2022-12-04,Internal Medicine,64,56,0.875,6,6,13,12,4
2022-12-04,Neurology,36,29,0.8056,4,4,8,8,7
2022-12-04,Obstetrics,40,29,0.725,4,4,8,8,6
2022-12-04,Oncology,38,32,0.8421,4,4,8,8,11
2022-12-04,Orthopedics,48,32,0.6667,5,4,10,10,2
2022-12-04,Urology,30,21,0.7,3,3,6,6,3
2022-12-05,Cardiology,44,40,0.9091,4,4,9,9,3
2022-12-05,General Surgery,42,34,0.8095,4,4,9,9,4
2022-12-05,Internal Medicine,64,56,0.875,6,6,13,13,7
2022-12-05,Neurology,36,26,0.7222,4,4,8,8,10
2022-12-05,Obstetrics,40,30,0.75,4,4,8,8,5
2022-12-05,Oncology,38,29,0.7632,4,4,8,7,10
2022-12-05,Orthopedics,48,32,0.6667,5,5,10,10,7
2022-12-05,Urology,30,23,0.7667,3,3,6,6,3
2022-12-06,Cardiology,44,39,0.8864,4,4,9,9,9
2022-12-06,General Surgery,42,35,0.8333,4,4,9,9,9
2022-12-06,Internal Medicine,64,56,0.875,6,6,13,13,9
2022-12-06,Neurology,36,27,0.75,4,4,8,8,7
2022-12-06,Obstetrics,40,30,0.75,4,4,8,8,10
2022-12-06,Oncology,38,32,0.8421,4,4,8,8,3
2022-12-06,Orthopedics,48,35,0.7292,5,5,10,10,6
2022-12-06,Urology,30,26,0.8667,3,3,6,6,3
2022-12-07,Cardiology,44,35,0.7955,4,3,9,9,9
2022-12-07,General Surgery,42,35,0.8333,4,4,9,9,4
2022-12-07,Internal Medicine,64,57,0.8906,6,6,13,13,6
2022-12-07,Neurology,36,29,0.8056,4,4,8,8,5
2022-12-07,Obstetrics,40,28,0.7,4,4,8,8,5
2022-12-07,Oncology,38,34,0.8947,4,4,8,8,3
2022-12-07,Orthopedics,48,41,0.8542,5,5,10,10,3
2022-12-07,Urology,30,26,0.8667,3,3,6,6,3
2022-12-08,Cardiology,44,35,0.7955,4,4,9,9,6
2022-12-08,General Surgery,42,33,0.7857,4,3,9,9,7
2022-12-08,Internal Medicine,64,57,0.8906,6,5,13,13,4
2022-12-08,Neurology,36,28,0.7778,4,3,8,7,6
2022-12-08,Obstetrics,40,30,0.75,4,4,8,7,4
2022-12-08,Oncology,38,33,0.8684,4,4,8,8,3
2022-12-08,Orthopedics,48,38,0.7917,5,5,10,10,8
2022-12-08,Urology,30,22,0.7333,3,3,6,6,5
2022-12-09,Cardiology,44,33,0.75,4,4,9,8,6
2022-12-09,General Surgery,42,30,0.7143,4,4,9,9,7
2022-12-09,Internal Medicine,64,53,0.8281,6,6,13,12,7
2022-12-09,Neurology,36,31,0.8611,4,4,8,8,6
2022-12-09,Obstetrics,40,29,0.725,4,4,8,8,3
2022-12-09,Oncology,38,33,0.8684,4,4,8,8,5
2022-12-09,Orthopedics,48,40,0.8333,5,5,10,9,6
2022-12-09,Urology,30,24,0.8,3,3,6,6,8
2022-12-10,Cardiology,44,32,0.7273,4,4,9,8,8
2022-12-10,General Surgery,42,29,0.6905,4,4,9,9,7
2022-12-10,Internal Medicine,64,54,0.8438,6,6,13,13,3
2022-12-10,Neurology,36,27,0.75,4,4,8,8,14
2022-12-10,Obstetrics,40,26,0.65,4,4,8,8,8
2022-12-10,Oncology,38,30,0.7895,4,4,8,8,6
2022-12-10,Orthopedics,48,38,0.7917,5,5,10,10,5
2022-12-10,Urology,30,23,0.7667,3,3,6,6,10
2022-12-11,Cardiology,44,35,0.7955,4,4,9,8,5
2022-12-11,General Surgery,42,33,0.7857,4,4,9,9,13
2022-12-11,Internal Medicine,64,54,0.8438,6,6,13,13,8
2022-12-11,Neurology,36,25,0.6944,4,4,8,8,7
2022-12-11,Obstetrics,40,26,0.65,4,4,8,8,12
2022-12-11,Oncology,38,30,0.7895,4,4,8,8,9
2022-12-11,Orthopedics,48,38,0.7917,5,5,10,10,10
2022-12-11,Urology,30,23,0.7667,3,3,6,5,3
2022-12-12,Cardiology,44,37,0.8409,4,4,9,9,7
2022-12-12,General Surgery,42,35,0.8333,4,4,9,9,9
2022-12-12,Internal Medicine,64,58,0.9062,6,5,13,12,9
2022-12-12,Neurology,36,29,0.8056,4,4,8,8,3
2022-12-12,Obstetrics,40,31,0.775,4,4,8,7,7
2022-12-12,Oncology,38,34,0.8947,4,4,8,8,6
2022-12-12,Orthopedics,48,40,0.8333,5,5,10,10,8
2022-12-12,Urology,30,22,0.7333,3,3,6,6,5
2022-12-13,Cardiology,44,40,0.9091,4,4,9,9,8
2022-12-13,General Surgery,42,36,0.8571,4,4,9,8,8
2022-12-13,Internal Medicine,64,52,0.8125,6,5,13,13,11
2022-12-13,Neurology,36,28,0.7778,4,4,8,8,7
2022-12-13,Obstetrics,40,26,0.65,4,4,8,8,5
2022-12-13,Oncology,38,34,0.8947,4,4,8,7,12
2022-12-13,Orthopedics,48,37,0.7708,5,5,10,10,6
2022-12-13,Urology,30,21,0.7,3,3,6,6,2
2022-12-14,Cardiology,44,39,0.8864,4,4,9,9,6
2022-12-14,General Surgery,42,33,0.7857,4,4,9,9,8
2022-12-14,Internal Medicine,64,57,0.8906,6,6,13,13,6
2022-12-14,Neurology,36,29,0.8056,4,4,8,8,2
2022-12-14,Obstetrics,40,28,0.7,4,4,8,8,6
2022-12-14,Oncology,38,32,0.8421,4,4,8,8,6
2022-12-14,Orthopedics,48,34,0.7083,5,5,10,10,8
2022-12-14,Urology,30,25,0.8333,3,3,6,5,3
2022-12-15,Cardiology,44,37,0.8409,4,4,9,9,4
2022-12-15,General Surgery,42,36,0.8571,4,4,9,9,7
2022-12-15,Internal Medicine,64,58,0.9062,6,6,13,13,5
2022-12-15,Neurology,36,30,0.8333,4,4,8,7,8
2022-12-15,Obstetrics,40,29,0.725,4,4,8,8,12
2022-12-15,Oncology,38,30,0.7895,4,4,8,8,5
2022-12-15,Orthopedics,48,37,0.7708,5,5,10,10,6
2022-12-15,Urology,30,23,0.7667,3,3,6,6,8
2022-12-16,Cardiology,44,37,0.8409,4,4,9,9,9
2022-12-16,General Surgery,42,36,0.8571,4,4,9,9,10
2022-12-16,Internal Medicine,64,57,0.8906,6,6,13,12,4
2022-12-16,Neurology,36,30,0.8333,4,3,8,8,9
2022-12-16,Obstetrics,40,28,0.7,4,4,8,8,3
2022-12-16,Oncology,38,33,0.8684,4,4,8,8,5
2022-12-16,Orthopedics,48,38,0.7917,5,5,10,10,4
2022-12-16,Urology,30,22,0.7333,3,3,6,6,4
2022-12-17,Cardiology,44,37,0.8409,4,4,9,9,4
2022-12-17,General Surgery,42,34,0.8095,4,4,9,9,8
2022-12-17,Internal Medicine,64,54,0.8438,6,6,13,12,5
2022-12-17,Neurology,36,31,0.8611,4,4,8,8,6
2022-12-17,Obstetrics,40,29,0.725,4,4,8,8,4
2022-12-17,Oncology,38,31,0.8158,4,4,8,7,8
2022-12-17,Orthopedics,48,35,0.7292,5,5,10,10,6
2022-12-17,Urology,30,23,0.7667,3,3,6,6,7
2022-12-18,Cardiology,44,33,0.75,4,4,9,9,6
2022-12-18,General Surgery,42,35,0.8333,4,4,9,9,12
2022-12-18,Internal Medicine,64,55,0.8594,6,6,13,13,3
2022-12-18,Neurology,36,30,0.8333,4,4,8,7,5
2022-12-18,Obstetrics,40,30,0.75,4,4,8,8,1
2022-12-18,Oncology,38,33,0.8684,4,4,8,8,1
2022-12-18,Orthopedics,48,37,0.7708,5,4,10,9,3
2022-12-18,Urology,30,20,0.6667,3,3,6,6,8
2022-12-19,Cardiology,44,38,0.8636,4,4,9,8,9
2022-12-19,General Surgery,42,37,0.881,4,4,9,9,8
2022-12-19,Internal Medicine,64,59,0.9219,6,6,13,12,13
2022-12-19,Neurology,36,31,0.8611,4,4,8,8,11
2022-12-19,Obstetrics,40,29,0.725,4,4,8,8,4
2022-12-19,Oncology,38,30,0.7895,4,4,8,8,1
2022-12-19,Orthopedics,48,36,0.75,5,5,10,10,7
2022-12-19,Urology,30,21,0.7,3,3,6,6,4
2022-12-20,Cardiology,44,37,0.8409,4,4,9,8,10
2022-12-20,General Surgery,42,35,0.8333,4,4,9,9,7
2022-12-20,Internal Medicine,64,59,0.9219,6,6,13,13,5
2022-12-20,Neurology,36,31,0.8611,4,4,8,8,8
2022-12-20,Obstetrics,40,27,0.675,4,4,8,8,5
2022-12-20,Oncology,38,31,0.8158,4,4,8,8,5
2022-12-20,Orthopedics,48,38,0.7917,5,5,10,10,6
2022-12-20,Urology,30,20,0.6667,3,3,6,5,4
2022-12-21,Cardiology,44,41,0.9318,4,4,9,9,8
2022-12-21,General Surgery,42,35,0.8333,4,4,9,9,6
2022-12-21,Internal Medicine,64,54,0.8438,6,6,13,13,8
2022-12-21,Neurology,36,30,0.8333,4,3,8,7,13
2022-12-21,Obstetrics,40,30,0.75,4,4,8,8,2
2022-12-21,Oncology,38,32,0.8421,4,4,8,8,4
2022-12-21,Orthopedics,48,39,0.8125,5,5,10,9,4
2022-12-21,Urology,30,25,0.8333,3,3,6,6,4
2022-12-22,Cardiology,44,40,0.9091,4,4,9,9,10
2022-12-22,General Surgery,42,33,0.7857,4,4,9,9,10
2022-12-22,Internal Medicine,64,59,0.9219,6,6,13,12,11
2022-12-22,Neurology,36,30,0.8333,4,4,8,8,12
2022-12-22,Obstetrics,40,31,0.775,4,4,8,8,3
2022-12-22,Oncology,38,32,0.8421,4,4,8,7,9
2022-12-22,Orthopedics,48,38,0.7917,5,5,10,10,4
2022-12-22,Urology,30,21,0.7,3,3,6,5,4
2022-12-23,Cardiology,44,37,0.8409,4,4,9,9,12
2022-12-23,General Surgery,42,31,0.7381,4,4,9,9,10
2022-12-23,Internal Medicine,64,52,0.8125,6,6,13,13,7
2022-12-23,Neurology,36,28,0.7778,4,4,8,8,6
2022-12-23,Obstetrics,40,30,0.75,4,4,8,8,1
2022-12-23,Oncology,38,30,0.7895,4,4,8,7,5
2022-12-23,Orthopedics,48,40,0.8333,5,5,10,9,3
2022-12-23,Urology,30,25,0.8333,3,3,6,6,5
2022-12-24,Cardiology,44,38,0.8636,4,4,9,9,4
2022-12-24,General Surgery,42,32,0.7619,4,4,9,9,9
2022-12-24,Internal Medicine,64,51,0.7969,6,6,13,12,12
2022-12-24,Neurology,36,26,0.7222,4,4,8,8,7
2022-12-24,Obstetrics,40,27,0.675,4,4,8,8,3
2022-12-24,Oncology,38,30,0.7895,4,4,8,8,4
2022-12-24,Orthopedics,48,38,0.7917,5,5,10,10,6
2022-12-24,Urology,30,26,0.8667,3,3,6,6,8
2022-12-25,Cardiology,44,36,0.8182,4,4,9,9,2
2022-12-25,General Surgery,42,28,0.6667,4,4,9,8,7
2022-12-25,Internal Medicine,64,56,0.875,6,6,13,13,6
2022-12-25,Neurology,36,28,0.7778,4,4,8,8,3
2022-12-25,Obstetrics,40,30,0.75,4,4,8,8,7
2022-12-25,Oncology,38,30,0.7895,4,4,8,8,7
2022-12-25,Orthopedics,48,36,0.75,5,5,10,10,5
2022-12-25,Urology,30,21,0.7,3,3,6,6,7
2022-12-26,Cardiology,44,41,0.9318,4,4,9,9,4
2022-12-26,General Surgery,42,33,0.7857,4,4,9,9,7
2022-12-26,Internal Medicine,64,54,0.8438,6,6,13,13,7
2022-12-26,Neurology,36,29,0.8056,4,4,8,8,8
2022-12-26,Obstetrics,40,27,0.675,4,4,8,8,6
2022-12-26,Oncology,38,30,0.7895,4,4,8,8,3
2022-12-26,Orthopedics,48,42,0.875,5,4,10,10,4
2022-12-26,Urology,30,21,0.7,3,3,6,5,5
2022-12-27,Cardiology,44,37,0.8409,4,4,9,9,5
2022-12-27,General Surgery,42,34,0.8095,4,4,9,9,6
2022-12-27,Internal Medicine,64,60,0.9375,6,6,13,13,10
2022-12-27,Neurology,36,32,0.8889,4,3,8,8,7
2022-12-27,Obstetrics,40,32,0.8,4,4,8,8,3
2022-12-27,Oncology,38,34,0.8947,4,4,8,8,3
2022-12-27,Orthopedics,48,37,0.7708,5,5,10,10,3
2022-12-27,Urology,30,25,0.8333,3,3,6,5,6
2022-12-28,Cardiology,44,40,0.9091,4,4,9,9,6
2022-12-28,General Surgery,42,35,0.8333,4,4,9,8,9
2022-12-28,Internal Medicine,64,53,0.8281,6,6,13,13,5
2022-12-28,Neurology,36,31,0.8611,4,4,8,8,8
2022-12-28,Obstetrics,40,29,0.725,4,4,8,8,4
2022-12-28,Oncology,38,32,0.8421,4,4,8,8,4
2022-12-28,Orthopedics,48,38,0.7917,5,5,10,10,1
2022-12-28,Urology,30,23,0.7667,3,3,6,6,7
2022-12-29,Cardiology,44,35,0.7955,4,4,9,9,6
2022-12-29,General Surgery,42,36,0.8571,4,4,9,8,5
2022-12-29,Internal Medicine,64,58,0.9062,6,6,13,13,7
2022-12-29,Neurology,36,31,0.8611,4,4,8,8,5
2022-12-29,Obstetrics,40,28,0.7,4,4,8,8,3
2022-12-29,Oncology,38,32,0.8421,4,4,8,8,7
2022-12-29,Orthopedics,48,36,0.75,5,5,10,10,7
2022-12-29,Urology,30,24,0.8,3,3,6,6,8
2022-12-30,Cardiology,44,35,0.7955,4,4,9,9,3
2022-12-30,General Surgery,42,36,0.8571,4,3,9,9,10
2022-12-30,Internal Medicine,64,54,0.8438,6,5,13,13,8
2022-12-30,Neurology,36,30,0.8333,4,4,8,7,7
2022-12-30,Obstetrics,40,28,0.7,4,4,8,8,5
2022-12-30,Oncology,38,33,0.8684,4,4,8,8,7
2022-12-30,Orthopedics,48,41,0.8542,5,5,10,10,6
2022-12-30,Urology,30,23,0.7667,3,3,6,5,4
2022-12-31,Cardiology,44,38,0.8636,4,3,9,8,2
2022-12-31,General Surgery,42,34,0.8095,4,4,9,9,5
2022-12-31,Internal Medicine,64,57,0.8906,6,6,13,13,7
2022-12-31,Neurology,36,26,0.7222,4,4,8,8,3
2022-12-31,Obstetrics,40,28,0.7,4,4,8,8,2
2022-12-31,Oncology,38,32,0.8421,4,4,8,8,5
2022-12-31,Orthopedics,48,37,0.7708,5,5,10,10,7
2022-12-31,Urology,30,23,0.7667,3,3,6,6,6
2023-01-01,Cardiology,44,34,0.7727,4,4,9,9,12
2023-01-01,General Surgery,42,33,0.7857,4,4,9,9,6
2023-01-01,Internal Medicine,64,53,0.8281,6,6,13,12,7
2023-01-01,Neurology,36,25,0.6944,4,4,8,8,7
2023-01-01,Obstetrics,40,32,0.8,4,4,8,8,1
2023-01-01,Oncology,38,32,0.8421,4,4,8,8,3
2023-01-01,Orthopedics,48,35,0.7292,5,5,10,10,4
2023-01-01,Urology,30,21,0.7,3,3,6,6,9
2023-01-02,Cardiology,44,41,0.9318,4,4,9,9,5
2023-01-02,General Surgery,42,38,0.9048,4,4,9,9,7
2023-01-02,Internal Medicine,64,55,0.8594,6,6,13,13,9
2023-01-02,Neurology,36,29,0.8056,4,4,8,8,5
2023-01-02,Obstetrics,40,29,0.725,4,4,8,7,6
2023-01-02,Oncology,38,29,0.7632,4,4,8,8,2
2023-01-02,Orthopedics,48,37,0.7708,5,5,10,10,6
2023-01-02,Urology,30,23,0.7667,3,3,6,6,7
2023-01-03,Cardiology,44,38,0.8636,4,4,9,9,8
2023-01-03,General Surgery,42,35,0.8333,4,4,9,9,3
2023-01-03,Internal Medicine,64,57,0.8906,6,6,13,13,7
2023-01-03,Neurology,36,29,0.8056,4,4,8,8,10
2023-01-03,Obstetrics,40,29,0.725,4,4,8,8,2
2023-01-03,Oncology,38,30,0.7895,4,4,8,8,3
2023-01-03,Orthopedics,48,33,0.6875,5,5,10,10,3
2023-01-03,Urology,30,25,0.8333,3,3,6,6,6
2023-01-04,Cardiology,44,42,0.9545,4,3,9,8,11
2023-01-04,General Surgery,42,33,0.7857,4,4,9,9,6
2023-01-04,Internal Medicine,64,59,0.9219,6,6,13,13,9
2023-01-04,Neurology,36,28,0.7778,4,4,8,8,6
2023-01-04,Obstetrics,40,30,0.75,4,4,8,8,7
2023-01-04,Oncology,38,35,0.9211,4,3,8,8,4
2023-01-04,Orthopedics,48,38,0.7917,5,5,10,10,4
2023-01-04,Urology,30,25,0.8333,3,3,6,6,7
2023-01-05,Cardiology,44,39,0.8864,4,4,9,9,5
2023-01-05,General Surgery,42,33,0.7857,4,4,9,9,5
2023-01-05,Internal Medicine,64,59,0.9219,6,6,13,13,10
2023-01-05,Neurology,36,28,0.7778,4,4,8,7,6
2023-01-05,Obstetrics,40,30,0.75,4,4,8,8,9
2023-01-05,Oncology,38,30,0.7895,4,4,8,8,4
2023-01-05,Orthopedics,48,37,0.7708,5,5,10,9,4
2023-01-05,Urology,30,25,0.8333,3,3,6,6,4
2023-01-06,Cardiology,44,36,0.8182,4,4,9,9,6
2023-01-06,General Surgery,42,35,0.8333,4,4,9,9,16
2023-01-06,Internal Medicine,64,57,0.8906,6,6,13,13,7
2023-01-06,Neurology,36,27,0.75,4,4,8,8,7
2023-01-06,Obstetrics,40,30,0.75,4,4,8,8,5
2023-01-06,Oncology,38,32,0.8421,4,4,8,8,12
2023-01-06,Orthopedics,48,36,0.75,5,5,10,10,4
2023-01-06,Urology,30,24,0.8,3,3,6,6,7
2023-01-07,Cardiology,44,41,0.9318,4,4,9,9,8
2023-01-07,General Surgery,42,30,0.7143,4,4,9,9,2
2023-01-07,Internal Medicine,64,52,0.8125,6,6,13,12,7
2023-01-07,Neurology,36,29,0.8056,4,4,8,8,9
2023-01-07,Obstetrics,40,26,0.65,4,4,8,8,6
2023-01-07,Oncology,38,29,0.7632,4,4,8,8,6
2023-01-07,Orthopedics,48,36,0.75,5,5,10,9,5
2023-01-07,Urology,30,22,0.7333,3,3,6,5,1
2023-01-08,Cardiology,44,38,0.8636,4,4,9,8,10
2023-01-08,General Surgery,42,34,0.8095,4,4,9,9,3
2023-01-08,Internal Medicine,64,56,0.875,6,5,13,12,4
2023-01-08,Neurology,36,27,0.75,4,4,8,8,7
2023-01-08,Obstetrics,40,28,0.7,4,4,8,8,6
2023-01-08,Oncology,38,29,0.7632,4,4,8,8,4
2023-01-08,Orthopedics,48,34,0.7083,5,5,10,10,3
2023-01-08,Urology,30,19,0.6333,3,3,6,6,4
2023-01-09,Cardiology,44,38,0.8636,4,4,9,9,8
2023-01-09,General Surgery,42,34,0.8095,4,4,9,9,6
2023-01-09,Internal Medicine,64,55,0.8594,6,5,13,12,5
2023-01-09,Neurology,36,31,0.8611,4,4,8,8,8
2023-01-09,Obstetrics,40,29,0.725,4,4,8,7,4
2023-01-09,Oncology,38,32,0.8421,4,4,8,8,5
2023-01-09,Orthopedics,48,36,0.75,5,5,10,10,4
2023-01-09,Urology,30,24,0.8,3,3,6,6,7
2023-01-10,Cardiology,44,41,0.9318,4,4,9,9,3
2023-01-10,General Surgery,42,37,0.881,4,4,9,8,5
2023-01-10,Internal Medicine,64,59,0.9219,6,6,13,13,8
2023-01-10,Neurology,36,27,0.75,4,4,8,8,10
2023-01-10,Obstetrics,40,31,0.775,4,3,8,8,7
2023-01-10,Oncology,38,37,0.9737,4,4,8,7,8
2023-01-10,Orthopedics,48,39,0.8125,5,5,10,10,5
2023-01-10,Urology,30,22,0.7333,3,3,6,6,5
2023-01-11,Cardiology,44,35,0.7955,4,4,9,9,6
2023-01-11,General Surgery,42,34,0.8095,4,4,9,9,8
2023-01-11,Internal Medicine,64,53,0.8281,6,6,13,13,5
2023-01-11,Neurology,36,27,0.75,4,4,8,8,4
2023-01-11,Obstetrics,40,28,0.7,4,4,8,8,4
2023-01-11,Oncology,38,35,0.9211,4,4,8,8,4
2023-01-11,Orthopedics,48,41,0.8542,5,5,10,10,7
2023-01-11,Urology,30,24,0.8,3,3,6,6,5
2023-01-12,Cardiology,44,37,0.8409,4,4,9,9,7
2023-01-12,General Surgery,42,34,0.8095,4,4,9,9,7
2023-01-12,Internal Medicine,64,61,0.9531,6,6,13,12,7
2023-01-12,Neurology,36,30,0.8333,4,4,8,8,2
2023-01-12,Obstetrics,40,29,0.725,4,4,8,8,6
2023-01-12,Oncology,38,30,0.7895,4,4,8,7,7
2023-01-12,Orthopedics,48,39,0.8125,5,5,10,10,6
2023-01-12,Urology,30,22,0.7333,3,3,6,6,2
2023-01-13,Cardiology,44,39,0.8864,4,4,9,9,4
2023-01-13,General Surgery,42,31,0.7381,4,4,9,9,3
2023-01-13,Internal Medicine,64,61,0.9531,6,5,13,12,7
2023-01-13,Neurology,36,28,0.7778,4,4,8,8,4
2023-01-13,Obstetrics,40,32,0.8,4,4,8,8,7
2023-01-13,Oncology,38,33,0.8684,4,4,8,8,7
2023-01-13,Orthopedics,48,37,0.7708,5,5,10,9,7
2023-01-13,Urology,30,25,0.8333,3,3,6,6,5
2023-01-14,Cardiology,44,37,0.8409,4,4,9,9,6
2023-01-14,General Surgery,42,32,0.7619,4,4,9,9,6
2023-01-14,Internal Medicine,64,59,0.9219,6,6,13,13,6
2023-01-14,Neurology,36,25,0.6944,4,4,8,8,5
2023-01-14,Obstetrics,40,28,0.7,4,4,8,8,5
2023-01-14,Oncology,38,32,0.8421,4,3,8,8,7
2023-01-14,Orthopedics,48,33,0.6875,5,5,10,10,3
2023-01-14,Urology,30,22,0.7333,3,2,6,5,7
2023-01-15,Cardiology,44,37,0.8409,4,4,9,9,6
2023-01-15,General Surgery,42,34,0.8095,4,4,9,9,4
2023-01-15,Internal Medicine,64,60,0.9375,6,6,13,12,7
2023-01-15,Neurology,36,26,0.7222,4,3,8,8,6
2023-01-15,Obstetrics,40,29,0.725,4,3,8,8,5
2023-01-15,Oncology,38,31,0.8158,4,4,8,7,1
2023-01-15,Orthopedics,48,37,0.7708,5,5,10,10,5
2023-01-15,Urology,30,23,0.7667,3,3,6,6,7
2023-01-16,Cardiology,44,39,0.8864,4,4,9,9,12
2023-01-16,General Surgery,42,35,0.8333,4,4,9,9,8
2023-01-16,Internal Medicine,64,55,0.8594,6,6,13,13,5
2023-01-16,Neurology,36,28,0.7778,4,4,8,8,9
2023-01-16,Obstetrics,40,26,0.65,4,4,8,8,4
2023-01-16,Oncology,38,32,0.8421,4,4,8,8,6
2023-01-16,Orthopedics,48,35,0.7292,5,5,10,10,4
2023-01-16,Urology,30,24,0.8,3,3,6,6,1
2023-01-17,Cardiology,44,42,0.9545,4,4,9,9,11
2023-01-17,General Surgery,42,36,0.8571,4,3,9,9,4
2023-01-17,Internal Medicine,64,56,0.875,6,5,13,13,5
2023-01-17,Neurology,36,30,0.8333,4,4,8,8,9
2023-01-17,Obstetrics,40,31,0.775,4,4,8,8,3
2023-01-17,Oncology,38,34,0.8947,4,4,8,8,9
2023-01-17,Orthopedics,48,44,0.9167,5,5,10,10,6
2023-01-17,Urology,30,22,0.7333,3,3,6,6,9
2023-01-18,Cardiology,44,40,0.9091,4,4,9,9,8
2023-01-18,General Surgery,42,32,0.7619,4,4,9,9,9
2023-01-18,Internal Medicine,64,59,0.9219,6,6,13,13,5
2023-01-18,Neurology,36,29,0.8056,4,3,8,8,9
2023-01-18,Obstetrics,40,29,0.725,4,4,8,8,4
2023-01-18,Oncology,38,31,0.8158,4,4,8,8,3
2023-01-18,Orthopedics,48,42,0.875,5,5,10,10,3
2023-01-18,Urology,30,22,0.7333,3,3,6,6,4
2023-01-19,Cardiology,44,39,0.8864,4,4,9,9,7
2023-01-19,General Surgery,42,34,0.8095,4,4,9,9,9
2023-01-19,Internal Medicine,64,55,0.8594,6,6,13,13,11
2023-01-19,Neurology,36,33,0.9167,4,4,8,8,5
2023-01-19,Obstetrics,40,28,0.7,4,4,8,8,4
2023-01-19,Oncology,38,31,0.8158,4,4,8,8,4
2023-01-19,Orthopedics,48,38,0.7917,5,5,10,10,3
2023-01-19,Urology,30,24,0.8,3,3,6,6,1
2023-01-20,Cardiology,44,38,0.8636,4,4,9,8,4
2023-01-20,General Surgery,42,35,0.8333,4,4,9,8,6
2023-01-20,Internal Medicine,64,53,0.8281,6,6,13,13,7
2023-01-20,Neurology,36,31,0.8611,4,4,8,7,6
2023-01-20,Obstetrics,40,30,0.75,4,4,8,8,6
2023-01-20,Oncology,38,35,0.9211,4,4,8,8,6
2023-01-20,Orthopedics,48,34,0.7083,5,5,10,9,5
2023-01-20,Urology,30,24,0.8,3,3,6,5,2
2023-01-21,Cardiology,44,40,0.9091,4,4,9,9,6
2023-01-21,General Surgery,42,34,0.8095,4,4,9,9,11
2023-01-21,Internal Medicine,64,58,0.9062,6,6,13,13,8
2023-01-21,Neurology,36,29,0.8056,4,4,8,8,8
2023-01-21,Obstetrics,40,31,0.775,4,4,8,8,4
2023-01-21,Oncology,38,31,0.8158,4,4,8,7,5
2023-01-21,Orthopedics,48,40,0.8333,5,5,10,10,9
2023-01-21,Urology,30,21,0.7,3,3,6,6,3
2023-01-22,Cardiology,44,37,0.8409,4,4,9,9,5
2023-01-22,General Surgery,42,31,0.7381,4,4,9,9,4
2023-01-22,Internal Medicine,64,52,0.8125,6,5,13,13,8
2023-01-22,Neurology,36,31,0.8611,4,3,8,8,4
2023-01-22,Obstetrics,40,30,0.75,4,4,8,8,6
2023-01-22,Oncology,38,32,0.8421,4,3,8,8,2
2023-01-22,Orthopedics,48,33,0.6875,5,5,10,10,3
2023-01-22,Urology,30,20,0.6667,3,3,6,6,4
2023-01-23,Cardiology,44,37,0.8409,4,4,9,9,3
2023-01-23,General Surgery,42,35,0.8333,4,4,9,9,5
2023-01-23,Internal Medicine,64,59,0.9219,6,6,13,13,5
2023-01-23,Neurology,36,29,0.8056,4,4,8,8,5
2023-01-23,Obstetrics,40,31,0.775,4,4,8,8,8
2023-01-23,Oncology,38,35,0.9211,4,4,8,8,11
2023-01-23,Orthopedics,48,38,0.7917,5,5,10,10,11
2023-01-23,Urology,30,23,0.7667,3,3,6,5,5
2023-01-24,Cardiology,44,37,0.8409,4,4,9,9,9
2023-01-24,General Surgery,42,35,0.8333,4,4,9,9,5
2023-01-24,Internal Medicine,64,62,0.9688,6,6,13,13,7
2023-01-24,Neurology,36,27,0.75,4,4,8,8,2
2023-01-24,Obstetrics,40,27,0.675,4,3,8,8,3
2023-01-24,Oncology,38,35,0.9211,4,4,8,8,6
2023-01-24,Orthopedics,48,38,0.7917,5,5,10,10,4
2023-01-24,Urology,30,23,0.7667,3,3,6,5,10
2023-01-25,Cardiology,44,40,0.9091,4,4,9,9,2
2023-01-25,General Surgery,42,33,0.7857,4,4,9,9,8
2023-01-25,Internal Medicine,64,60,0.9375,6,6,13,12,5
2023-01-25,Neurology,36,29,0.8056,4,4,8,8,1
2023-01-25,Obstetrics,40,31,0.775,4,4,8,7,3
2023-01-25,Oncology,38,34,0.8947,4,4,8,8,5
2023-01-25,Orthopedics,48,37,0.7708,5,5,10,10,8
2023-01-25,Urology,30,24,0.8,3,3,6,6,6
2023-01-26,Cardiology,44,37,0.8409,4,4,9,9,9
2023-01-26,General Surgery,42,34,0.8095,4,4,9,9,4
2023-01-26,Internal Medicine,64,57,0.8906,6,6,13,13,4
2023-01-26,Neurology,36,29,0.8056,4,4,8,8,3
2023-01-26,Obstetrics,40,30,0.75,4,4,8,8,4
2023-01-26,Oncology,38,32,0.8421,4,4,8,8,7
2023-01-26,Orthopedics,48,38,0.7917,5,4,10,10,3
2023-01-26,Urology,30,22,0.7333,3,3,6,5,7
2023-01-27,Cardiology,44,39,0.8864,4,4,9,9,5
2023-01-27,General Surgery,42,35,0.8333,4,4,9,9,6
2023-01-27,Internal Medicine,64,61,0.9531,6,6,13,12,4
2023-01-27,Neurology,36,28,0.7778,4,4,8,8,10
2023-01-27,Obstetrics,40,27,0.675,4,4,8,8,6
2023-01-27,Oncology,38,30,0.7895,4,4,8,8,8
2023-01-27,Orthopedics,48,39,0.8125,5,5,10,10,9
2023-01-27,Urology,30,24,0.8,3,3,6,6,6
2023-01-28,Cardiology,44,36,0.8182,4,4,9,9,1
2023-01-28,General Surgery,42,36,0.8571,4,4,9,9,10
2023-01-28,Internal Medicine,64,54,0.8438,6,6,13,13,10
2023-01-28,Neurology,36,25,0.6944,4,3,8,8,4
2023-01-28,Obstetrics,40,30,0.75,4,4,8,8,6
2023-01-28,Oncology,38,29,0.7632,4,4,8,8,9
2023-01-28,Orthopedics,48,34,0.7083,5,5,10,10,6
2023-01-28,Urology,30,17,0.5667,3,3,6,6,5
2023-01-29,Cardiology,44,38,0.8636,4,4,9,9,6
2023-01-29,General Surgery,42,32,0.7619,4,4,9,8,6
2023-01-29,Internal Medicine,64,60,0.9375,6,6,13,13,5
2023-01-29,Neurology,36,25,0.6944,4,4,8,8,0
2023-01-29,Obstetrics,40,29,0.725,4,4,8,8,2
2023-01-29,Oncology,38,31,0.8158,4,4,8,7,6
2023-01-29,Orthopedics,48,40,0.8333,5,5,10,10,6
2023-01-29,Urology,30,24,0.8,3,3,6,6,8
2023-01-30,Cardiology,44,34,0.7727,4,4,9,8,3
2023-01-30,General Surgery,42,36,0.8571,4,4,9,9,8
2023-01-30,Internal Medicine,64,60,0.9375,6,6,13,13,5
2023-01-30,Neurology,36,29,0.8056,4,4,8,8,3
2023-01-30,Obstetrics,40,31,0.775,4,4,8,8,2
2023-01-30,Oncology,38,32,0.8421,4,4,8,8,4
2023-01-30,Orthopedics,48,41,0.8542,5,5,10,10,8
2023-01-30,Urology,30,24,0.8,3,3,6,6,9
2023-01-31,Cardiology,44,39,0.8864,4,4,9,9,5
2023-01-31,General Surgery,42,35,0.8333,4,4,9,9,5
2023-01-31,Internal Medicine,64,59,0.9219,6,6,13,13,8
2023-01-31,Neurology,36,30,0.8333,4,4,8,8,12
2023-01-31,Obstetrics,40,32,0.8,4,3,8,8,5
2023-01-31,Oncology,38,32,0.8421,4,4,8,7,2
2023-01-31,Orthopedics,48,37,0.7708,5,5,10,10,1
2023-01-31,Urology,30,24,0.8,3,3,6,5,7
2023-02-01,Cardiology,44,38,0.8636,4,4,9,9,5
2023-02-01,General Surgery,42,33,0.7857,4,4,9,9,5
2023-02-01,Internal Medicine,64,54,0.8438,6,6,13,12,6
2023-02-01,Neurology,36,28,0.7778,4,4,8,8,6
2023-02-01,Obstetrics,40,28,0.7,4,4,8,8,3
2023-02-01,Oncology,38,36,0.9474,4,4,8,8,5
2023-02-01,Orthopedics,48,39,0.8125,5,5,10,10,6
2023-02-01,Urology,30,22,0.7333,3,3,6,6,9
2023-02-02,Cardiology,44,39,0.8864,4,4,9,9,6
2023-02-02,General Surgery,42,35,0.8333,4,4,9,9,10
2023-02-02,Internal Medicine,64,56,0.875,6,6,13,13,4
2023-02-02,Neurology,36,28,0.7778,4,4,8,8,5
2023-02-02,Obstetrics,40,29,0.725,4,4,8,7,3
2023-02-02,Oncology,38,30,0.7895,4,4,8,8,5
2023-02-02,Orthopedics,48,38,0.7917,5,5,10,10,4
2023-02-02,Urology,30,25,0.8333,3,3,6,6,4
2023-02-03,Cardiology,44,36,0.8182,4,4,9,9,7
2023-02-03,General Surgery,42,34,0.8095,4,4,9,9,7
2023-02-03,Internal Medicine,64,62,0.9688,6,6,13,13,5
2023-02-03,Neurology,36,30,0.8333,4,4,8,8,11
2023-02-03,Obstetrics,40,30,0.75,4,4,8,8,4
2023-02-03,Oncology,38,31,0.8158,4,4,8,8,8
2023-02-03,Orthopedics,48,38,0.7917,5,5,10,10,4
2023-02-03,Urology,30,25,0.8333,3,3,6,6,7
2023-02-04,Cardiology,44,37,0.8409,4,4,9,8,8
2023-02-04,General Surgery,42,34,0.8095,4,4,9,9,5
2023-02-04,Internal Medicine,64,57,0.8906,6,5,13,13,8
2023-02-04,Neurology,36,27,0.75,4,4,8,8,6
2023-02-04,Obstetrics,40,30,0.75,4,4,8,8,3
2023-02-04,Oncology,38,33,0.8684,4,4,8,8,5
2023-02-04,Orthopedics,48,33,0.6875,5,5,10,10,4
2023-02-04,Urology,30,22,0.7333,3,3,6,6,6
2023-02-05,Cardiology,44,37,0.8409,4,4,9,9,12
2023-02-05,General Surgery,42,35,0.8333,4,4,9,9,8
2023-02-05,Internal Medicine,64,56,0.875,6,6,13,13,10
2023-02-05,Neurology,36,26,0.7222,4,4,8,8,6
2023-02-05,Obstetrics,40,28,0.7,4,4,8,8,8
2023-02-05,Oncology,38,32,0.8421,4,4,8,8,9
2023-02-05,Orthopedics,48,34,0.7083,5,4,10,10,7
2023-02-05,Urology,30,22,0.7333,3,3,6,6,2
2023-02-06,Cardiology,44,36,0.8182,4,4,9,8,2
2023-02-06,General Surgery,42,36,0.8571,4,4,9,9,6
2023-02-06,Internal Medicine,64,59,0.9219,6,6,13,13,5
2023-02-06,Neurology,36,32,0.8889,4,4,8,8,9
2023-02-06,Obstetrics,40,29,0.725,4,4,8,7,6
2023-02-06,Oncology,38,33,0.8684,4,4,8,8,6
2023-02-06,Orthopedics,48,36,0.75,5,5,10,10,7
2023-02-06,Urology,30,22,0.7333,3,3,6,5,6
2023-02-07,Cardiology,44,39,0.8864,4,3,9,9,7
2023-02-07,General Surgery,42,34,0.8095,4,4,9,9,6
2023-02-07,Internal Medicine,64,59,0.9219,6,5,13,12,9
2023-02-07,Neurology,36,29,0.8056,4,4,8,8,8
2023-02-07,Obstetrics,40,32,0.8,4,4,8,8,1
2023-02-07,Oncology,38,36,0.9474,4,3,8,8,3
2023-02-07,Orthopedics,48,40,0.8333,5,5,10,9,3
2023-02-07,Urology,30,22,0.7333,3,3,6,6,5
2023-02-08,Cardiology,44,36,0.8182,4,4,9,9,7
2023-02-08,General Surgery,42,37,0.881,4,4,9,9,5
2023-02-08,Internal Medicine,64,62,0.9688,6,6,13,13,7
2023-02-08,Neurology,36,27,0.75,4,3,8,8,11
2023-02-08,Obstetrics,40,29,0.725,4,4,8,8,9
2023-02-08,Oncology,38,30,0.7895,4,4,8,7,2
2023-02-08,Orthopedics,48,39,0.8125,5,5,10,10,5
2023-02-08,Urology,30,24,0.8,3,3,6,6,3
2023-02-09,Cardiology,44,38,0.8636,4,4,9,9,12
2023-02-09,General Surgery,42,31,0.7381,4,4,9,8,7
2023-02-09,Internal Medicine,64,61,0.9531,6,6,13,13,8
2023-02-09,Neurology,36,28,0.7778,4,4,8,7,5
2023-02-09,Obstetrics,40,32,0.8,4,4,8,8,7
2023-02-09,Oncology,38,30,0.7895,4,3,8,8,6
2023-02-09,Orthopedics,48,39,0.8125,5,5,10,10,2
2023-02-09,Urology,30,26,0.8667,3,3,6,5,3
2023-02-10,Cardiology,44,38,0.8636,4,4,9,9,10
2023-02-10,General Surgery,42,34,0.8095,4,4,9,9,6
2023-02-10,Internal Medicine,64,59,0.9219,6,6,13,13,10
2023-02-10,Neurology,36,29,0.8056,4,4,8,8,10
2023-02-10,Obstetrics,40,27,0.675,4,4,8,8,5
2023-02-10,Oncology,38,30,0.7895,4,4,8,8,3
2023-02-10,Orthopedics,48,36,0.75,5,5,10,10,7
2023-02-10,Urology,30,23,0.7667,3,3,6,6,5
2023-02-11,Cardiology,44,35,0.7955,4,4,9,8,5
2023-02-11,General Surgery,42,35,0.8333,4,4,9,9,4
2023-02-11,Internal Medicine,64,58,0.9062,6,5,13,12,6
2023-02-11,Neurology,36,27,0.75,4,4,8,8,8
2023-02-11,Obstetrics,40,31,0.775,4,4,8,8,5
2023-02-11,Oncology,38,32,0.8421,4,4,8,8,4
2023-02-11,Orthopedics,48,34,0.7083,5,5,10,9,2
2023-02-11,Urology,30,24,0.8,3,3,6,6,6
2023-02-12,Cardiology,44,36,0.8182,4,4,9,8,8
2023-02-12,General Surgery,42,34,0.8095,4,3,9,9,5
2023-02-12,Internal Medicine,64,56,0.875,6,6,13,13,7
2023-02-12,Neurology,36,30,0.8333,4,4,8,8,10
2023-02-12,Obstetrics,40,29,0.725,4,4,8,8,5
2023-02-12,Oncology,38,32,0.8421,4,4,8,8,4
2023-02-12,Orthopedics,48,34,0.7083,5,5,10,10,4
2023-02-12,Urology,30,22,0.7333,3,3,6,6,10
2023-02-13,Cardiology,44,41,0.9318,4,4,9,8,3
2023-02-13,General Surgery,42,32,0.7619,4,4,9,9,6
2023-02-13,Internal Medicine,64,60,0.9375,6,6,13,13,11
2023-02-13,Neurology,36,31,0.8611,4,4,8,8,6
2023-02-13,Obstetrics,40,29,0.725,4,4,8,8,6
2023-02-13,Oncology,38,31,0.8158,4,4,8,8,9
2023-02-13,Orthopedics,48,39,0.8125,5,5,10,10,4
2023-02-13,Urology,30,25,0.8333,3,3,6,6,7
2023-02-14,Cardiology,44,38,0.8636,4,4,9,9,4
2023-02-14,General Surgery,42,35,0.8333,4,4,9,8,6
2023-02-14,Internal Medicine,64,52,0.8125,6,6,13,13,9
2023-02-14,Neurology,36,31,0.8611,4,4,8,8,7
2023-02-14,Obstetrics,40,28,0.7,4,4,8,8,5
2023-02-14,Oncology,38,32,0.8421,4,4,8,8,7
2023-02-14,Orthopedics,48,32,0.6667,5,5,10,10,4
2023-02-14,Urology,30,22,0.7333,3,3,6,6,5
2023-02-15,Cardiology,44,38,0.8636,4,4,9,9,9
2023-02-15,General Surgery,42,38,0.9048,4,4,9,8,2
2023-02-15,Internal Medicine,64,55,0.8594,6,6,13,13,11
2023-02-15,Neurology,36,29,0.8056,4,4,8,8,6
2023-02-15,Obstetrics,40,27,0.675,4,4,8,8,8
2023-02-15,Oncology,38,33,0.8684,4,4,8,7,5
2023-02-15,Orthopedics,48,38,0.7917,5,5,10,10,5
2023-02-15,Urology,30,24,0.8,3,3,6,6,8
2023-02-16,Cardiology,44,37,0.8409,4,4,9,9,6
2023-02-16,General Surgery,42,35,0.8333,4,4,9,9,10
2023-02-16,Internal Medicine,64,58,0.9062,6,6,13,13,11
2023-02-16,Neurology,36,29,0.8056,4,4,8,8,11
2023-02-16,Obstetrics,40,31,0.775,4,4,8,8,4
2023-02-16,Oncology,38,33,0.8684,4,4,8,8,3
2023-02-16,Orthopedics,48,40,0.8333,5,5,10,10,4
2023-02-16,Urology,30,23,0.7667,3,3,6,5,3
2023-02-17,Cardiology,44,41,0.9318,4,3,9,9,7
2023-02-17,General Surgery,42,35,0.8333,4,4,9,9,5
2023-02-17,Internal Medicine,64,52,0.8125,6,6,13,13,4
2023-02-17,Neurology,36,28,0.7778,4,4,8,7,9
2023-02-17,Obstetrics,40,30,0.75,4,4,8,8,7
2023-02-17,Oncology,38,32,0.8421,4,4,8,7,5
2023-02-17,Orthopedics,48,43,0.8958,5,5,10,10,3
2023-02-17,Urology,30,23,0.7667,3,3,6,6,7
2023-02-18,Cardiology,44,36,0.8182,4,4,9,9,11
2023-02-18,General Surgery,42,33,0.7857,4,4,9,8,1
2023-02-18,Internal Medicine,64,56,0.875,6,6,13,13,4
2023-02-18,Neurology,36,26,0.7222,4,4,8,7,4
2023-02-18,Obstetrics,40,28,0.7,4,4,8,8,5
2023-02-18,Oncology,38,30,0.7895,4,4,8,8,5
2023-02-18,Orthopedics,48,34,0.7083,5,5,10,10,6
2023-02-18,Urology,30,20,0.6667,3,3,6,6,8
2023-02-19,Cardiology,44,36,0.8182,4,4,9,9,7
2023-02-19,General Surgery,42,33,0.7857,4,4,9,9,14
2023-02-19,Internal Medicine,64,56,0.875,6,6,13,13,4
2023-02-19,Neurology,36,29,0.8056,4,4,8,8,8
2023-02-19,Obstetrics,40,29,0.725,4,4,8,8,5
2023-02-19,Oncology,38,31,0.8158,4,4,8,7,6
2023-02-19,Orthopedics,48,39,0.8125,5,5,10,9,3
2023-02-19,Urology,30,23,0.7667,3,3,6,6,9
2023-02-20,Cardiology,44,38,0.8636,4,4,9,9,6
2023-02-20,General Surgery,42,33,0.7857,4,4,9,9,7
2023-02-20,Internal Medicine,64,56,0.875,6,6,13,13,7
2023-02-20,Neurology,36,27,0.75,4,4,8,8,8
2023-02-20,Obstetrics,40,29,0.725,4,4,8,8,3
2023-02-20,Oncology,38,32,0.8421,4,3,8,8,6
2023-02-20,Orthopedics,48,41,0.8542,5,5,10,10,3
2023-02-20,Urology,30,22,0.7333,3,3,6,6,8
2023-02-21,Cardiology,44,34,0.7727,4,4,9,9,7
2023-02-21,General Surgery,42,34,0.8095,4,4,9,9,4
2023-02-21,Internal Medicine,64,56,0.875,6,6,13,13,9
2023-02-21,Neurology,36,29,0.8056,4,4,8,8,6
2023-02-21,Obstetrics,40,30,0.75,4,3,8,8,7
2023-02-21,Oncology,38,34,0.8947,4,4,8,8,4
2023-02-21,Orthopedics,48,38,0.7917,5,5,10,10,1
2023-02-21,Urology,30,22,0.7333,3,3,6,6,3
2023-02-22,Cardiology,44,43,0.9773,4,4,9,8,8
2023-02-22,General Surgery,42,38,0.9048,4,4,9,9,6
2023-02-22,Internal Medicine,64,59,0.9219,6,6,13,13,4
2023-02-22,Neurology,36,26,0.7222,4,4,8,8,9
2023-02-22,Obstetrics,40,26,0.65,4,4,8,8,3
2023-02-22,Oncology,38,29,0.7632,4,4,8,8,3
2023-02-22,Orthopedics,48,39,0.8125,5,5,10,9,2
2023-02-22,Urology,30,22,0.7333,3,3,6,6,7
2023-02-23,Cardiology,44,39,0.8864,4,4,9,9,4
2023-02-23,General Surgery,42,37,0.881,4,4,9,9,10
2023-02-23,Internal Medicine,64,58,0.9062,6,6,13,13,10
2023-02-23,Neurology,36,31,0.8611,4,4,8,8,8
2023-02-23,Obstetrics,40,29,0.725,4,4,8,8,1
2023-02-23,Oncology,38,30,0.7895,4,3,8,8,7
2023-02-23,Orthopedics,48,37,0.7708,5,5,10,10,4
2023-02-23,Urology,30,23,0.7667,3,2,6,5,8
2023-02-24,Cardiology,44,40,0.9091,4,4,9,8,9
2023-02-24,General Surgery,42,34,0.8095,4,3,9,8,5
2023-02-24,Internal Medicine,64,57,0.8906,6,6,13,13,4
2023-02-24,Neurology,36,29,0.8056,4,4,8,8,5
2023-02-24,Obstetrics,40,32,0.8,4,4,8,7,8
2023-02-24,Oncology,38,34,0.8947,4,4,8,7,3
2023-02-24,Orthopedics,48,35,0.7292,5,5,10,10,8
2023-02-24,Urology,30,24,0.8,3,3,6,6,6
2023-02-25,Cardiology,44,34,0.7727,4,4,9,9,5
2023-02-25,General Surgery,42,31,0.7381,4,4,9,9,10
2023-02-25,Internal Medicine,64,55,0.8594,6,6,13,13,6
2023-02-25,Neurology,36,25,0.6944,4,3,8,8,5
2023-02-25,Obstetrics,40,27,0.675,4,4,8,8,6
2023-02-25,Oncology,38,30,0.7895,4,4,8,8,5
2023-02-25,Orthopedics,48,33,0.6875,5,5,10,10,4
2023-02-25,Urology,30,21,0.7,3,3,6,6,5
2023-02-26,Cardiology,44,35,0.7955,4,4,9,9,7
2023-02-26,General Surgery,42,32,0.7619,4,4,9,9,3
2023-02-26,Internal Medicine,64,56,0.875,6,6,13,13,6
2023-02-26,Neurology,36,25,0.6944,4,4,8,8,7
2023-02-26,Obstetrics,40,29,0.725,4,4,8,8,3
2023-02-26,Oncology,38,31,0.8158,4,4,8,8,5
2023-02-26,Orthopedics,48,35,0.7292,5,5,10,10,13
2023-02-26,Urology,30,21,0.7,3,3,6,6,4
2023-02-27,Cardiology,44,39,0.8864,4,4,9,9,4
2023-02-27,General Surgery,42,34,0.8095,4,4,9,9,6
2023-02-27,Internal Medicine,64,56,0.875,6,6,13,13,5
2023-02-27,Neurology,36,31,0.8611,4,4,8,8,7
2023-02-27,Obstetrics,40,30,0.75,4,4,8,8,4
2023-02-27,Oncology,38,31,0.8158,4,4,8,8,6
2023-02-27,Orthopedics,48,37,0.7708,5,5,10,10,4
2023-02-27,Urology,30,24,0.8,3,3,6,5,1
2023-02-28,Cardiology,44,41,0.9318,4,4,9,9,4
2023-02-28,General Surgery,42,35,0.8333,4,4,9,9,5
2023-02-28,Internal Medicine,64,60,0.9375,6,6,13,13,8
2023-02-28,Neurology,36,29,0.8056,4,4,8,7,5
2023-02-28,Obstetrics,40,31,0.775,4,4,8,8,7
2023-02-28,Oncology,38,32,0.8421,4,4,8,8,8
2023-02-28,Orthopedics,48,40,0.8333,5,5,10,10,5
2023-02-28,Urology,30,23,0.7667,3,3,6,6,3
2023-03-01,Cardiology,44,37,0.8409,4,4,9,9,11
2023-03-01,General Surgery,42,31,0.7381,4,4,9,9,6
2023-03-01,Internal Medicine,64,53,0.8281,6,6,13,12,8
2023-03-01,Neurology,36,30,0.8333,4,4,8,6,8
2023-03-01,Obstetrics,40,25,0.625,4,4,8,8,5
2023-03-01,Oncology,38,33,0.8684,4,4,8,8,6
2023-03-01,Orthopedics,48,40,0.8333,5,5,10,10,4
2023-03-01,Urology,30,25,0.8333,3,3,6,5,3
2023-03-02,Cardiology,44,39,0.8864,4,4,9,9,8
2023-03-02,General Surgery,42,34,0.8095,4,4,9,9,6
2023-03-02,Internal Medicine,64,58,0.9062,6,6,13,13,6
2023-03-02,Neurology,36,29,0.8056,4,4,8,8,6
2023-03-02,Obstetrics,40,33,0.825,4,3,8,8,10
2023-03-02,Oncology,38,34,0.8947,4,3,8,8,3
2023-03-02,Orthopedics,48,38,0.7917,5,5,10,10,5
2023-03-02,Urology,30,24,0.8,3,3,6,6,5
2023-03-03,Cardiology,44,39,0.8864,4,4,9,9,7
2023-03-03,General Surgery,42,33,0.7857,4,4,9,9,8
2023-03-03,Internal Medicine,64,57,0.8906,6,6,13,13,14
2023-03-03,Neurology,36,31,0.8611,4,4,8,8,6
2023-03-03,Obstetrics,40,28,0.7,4,4,8,8,4
2023-03-03,Oncology,38,34,0.8947,4,4,8,7,6
2023-03-03,Orthopedics,48,39,0.8125,5,5,10,10,6
2023-03-03,Urology,30,24,0.8,3,3,6,6,4
2023-03-04,Cardiology,44,32,0.7273,4,3,9,9,11
2023-03-04,General Surgery,42,33,0.7857,4,4,9,9,6
2023-03-04,Internal Medicine,64,53,0.8281,6,6,13,13,6
2023-03-04,Neurology,36,29,0.8056,4,4,8,8,6
2023-03-04,Obstetrics,40,28,0.7,4,4,8,8,4
2023-03-04,Oncology,38,29,0.7632,4,4,8,8,4
2023-03-04,Orthopedics,48,36,0.75,5,5,10,10,3
2023-03-04,Urology,30,22,0.7333,3,3,6,6,8
2023-03-05,Cardiology,44,38,0.8636,4,4,9,9,9
2023-03-05,General Surgery,42,32,0.7619,4,4,9,9,11
2023-03-05,Internal Medicine,64,55,0.8594,6,6,13,13,12
2023-03-05,Neurology,36,30,0.8333,4,4,8,8,6
2023-03-05,Obstetrics,40,26,0.65,4,4,8,7,4
2023-03-05,Oncology,38,28,0.7368,4,3,8,8,5
2023-03-05,Orthopedics,48,41,0.8542,5,5,10,9,4
2023-03-05,Urology,30,21,0.7,3,3,6,6,9
2023-03-06,Cardiology,44,36,0.8182,4,4,9,8,8
2023-03-06,General Surgery,42,35,0.8333,4,4,9,9,11
2023-03-06,Internal Medicine,64,62,0.9688,6,5,13,13,8
2023-03-06,Neurology,36,28,0.7778,4,4,8,8,3
2023-03-06,Obstetrics,40,31,0.775,4,3,8,8,10
2023-03-06,Oncology,38,32,0.8421,4,4,8,8,1
2023-03-06,Orthopedics,48,43,0.8958,5,5,10,10,3
2023-03-06,Urology,30,24,0.8,3,3,6,6,5
2023-03-07,Cardiology,44,38,0.8636,4,4,9,9,5
2023-03-07,General Surgery,42,34,0.8095,4,4,9,9,5
2023-03-07,Internal Medicine,64,56,0.875,6,6,13,13,10
2023-03-07,Neurology,36,29,0.8056,4,4,8,8,8
2023-03-07,Obstetrics,40,29,0.725,4,4,8,8,2
2023-03-07,Oncology,38,34,0.8947,4,4,8,8,9
2023-03-07,Orthopedics,48,39,0.8125,5,5,10,9,6
2023-03-07,Urology,30,22,0.7333,3,3,6,5,3
2023-03-08,Cardiology,44,39,0.8864,4,4,9,9,6
2023-03-08,General Surgery,42,33,0.7857,4,3,9,9,16
2023-03-08,Internal Medicine,64,60,0.9375,6,6,13,13,7
2023-03-08,Neurology,36,27,0.75,4,4,8,8,11
2023-03-08,Obstetrics,40,33,0.825,4,4,8,7,4
2023-03-08,Oncology,38,33,0.8684,4,4,8,8,7
2023-03-08,Orthopedics,48,35,0.7292,5,5,10,10,4
2023-03-08,Urology,30,23,0.7667,3,3,6,5,2
2023-03-09,Cardiology,44,34,0.7727,4,4,9,9,11
2023-03-09,General Surgery,42,32,0.7619,4,4,9,9,6
2023-03-09,Internal Medicine,64,56,0.875,6,6,13,13,7
2023-03-09,Neurology,36,27,0.75,4,4,8,7,12
2023-03-09,Obstetrics,40,28,0.7,4,4,8,8,3
2023-03-09,Oncology,38,30,0.7895,4,4,8,8,12
2023-03-09,Orthopedics,48,34,0.7083,5,5,10,10,5
2023-03-09,Urology,30,25,0.8333,3,3,6,5,4
2023-03-10,Cardiology,44,36,0.8182,4,4,9,9,6
2023-03-10,General Surgery,42,35,0.8333,4,4,9,9,6
2023-03-10,Internal Medicine,64,56,0.875,6,6,13,13,9
2023-03-10,Neurology,36,28,0.7778,4,4,8,8,6
2023-03-10,Obstetrics,40,29,0.725,4,4,8,8,2
2023-03-10,Oncology,38,32,0.8421,4,4,8,8,6
2023-03-10,Orthopedics,48,35,0.7292,5,5,10,10,1
2023-03-10,Urology,30,23,0.7667,3,3,6,6,2
2023-03-11,Cardiology,44,34,0.7727,4,4,9,9,5
2023-03-11,General Surgery,42,32,0.7619,4,3,9,9,11
2023-03-11,Internal Medicine,64,53,0.8281,6,6,13,13,6
2023-03-11,Neurology,36,26,0.7222,4,4,8,8,9
2023-03-11,Obstetrics,40,30,0.75,4,4,8,8,4
2023-03-11,Oncology,38,31,0.8158,4,4,8,8,3
2023-03-11,Orthopedics,48,36,0.75,5,5,10,10,3
2023-03-11,Urology,30,24,0.8,3,3,6,6,5
2023-03-12,Cardiology,44,32,0.7273,4,4,9,9,9
2023-03-12,General Surgery,42,34,0.8095,4,4,9,9,6
2023-03-12,Internal Medicine,64,55,0.8594,6,6,13,12,9
2023-03-12,Neurology,36,28,0.7778,4,4,8,8,6
2023-03-12,Obstetrics,40,29,0.725,4,4,8,8,9
2023-03-12,Oncology,38,30,0.7895,4,4,8,7,7
2023-03-12,Orthopedics,48,35,0.7292,5,4,10,10,9
2023-03-12,Urology,30,19,0.6333,3,3,6,6,3
2023-03-13,Cardiology,44,37,0.8409,4,4,9,9,8
2023-03-13,General Surgery,42,35,0.8333,4,4,9,9,13
2023-03-13,Internal Medicine,64,56,0.875,6,6,13,13,11
2023-03-13,Neurology,36,29,0.8056,4,4,8,8,10
2023-03-13,Obstetrics,40,31,0.775,4,4,8,7,2
2023-03-13,Oncology,38,31,0.8158,4,4,8,8,3
2023-03-13,Orthopedics,48,37,0.7708,5,4,10,10,7
2023-03-13,Urology,30,24,0.8,3,3,6,6,8
2023-03-14,Cardiology,44,39,0.8864,4,4,9,9,11
2023-03-14,General Surgery,42,31,0.7381,4,4,9,8,3
2023-03-14,Internal Medicine,64,58,0.9062,6,6,13,13,7
2023-03-14,Neurology,36,26,0.7222,4,4,8,8,8
2023-03-14,Obstetrics,40,27,0.675,4,4,8,8,4
2023-03-14,Oncology,38,34,0.8947,4,4,8,8,4
2023-03-14,Orthopedics,48,41,0.8542,5,5,10,10,5
2023-03-14,Urology,30,21,0.7,3,3,6,4,4
2023-03-15,Cardiology,44,36,0.8182,4,4,9,9,6
2023-03-15,General Surgery,42,35,0.8333,4,4,9,9,6
2023-03-15,Internal Medicine,64,53,0.8281,6,6,13,12,5
2023-03-15,Neurology,36,29,0.8056,4,4,8,8,12
2023-03-15,Obstetrics,40,29,0.725,4,4,8,8,5
2023-03-15,Oncology,38,31,0.8158,4,4,8,8,5
2023-03-15,Orthopedics,48,38,0.7917,5,5,10,10,3
2023-03-15,Urology,30,23,0.7667,3,3,6,6,5
2023-03-16,Cardiology,44,39,0.8864,4,4,9,8,8
2023-03-16,General Surgery,42,35,0.8333,4,4,9,9,3
2023-03-16,Internal Medicine,64,53,0.8281,6,5,13,13,9
2023-03-16,Neurology,36,31,0.8611,4,4,8,8,6
2023-03-16,Obstetrics,40,29,0.725,4,4,8,8,5
2023-03-16,Oncology,38,30,0.7895,4,4,8,8,10
2023-03-16,Orthopedics,48,39,0.8125,5,5,10,10,6
2023-03-16,Urology,30,21,0.7,3,3,6,6,9
2023-03-17,Cardiology,44,36,0.8182,4,4,9,9,7
2023-03-17,General Surgery,42,32,0.7619,4,4,9,9,2
2023-03-17,Internal Medicine,64,61,0.9531,6,6,13,13,10
2023-03-17,Neurology,36,27,0.75,4,3,8,8,8
2023-03-17,Obstetrics,40,32,0.8,4,4,8,8,5
2023-03-17,Oncology,38,32,0.8421,4,4,8,8,5
2023-03-17,Orthopedics,48,41,0.8542,5,5,10,10,5
2023-03-17,Urology,30,23,0.7667,3,2,6,6,5
2023-03-18,Cardiology,44,34,0.7727,4,4,9,8,9
2023-03-18,General Surgery,42,31,0.7381,4,4,9,9,7
2023-03-18,Internal Medicine,64,55,0.8594,6,6,13,13,6
2023-03-18,Neurology,36,24,0.6667,4,4,8,7,6
2023-03-18,Obstetrics,40,25,0.625,4,4,8,8,9
2023-03-18,Oncology,38,32,0.8421,4,4,8,8,7
2023-03-18,Orthopedics,48,35,0.7292,5,5,10,10,3
2023-03-18,Urology,30,25,0.8333,3,2,6,6,4
2023-03-19,Cardiology,44,31,0.7045,4,4,9,9,3
2023-03-19,General Surgery,42,33,0.7857,4,4,9,9,2
2023-03-19,Internal Medicine,64,57,0.8906,6,6,13,13,7
2023-03-19,Neurology,36,28,0.7778,4,4,8,8,10
2023-03-19,Obstetrics,40,28,0.7,4,4,8,8,5
2023-03-19,Oncology,38,31,0.8158,4,4,8,8,5
2023-03-19,Orthopedics,48,32,0.6667,5,5,10,10,7
2023-03-19,Urology,30,23,0.7667,3,3,6,6,7
2023-03-20,Cardiology,44,38,0.8636,4,4,9,9,9
2023-03-20,General Surgery,42,34,0.8095,4,4,9,9,8
2023-03-20,Internal Medicine,64,57,0.8906,6,6,13,13,8
2023-03-20,Neurology,36,30,0.8333,4,4,8,8,5
2023-03-20,Obstetrics,40,25,0.625,4,4,8,8,3
2023-03-20,Oncology,38,34,0.8947,4,3,8,8,7
2023-03-20,Orthopedics,48,36,0.75,5,4,10,10,5
2023-03-20,Urology,30,24,0.8,3,3,6,6,2
2023-03-21,Cardiology,44,38,0.8636,4,4,9,9,5
2023-03-21,General Surgery,42,36,0.8571,4,4,9,9,7
2023-03-21,Internal Medicine,64,52,0.8125,6,6,13,13,8
2023-03-21,Neurology,36,30,0.8333,4,4,8,8,6
2023-03-21,Obstetrics,40,30,0.75,4,4,8,7,6
2023-03-21,Oncology,38,32,0.8421,4,4,8,8,7
2023-03-21,Orthopedics,48,38,0.7917,5,5,10,10,5
2023-03-21,Urology,30,22,0.7333,3,3,6,6,8
2023-03-22,Cardiology,44,36,0.8182,4,4,9,9,9
2023-03-22,General Surgery,42,31,0.7381,4,4,9,9,4
2023-03-22,Internal Medicine,64,60,0.9375,6,6,13,13,6
2023-03-22,Neurology,36,25,0.6944,4,4,8,7,6
2023-03-22,Obstetrics,40,27,0.675,4,4,8,8,5
2023-03-22,Oncology,38,30,0.7895,4,4,8,8,9
2023-03-22,Orthopedics,48,35,0.7292,5,5,10,10,3
2023-03-22,Urology,30,23,0.7667,3,3,6,6,5
2023-03-23,Cardiology,44,35,0.7955,4,4,9,8,9
2023-03-23,General Surgery,42,32,0.7619,4,4,9,9,3
2023-03-23,Internal Medicine,64,55,0.8594,6,6,13,13,8
2023-03-23,Neurology,36,28,0.7778,4,4,8,8,3
2023-03-23,Obstetrics,40,29,0.725,4,4,8,7,6
2023-03-23,Oncology,38,33,0.8684,4,4,8,8,4
2023-03-23,Orthopedics,48,40,0.8333,5,5,10,10,6
2023-03-23,Urology,30,25,0.8333,3,3,6,5,5
2023-03-24,Cardiology,44,35,0.7955,4,4,9,8,4
2023-03-24,General Surgery,42,36,0.8571,4,4,9,9,3
2023-03-24,Internal Medicine,64,52,0.8125,6,6,13,13,10
2023-03-24,Neurology,36,32,0.8889,4,4,8,8,7
2023-03-24,Obstetrics,40,27,0.675,4,4,8,8,4
2023-03-24,Oncology,38,35,0.9211,4,4,8,8,0
2023-03-24,Orthopedics,48,36,0.75,5,5,10,9,5
2023-03-24,Urology,30,26,0.8667,3,3,6,6,8
2023-03-25,Cardiology,44,34,0.7727,4,4,9,9,7
2023-03-25,General Surgery,42,30,0.7143,4,4,9,9,5
2023-03-25,Internal Medicine,64,54,0.8438,6,6,13,13,10
2023-03-25,Neurology,36,26,0.7222,4,4,8,8,6
2023-03-25,Obstetrics,40,25,0.625,4,4,8,8,1
2023-03-25,Oncology,38,29,0.7632,4,4,8,8,1
2023-03-25,Orthopedics,48,33,0.6875,5,5,10,10,5
2023-03-25,Urology,30,20,0.6667,3,2,6,6,5
2023-03-26,Cardiology,44,30,0.6818,4,4,9,9,8
2023-03-26,General Surgery,42,33,0.7857,4,4,9,9,9
2023-03-26,Internal Medicine,64,57,0.8906,6,6,13,13,3
2023-03-26,Neurology,36,28,0.7778,4,4,8,8,6
2023-03-26,Obstetrics,40,25,0.625,4,4,8,8,7
2023-03-26,Oncology,38,31,0.8158,4,4,8,8,7
2023-03-26,Orthopedics,48,39,0.8125,5,5,10,10,10
2023-03-26,Urology,30,21,0.7,3,3,6,6,4
2023-03-27,Cardiology,44,40,0.9091,4,3,9,9,10
2023-03-27,General Surgery,42,30,0.7143,4,4,9,9,6
2023-03-27,Internal Medicine,64,56,0.875,6,6,13,13,7
2023-03-27,Neurology,36,28,0.7778,4,4,8,8,3
2023-03-27,Obstetrics,40,30,0.75,4,4,8,8,2
2023-03-27,Oncology,38,32,0.8421,4,4,8,8,5
2023-03-27,Orthopedics,48,40,0.8333,5,5,10,10,5
2023-03-27,Urology,30,24,0.8,3,3,6,6,3
2023-03-28,Cardiology,44,38,0.8636,4,4,9,9,10
2023-03-28,General Surgery,42,35,0.8333,4,4,9,9,4
2023-03-28,Internal Medicine,64,56,0.875,6,5,13,13,8
2023-03-28,Neurology,36,28,0.7778,4,4,8,8,6
2023-03-28,Obstetrics,40,27,0.675,4,4,8,8,6
2023-03-28,Oncology,38,35,0.9211,4,4,8,8,5
2023-03-28,Orthopedics,48,34,0.7083,5,5,10,10,8
2023-03-28,Urology,30,22,0.7333,3,3,6,5,9
2023-03-29,Cardiology,44,34,0.7727,4,4,9,9,5
2023-03-29,General Surgery,42,35,0.8333,4,4,9,9,2
2023-03-29,Internal Medicine,64,56,0.875,6,6,13,13,10
2023-03-29,Neurology,36,29,0.8056,4,4,8,8,6
2023-03-29,Obstetrics,40,29,0.725,4,4,8,8,5
2023-03-29,Oncology,38,34,0.8947,4,4,8,8,13
2023-03-29,Orthopedics,48,37,0.7708,5,5,10,10,8
2023-03-29,Urology,30,20,0.6667,3,3,6,6,4
2023-03-30,Cardiology,44,38,0.8636,4,4,9,9,9
2023-03-30,General Surgery,42,29,0.6905,4,4,9,9,4
2023-03-30,Internal Medicine,64,52,0.8125,6,6,13,12,6
2023-03-30,Neurology,36,29,0.8056,4,4,8,8,5
2023-03-30,Obstetrics,40,27,0.675,4,4,8,7,3
2023-03-30,Oncology,38,33,0.8684,4,4,8,8,4
2023-03-30,Orthopedics,48,39,0.8125,5,5,10,10,6
2023-03-30,Urology,30,24,0.8,3,3,6,6,9
2023-03-31,Cardiology,44,37,0.8409,4,4,9,9,6
2023-03-31,General Surgery,42,36,0.8571,4,4,9,9,5
2023-03-31,Internal Medicine,64,54,0.8438,6,6,13,13,7
2023-03-31,Neurology,36,27,0.75,4,4,8,7,6
2023-03-31,Obstetrics,40,29,0.725,4,4,8,8,3
2023-03-31,Oncology,38,33,0.8684,4,4,8,8,10
2023-03-31,Orthopedics,48,36,0.75,5,4,10,10,3
2023-03-31,Urology,30,22,0.7333,3,3,6,6,6
2023-04-01,Cardiology,44,33,0.75,4,4,9,9,5
2023-04-01,General Surgery,42,33,0.7857,4,4,9,9,5
2023-04-01,Internal Medicine,64,58,0.9062,6,6,13,13,11
2023-04-01,Neurology,36,25,0.6944,4,4,8,7,12
2023-04-01,Obstetrics,40,26,0.65,4,4,8,8,5
2023-04-01,Oncology,38,32,0.8421,4,4,8,8,8
2023-04-01,Orthopedics,48,39,0.8125,5,4,10,10,3
2023-04-01,Urology,30,21,0.7,3,3,6,5,4
2023-04-02,Cardiology,44,34,0.7727,4,4,9,8,3
2023-04-02,General Surgery,42,33,0.7857,4,4,9,9,7
2023-04-02,Internal Medicine,64,48,0.75,6,6,13,13,4
2023-04-02,Neurology,36,30,0.8333,4,4,8,8,6
2023-04-02,Obstetrics,40,26,0.65,4,4,8,7,4
2023-04-02,Oncology,38,35,0.9211,4,3,8,8,4
2023-04-02,Orthopedics,48,38,0.7917,5,5,10,10,4
2023-04-02,Urology,30,23,0.7667,3,3,6,6,5
2023-04-03,Cardiology,44,38,0.8636,4,4,9,8,4
2023-04-03,General Surgery,42,31,0.7381,4,4,9,9,3
2023-04-03,Internal Medicine,64,54,0.8438,6,6,13,13,5
2023-04-03,Neurology,36,29,0.8056,4,4,8,8,9
2023-04-03,Obstetrics,40,27,0.675,4,4,8,8,4
2023-04-03,Oncology,38,31,0.8158,4,4,8,8,0
2023-04-03,Orthopedics,48,42,0.875,5,5,10,9,4
2023-04-03,Urology,30,22,0.7333,3,3,6,6,4
2023-04-04,Cardiology,44,35,0.7955,4,4,9,9,5
2023-04-04,General Surgery,42,35,0.8333,4,4,9,9,2
2023-04-04,Internal Medicine,64,57,0.8906,6,6,13,13,9
2023-04-04,Neurology,36,29,0.8056,4,4,8,8,12
2023-04-04,Obstetrics,40,28,0.7,4,4,8,8,3
2023-04-04,Oncology,38,31,0.8158,4,4,8,8,1
2023-04-04,Orthopedics,48,38,0.7917,5,5,10,9,7
2023-04-04,Urology,30,21,0.7,3,3,6,6,6
2023-04-05,Cardiology,44,37,0.8409,4,4,9,9,3
2023-04-05,General Surgery,42,32,0.7619,4,4,9,9,6
2023-04-05,Internal Medicine,64,53,0.8281,6,6,13,13,11
2023-04-05,Neurology,36,27,0.75,4,4,8,7,1
2023-04-05,Obstetrics,40,34,0.85,4,4,8,8,6
2023-04-05,Oncology,38,33,0.8684,4,4,8,8,6
2023-04-05,Orthopedics,48,41,0.8542,5,5,10,10,3
2023-04-05,Urology,30,21,0.7,3,3,6,5,3
2023-04-06,Cardiology,44,38,0.8636,4,4,9,9,10
2023-04-06,General Surgery,42,33,0.7857,4,4,9,8,7
2023-04-06,Internal Medicine,64,53,0.8281,6,6,13,12,4
2023-04-06,Neurology,36,30,0.8333,4,4,8,8,5
2023-04-06,Obstetrics,40,30,0.75,4,4,8,7,6
2023-04-06,Oncology,38,32,0.8421,4,4,8,8,7
2023-04-06,Orthopedics,48,34,0.7083,5,5,10,10,3
2023-04-06,Urology,30,22,0.7333,3,3,6,6,4
2023-04-07,Cardiology,44,37,0.8409,4,4,9,8,4
2023-04-07,General Surgery,42,32,0.7619,4,3,9,9,8
2023-04-07,Internal Medicine,64,57,0.8906,6,6,13,13,11
2023-04-07,Neurology,36,31,0.8611,4,4,8,8,4
2023-04-07,Obstetrics,40,27,0.675,4,4,8,8,3
2023-04-07,Oncology,38,29,0.7632,4,4,8,8,3
2023-04-07,Orthopedics,48,40,0.8333,5,4,10,10,2
2023-04-07,Urology,30,24,0.8,3,3,6,5,5
2023-04-08,Cardiology,44,32,0.7273,4,4,9,9,8
2023-04-08,General Surgery,42,28,0.6667,4,4,9,9,3
2023-04-08,Internal Medicine,64,47,0.7344,6,6,13,13,2
2023-04-08,Neurology,36,27,0.75,4,4,8,8,8
2023-04-08,Obstetrics,40,29,0.725,4,4,8,7,4
2023-04-08,Oncology,38,32,0.8421,4,4,8,8,4
2023-04-08,Orthopedics,48,36,0.75,5,5,10,10,6
2023-04-08,Urology,30,20,0.6667,3,3,6,5,3
2023-04-09,Cardiology,44,33,0.75,4,4,9,9,5
2023-04-09,General Surgery,42,34,0.8095,4,4,9,9,7
2023-04-09,Internal Medicine,64,48,0.75,6,6,13,13,6
2023-04-09,Neurology,36,25,0.6944,4,4,8,8,6
2023-04-09,Obstetrics,40,28,0.7,4,4,8,8,4
2023-04-09,Oncology,38,29,0.7632,4,4,8,7,3
2023-04-09,Orthopedics,48,34,0.7083,5,5,10,9,3
2023-04-09,Urology,30,24,0.8,3,3,6,6,13
2023-04-10,Cardiology,44,35,0.7955,4,4,9,9,5
2023-04-10,General Surgery,42,33,0.7857,4,4,9,8,6
2023-04-10,Internal Medicine,64,51,0.7969,6,6,13,13,12
2023-04-10,Neurology,36,29,0.8056,4,4,8,8,12
2023-04-10,Obstetrics,40,30,0.75,4,4,8,8,3
2023-04-10,Oncology,38,31,0.8158,4,4,8,8,6
2023-04-10,Orthopedics,48,32,0.6667,5,5,10,10,3
2023-04-10,Urology,30,25,0.8333,3,3,6,6,6
2023-04-11,Cardiology,44,36,0.8182,4,4,9,9,13
2023-04-11,General Surgery,42,35,0.8333,4,4,9,8,7
2023-04-11,Internal Medicine,64,51,0.7969,6,6,13,13,5
2023-04-11,Neurology,36,28,0.7778,4,4,8,8,8
2023-04-11,Obstetrics,40,28,0.7,4,4,8,8,3
2023-04-11,Oncology,38,32,0.8421,4,3,8,8,4
2023-04-11,Orthopedics,48,39,0.8125,5,5,10,10,7
2023-04-11,Urology,30,24,0.8,3,3,6,6,2
2023-04-12,Cardiology,44,36,0.8182,4,4,9,9,4
2023-04-12,General Surgery,42,34,0.8095,4,4,9,9,8
2023-04-12,Internal Medicine,64,55,0.8594,6,6,13,13,4
2023-04-12,Neurology,36,29,0.8056,4,4,8,8,8
2023-04-12,Obstetrics,40,28,0.7,4,3,8,8,8
2023-04-12,Oncology,38,34,0.8947,4,4,8,8,4
2023-04-12,Orthopedics,48,37,0.7708,5,5,10,10,7
2023-04-12,Urology,30,20,0.6667,3,3,6,6,6
2023-04-13,Cardiology,44,36,0.8182,4,4,9,9,5
2023-04-13,General Surgery,42,34,0.8095,4,4,9,9,4
2023-04-13,Internal Medicine,64,59,0.9219,6,6,13,13,7
2023-04-13,Neurology,36,28,0.7778,4,4,8,8,6
2023-04-13,Obstetrics,40,28,0.7,4,4,8,8,8
2023-04-13,Oncology,38,32,0.8421,4,4,8,8,8
2023-04-13,Orthopedics,48,41,0.8542,5,5,10,10,6
2023-04-13,Urology,30,22,0.7333,3,3,6,6,5
2023-04-14,Cardiology,44,35,0.7955,4,4,9,9,4
2023-04-14,General Surgery,42,36,0.8571,4,4,9,9,6
2023-04-14,Internal Medicine,64,52,0.8125,6,6,13,13,5
2023-04-14,Neurology,36,30,0.8333,4,4,8,8,8
2023-04-14,Obstetrics,40,30,0.75,4,4,8,8,4
2023-04-14,Oncology,38,29,0.7632,4,4,8,8,4
2023-04-14,Orthopedics,48,37,0.7708,5,5,10,10,7
2023-04-14,Urology,30,21,0.7,3,3,6,6,5
2023-04-15,Cardiology,44,36,0.8182,4,4,9,8,8
2023-04-15,General Surgery,42,30,0.7143,4,4,9,9,3
2023-04-15,Internal Medicine,64,46,0.7188,6,6,13,13,6
2023-04-15,Neurology,36,27,0.75,4,4,8,7,9
2023-04-15,Obstetrics,40,26,0.65,4,4,8,8,3
2023-04-15,Oncology,38,28,0.7368,4,4,8,8,5
2023-04-15,Orthopedics,48,32,0.6667,5,5,10,10,5
2023-04-15,Urology,30,20,0.6667,3,3,6,6,7
2023-04-16,Cardiology,44,31,0.7045,4,4,9,9,8
2023-04-16,General Surgery,42,32,0.7619,4,4,9,9,5
2023-04-16,Internal Medicine,64,56,0.875,6,6,13,13,5
2023-04-16,Neurology,36,27,0.75,4,4,8,8,4
2023-04-16,Obstetrics,40,29,0.725,4,4,8,8,2
2023-04-16,Oncology,38,27,0.7105,4,4,8,8,6
2023-04-16,Orthopedics,48,35,0.7292,5,5,10,10,1
2023-04-16,Urology,30,22,0.7333,3,3,6,6,4
2023-04-17,Cardiology,44,36,0.8182,4,3,9,9,7
2023-04-17,General Surgery,42,33,0.7857,4,4,9,8,10
2023-04-17,Internal Medicine,64,52,0.8125,6,6,13,13,5
2023-04-17,Neurology,36,27,0.75,4,4,8,8,10
2023-04-17,Obstetrics,40,28,0.7,4,4,8,7,1
2023-04-17,Oncology,38,30,0.7895,4,4,8,8,4
2023-04-17,Orthopedics,48,36,0.75,5,5,10,10,5
2023-04-17,Urology,30,20,0.6667,3,3,6,5,5
2023-04-18,Cardiology,44,39,0.8864,4,4,9,9,5
2023-04-18,General Surgery,42,33,0.7857,4,4,9,9,7
2023-04-18,Internal Medicine,64,55,0.8594,6,6,13,13,7
2023-04-18,Neurology,36,28,0.7778,4,4,8,8,6
2023-04-18,Obstetrics,40,27,0.675,4,4,8,8,4
2023-04-18,Oncology,38,31,0.8158,4,4,8,8,4
2023-04-18,Orthopedics,48,38,0.7917,5,5,10,10,6
2023-04-18,Urology,30,24,0.8,3,3,6,6,7
2023-04-19,Cardiology,44,38,0.8636,4,4,9,9,9
2023-04-19,General Surgery,42,30,0.7143,4,4,9,9,8
2023-04-19,Internal Medicine,64,54,0.8438,6,6,13,13,1
2023-04-19,Neurology,36,26,0.7222,4,4,8,8,7
2023-04-19,Obstetrics,40,28,0.7,4,4,8,8,2
2023-04-19,Oncology,38,32,0.8421,4,4,8,8,6
2023-04-19,Orthopedics,48,38,0.7917,5,5,10,9,3
2023-04-19,Urology,30,23,0.7667,3,2,6,6,4
2023-04-20,Cardiology,44,33,0.75,4,4,9,9,7
2023-04-20,General Surgery,42,35,0.8333,4,4,9,9,8
2023-04-20,Internal Medicine,64,51,0.7969,6,6,13,13,12
2023-04-20,Neurology,36,29,0.8056,4,3,8,8,5
2023-04-20,Obstetrics,40,29,0.725,4,3,8,8,6
2023-04-20,Oncology,38,34,0.8947,4,3,8,8,8
2023-04-20,Orthopedics,48,36,0.75,5,5,10,10,7
2023-04-20,Urology,30,23,0.7667,3,3,6,6,5
2023-04-21,Cardiology,44,33,0.75,4,4,9,9,2
2023-04-21,General Surgery,42,31,0.7381,4,4,9,9,10
2023-04-21,Internal Medicine,64,50,0.7812,6,6,13,13,4
2023-04-21,Neurology,36,28,0.7778,4,4,8,8,8
2023-04-21,Obstetrics,40,27,0.675,4,4,8,8,7
2023-04-21,Oncology,38,33,0.8684,4,4,8,8,7
2023-04-21,Orthopedics,48,35,0.7292,5,5,10,10,7
2023-04-21,Urology,30,21,0.7,3,3,6,6,4
2023-04-22,Cardiology,44,33,0.75,4,4,9,9,5
2023-04-22,General Surgery,42,33,0.7857,4,4,9,9,7
2023-04-22,Internal Medicine,64,50,0.7812,6,6,13,13,7
2023-04-22,Neurology,36,25,0.6944,4,4,8,8,3
2023-04-22,Obstetrics,40,27,0.675,4,4,8,8,8
2023-04-22,Oncology,38,31,0.8158,4,4,8,8,7
2023-04-22,Orthopedics,48,36,0.75,5,5,10,10,8
2023-04-22,Urology,30,22,0.7333,3,3,6,6,8
2023-04-23,Cardiology,44,30,0.6818,4,4,9,9,6
2023-04-23,General Surgery,42,31,0.7381,4,4,9,9,9
2023-04-23,Internal Medicine,64,48,0.75,6,6,13,13,5
2023-04-23,Neurology,36,27,0.75,4,4,8,8,6
2023-04-23,Obstetrics,40,27,0.675,4,3,8,8,6
2023-04-23,Oncology,38,32,0.8421,4,3,8,8,7
2023-04-23,Orthopedics,48,37,0.7708,5,5,10,10,9
2023-04-23,Urology,30,21,0.7,3,3,6,6,8
2023-04-24,Cardiology,44,35,0.7955,4,4,9,9,3
2023-04-24,General Surgery,42,30,0.7143,4,4,9,9,5
2023-04-24,Internal Medicine,64,55,0.8594,6,5,13,12,6
2023-04-24,Neurology,36,28,0.7778,4,4,8,8,6
2023-04-24,Obstetrics,40,29,0.725,4,4,8,8,4
2023-04-24,Oncology,38,33,0.8684,4,4,8,8,7
2023-04-24,Orthopedics,48,34,0.7083,5,5,10,10,2
2023-04-24,Urology,30,22,0.7333,3,3,6,6,8
2023-04-25,Cardiology,44,38,0.8636,4,4,9,9,11
2023-04-25,General Surgery,42,29,0.6905,4,4,9,9,3
2023-04-25,Internal Medicine,64,52,0.8125,6,5,13,12,8
2023-04-25,Neurology,36,29,0.8056,4,4,8,8,9
2023-04-25,Obstetrics,40,30,0.75,4,3,8,8,5
2023-04-25,Oncology,38,33,0.8684,4,4,8,8,6
2023-04-25,Orthopedics,48,38,0.7917,5,5,10,10,2
2023-04-25,Urology,30,20,0.6667,3,3,6,6,5
2023-04-26,Cardiology,44,32,0.7273,4,4,9,9,5
2023-04-26,General Surgery,42,34,0.8095,4,4,9,9,8
2023-04-26,Internal Medicine,64,55,0.8594,6,6,13,13,8
2023-04-26,Neurology,36,27,0.75,4,4,8,8,6
2023-04-26,Obstetrics,40,29,0.725,4,4,8,8,5
2023-04-26,Oncology,38,32,0.8421,4,4,8,8,5
2023-04-26,Orthopedics,48,36,0.75,5,5,10,10,3
2023-04-26,Urology,30,23,0.7667,3,3,6,6,10
2023-04-27,Cardiology,44,37,0.8409,4,4,9,9,3
2023-04-27,General Surgery,42,34,0.8095,4,3,9,8,10
2023-04-27,Internal Medicine,64,49,0.7656,6,6,13,12,10
2023-04-27,Neurology,36,26,0.7222,4,4,8,8,5
2023-04-27,Obstetrics,40,27,0.675,4,4,8,8,5
2023-04-27,Oncology,38,29,0.7632,4,4,8,8,7
2023-04-27,Orthopedics,48,36,0.75,5,5,10,10,6
2023-04-27,Urology,30,24,0.8,3,3,6,6,6
2023-04-28,Cardiology,44,38,0.8636,4,4,9,9,10
2023-04-28,General Surgery,42,37,0.881,4,4,9,9,4
2023-04-28,Internal Medicine,64,58,0.9062,6,6,13,13,4
2023-04-28,Neurology,36,29,0.8056,4,4,8,8,6
2023-04-28,Obstetrics,40,28,0.7,4,4,8,8,1
2023-04-28,Oncology,38,28,0.7368,4,4,8,7,4
2023-04-28,Orthopedics,48,36,0.75,5,5,10,10,6
2023-04-28,Urology,30,21,0.7,3,3,6,5,6
2023-04-29,Cardiology,44,32,0.7273,4,4,9,9,8
2023-04-29,General Surgery,42,34,0.8095,4,4,9,8,7
2023-04-29,Internal Medicine,64,50,0.7812,6,6,13,13,8
2023-04-29,Neurology,36,25,0.6944,4,4,8,8,6
2023-04-29,Obstetrics,40,26,0.65,4,4,8,8,4
2023-04-29,Oncology,38,30,0.7895,4,4,8,8,8
2023-04-29,Orthopedics,48,32,0.6667,5,5,10,10,5
2023-04-29,Urology,30,21,0.7,3,3,6,5,3
2023-04-30,Cardiology,44,34,0.7727,4,4,9,9,16
2023-04-30,General Surgery,42,33,0.7857,4,4,9,9,8
2023-04-30,Internal Medicine,64,42,0.6562,6,6,13,12,5
2023-04-30,Neurology,36,26,0.7222,4,4,8,7,6
2023-04-30,Obstetrics,40,24,0.6,4,4,8,8,3
2023-04-30,Oncology,38,31,0.8158,4,4,8,8,5
2023-04-30,Orthopedics,48,33,0.6875,5,5,10,10,7
2023-04-30,Urology,30,24,0.8,3,3,6,6,6
2023-05-01,Cardiology,44,37,0.8409,4,4,9,9,3
2023-05-01,General Surgery,42,33,0.7857,4,4,9,9,8
2023-05-01,Internal Medicine,64,48,0.75,6,6,13,13,7
2023-05-01,Neurology,36,26,0.7222,4,4,8,8,4
2023-05-01,Obstetrics,40,30,0.75,4,4,8,8,3
2023-05-01,Oncology,38,29,0.7632,4,4,8,8,4
2023-05-01,Orthopedics,48,35,0.7292,5,5,10,10,6
2023-05-01,Urology,30,23,0.7667,3,3,6,6,5
2023-05-02,Cardiology,44,37,0.8409,4,4,9,8,8
2023-05-02,General Surgery,42,35,0.8333,4,4,9,9,2
2023-05-02,Internal Medicine,64,55,0.8594,6,6,13,12,4
2023-05-02,Neurology,36,28,0.7778,4,4,8,8,8
2023-05-02,Obstetrics,40,30,0.75,4,3,8,8,3
2023-05-02,Oncology,38,32,0.8421,4,4,8,8,3
2023-05-02,Orthopedics,48,33,0.6875,5,5,10,10,5
2023-05-02,Urology,30,23,0.7667,3,3,6,6,8
2023-05-03,Cardiology,44,35,0.7955,4,4,9,9,12
2023-05-03,General Surgery,42,36,0.8571,4,4,9,8,5
2023-05-03,Internal Medicine,64,52,0.8125,6,6,13,13,5
2023-05-03,Neurology,36,26,0.7222,4,4,8,8,11
2023-05-03,Obstetrics,40,29,0.725,4,4,8,8,5
2023-05-03,Oncology,38,33,0.8684,4,4,8,8,7
2023-05-03,Orthopedics,48,36,0.75,5,5,10,10,4
2023-05-03,Urology,30,21,0.7,3,3,6,6,2
2023-05-04,Cardiology,44,32,0.7273,4,4,9,9,8
2023-05-04,General Surgery,42,35,0.8333,4,4,9,9,5
2023-05-04,Internal Medicine,64,52,0.8125,6,6,13,12,7
2023-05-04,Neurology,36,28,0.7778,4,4,8,8,7
2023-05-04,Obstetrics,40,29,0.725,4,4,8,8,4
2023-05-04,Oncology,38,31,0.8158,4,4,8,8,4
2023-05-04,Orthopedics,48,36,0.75,5,5,10,10,3
2023-05-04,Urology,30,24,0.8,3,3,6,6,3
2023-05-05,Cardiology,44,36,0.8182,4,4,9,9,5
2023-05-05,General Surgery,42,33,0.7857,4,4,9,8,12
2023-05-05,Internal Medicine,64,60,0.9375,6,6,13,12,9
2023-05-05,Neurology,36,29,0.8056,4,4,8,8,8
2023-05-05,Obstetrics,40,30,0.75,4,4,8,8,7
2023-05-05,Oncology,38,31,0.8158,4,4,8,8,6
2023-05-05,Orthopedics,48,40,0.8333,5,5,10,10,9
2023-05-05,Urology,30,24,0.8,3,2,6,6,2
2023-05-06,Cardiology,44,36,0.8182,4,4,9,9,9
2023-05-06,General Surgery,42,31,0.7381,4,4,9,9,5
2023-05-06,Internal Medicine,64,50,0.7812,6,6,13,13,8
2023-05-06,Neurology,36,27,0.75,4,4,8,7,5
2023-05-06,Obstetrics,40,27,0.675,4,4,8,8,4
2023-05-06,Oncology,38,31,0.8158,4,4,8,8,2
2023-05-06,Orthopedics,48,33,0.6875,5,5,10,10,5
2023-05-06,Urology,30,19,0.6333,3,3,6,6,3
2023-05-07,Cardiology,44,34,0.7727,4,3,9,9,8
2023-05-07,General Surgery,42,31,0.7381,4,3,9,9,10
2023-05-07,Internal Medicine,64,47,0.7344,6,6,13,13,4
2023-05-07,Neurology,36,27,0.75,4,4,8,8,7
2023-05-07,Obstetrics,40,27,0.675,4,4,8,8,2
2023-05-07,Oncology,38,28,0.7368,4,4,8,8,5
2023-05-07,Orthopedics,48,36,0.75,5,5,10,10,3
2023-05-07,Urology,30,19,0.6333,3,3,6,6,2
2023-05-08,Cardiology,44,33,0.75,4,4,9,9,5
2023-05-08,General Surgery,42,32,0.7619,4,4,9,9,7
2023-05-08,Internal Medicine,64,52,0.8125,6,6,13,13,9
2023-05-08,Neurology,36,29,0.8056,4,4,8,8,6
2023-05-08,Obstetrics,40,30,0.75,4,4,8,8,6
2023-05-08,Oncology,38,29,0.7632,4,4,8,8,7
2023-05-08,Orthopedics,48,35,0.7292,5,5,10,10,5
2023-05-08,Urology,30,22,0.7333,3,3,6,6,4
2023-05-09,Cardiology,44,35,0.7955,4,4,9,9,8
2023-05-09,General Surgery,42,31,0.7381,4,4,9,9,7
2023-05-09,Internal Medicine,64,48,0.75,6,6,13,13,6
2023-05-09,Neurology,36,26,0.7222,4,4,8,8,7
2023-05-09,Obstetrics,40,31,0.775,4,4,8,8,5
2023-05-09,Oncology,38,34,0.8947,4,4,8,8,4
2023-05-09,Orthopedics,48,37,0.7708,5,5,10,10,8
2023-05-09,Urology,30,22,0.7333,3,2,6,6,5
2023-05-10,Cardiology,44,31,0.7045,4,4,9,9,5
2023-05-10,General Surgery,42,31,0.7381,4,4,9,9,9
2023-05-10,Internal Medicine,64,53,0.8281,6,6,13,13,4
2023-05-10,Neurology,36,25,0.6944,4,4,8,8,8
2023-05-10,Obstetrics,40,26,0.65,4,4,8,8,7
2023-05-10,Oncology,38,33,0.8684,4,4,8,8,7
2023-05-10,Orthopedics,48,33,0.6875,5,5,10,10,4
2023-05-10,Urology,30,21,0.7,3,3,6,6,2
2023-05-11,Cardiology,44,30,0.6818,4,4,9,9,6
2023-05-11,General Surgery,42,32,0.7619,4,4,9,9,8
2023-05-11,Internal Medicine,64,52,0.8125,6,6,13,13,8
2023-05-11,Neurology,36,27,0.75,4,4,8,8,1
2023-05-11,Obstetrics,40,26,0.65,4,4,8,8,3
2023-05-11,Oncology,38,27,0.7105,4,4,8,8,5
2023-05-11,Orthopedics,48,33,0.6875,5,4,10,9,8
2023-05-11,Urology,30,19,0.6333,3,3,6,5,3
2023-05-12,Cardiology,44,37,0.8409,4,3,9,9,6
2023-05-12,General Surgery,42,33,0.7857,4,4,9,9,6
2023-05-12,Internal Medicine,64,47,0.7344,6,6,13,13,5
2023-05-12,Neurology,36,25,0.6944,4,4,8,8,2
2023-05-12,Obstetrics,40,28,0.7,4,4,8,8,5
2023-05-12,Oncology,38,30,0.7895,4,4,8,8,4
2023-05-12,Orthopedics,48,39,0.8125,5,5,10,10,7
2023-05-12,Urology,30,23,0.7667,3,3,6,6,6
2023-05-13,Cardiology,44,31,0.7045,4,4,9,9,10
2023-05-13,General Surgery,42,33,0.7857,4,4,9,8,6
2023-05-13,Internal Medicine,64,50,0.7812,6,6,13,13,12
2023-05-13,Neurology,36,24,0.6667,4,4,8,8,6
2023-05-13,Obstetrics,40,28,0.7,4,4,8,8,5
2023-05-13,Oncology,38,31,0.8158,4,4,8,8,3
2023-05-13,Orthopedics,48,33,0.6875,5,5,10,10,5
2023-05-13,Urology,30,19,0.6333,3,3,6,6,7
2023-05-14,Cardiology,44,31,0.7045,4,4,9,9,4
2023-05-14,General Surgery,42,30,0.7143,4,3,9,9,7
2023-05-14,Internal Medicine,64,47,0.7344,6,6,13,13,11
2023-05-14,Neurology,36,26,0.7222,4,4,8,8,7
2023-05-14,Obstetrics,40,25,0.625,4,4,8,8,7
2023-05-14,Oncology,38,32,0.8421,4,3,8,8,10
2023-05-14,Orthopedics,48,34,0.7083,5,5,10,10,7
2023-05-14,Urology,30,19,0.6333,3,3,6,6,2
2023-05-15,Cardiology,44,37,0.8409,4,4,9,9,8
2023-05-15,General Surgery,42,34,0.8095,4,4,9,9,8
2023-05-15,Internal Medicine,64,56,0.875,6,6,13,13,7
2023-05-15,Neurology,36,28,0.7778,4,4,8,7,6
2023-05-15,Obstetrics,40,30,0.75,4,4,8,8,6
2023-05-15,Oncology,38,29,0.7632,4,4,8,8,5
2023-05-15,Orthopedics,48,36,0.75,5,5,10,10,4
2023-05-15,Urology,30,21,0.7,3,3,6,6,4
2023-05-16,Cardiology,44,33,0.75,4,3,9,9,9
2023-05-16,General Surgery,42,30,0.7143,4,4,9,9,5
2023-05-16,Internal Medicine,64,52,0.8125,6,6,13,13,7
2023-05-16,Neurology,36,27,0.75,4,4,8,8,7
2023-05-16,Obstetrics,40,26,0.65,4,4,8,8,8
2023-05-16,Oncology,38,31,0.8158,4,4,8,8,1
2023-05-16,Orthopedics,48,32,0.6667,5,5,10,10,2
2023-05-16,Urology,30,21,0.7,3,3,6,6,4
2023-05-17,Cardiology,44,32,0.7273,4,4,9,9,7
2023-05-17,General Surgery,42,30,0.7143,4,4,9,9,6
2023-05-17,Internal Medicine,64,50,0.7812,6,6,13,13,9
2023-05-17,Neurology,36,28,0.7778,4,4,8,8,7
2023-05-17,Obstetrics,40,29,0.725,4,4,8,7,6
2023-05-17,Oncology,38,32,0.8421,4,4,8,7,2
2023-05-17,Orthopedics,48,35,0.7292,5,5,10,9,10
2023-05-17,Urology,30,21,0.7,3,3,6,6,9
2023-05-18,Cardiology,44,31,0.7045,4,4,9,9,8
2023-05-18,General Surgery,42,30,0.7143,4,4,9,9,4
2023-05-18,Internal Medicine,64,48,0.75,6,6,13,13,7
2023-05-18,Neurology,36,30,0.8333,4,4,8,8,8
2023-05-18,Obstetrics,40,28,0.7,4,4,8,8,8
2023-05-18,Oncology,38,32,0.8421,4,4,8,8,3
2023-05-18,Orthopedics,48,35,0.7292,5,5,10,10,5
2023-05-18,Urology,30,23,0.7667,3,3,6,6,4
2023-05-19,Cardiology,44,31,0.7045,4,4,9,9,3
2023-05-19,General Surgery,42,33,0.7857,4,4,9,9,9
2023-05-19,Internal Medicine,64,54,0.8438,6,6,13,13,7
2023-05-19,Neurology,36,25,0.6944,4,4,8,8,7
2023-05-19,Obstetrics,40,26,0.65,4,4,8,8,4
2023-05-19,Oncology,38,32,0.8421,4,4,8,8,7
2023-05-19,Orthopedics,48,32,0.6667,5,5,10,10,8
2023-05-19,Urology,30,22,0.7333,3,3,6,6,6
2023-05-20,Cardiology,44,26,0.5909,4,4,9,9,4
2023-05-20,General Surgery,42,31,0.7381,4,4,9,9,5
2023-05-20,Internal Medicine,64,49,0.7656,6,6,13,13,8
2023-05-20,Neurology,36,25,0.6944,4,3,8,8,3
2023-05-20,Obstetrics,40,29,0.725,4,4,8,8,4
2023-05-20,Oncology,38,28,0.7368,4,4,8,8,3
2023-05-20,Orthopedics,48,34,0.7083,5,5,10,9,4
2023-05-20,Urology,30,22,0.7333,3,3,6,6,8
2023-05-21,Cardiology,44,31,0.7045,4,4,9,9,7
2023-05-21,General Surgery,42,34,0.8095,4,4,9,9,7
2023-05-21,Internal Medicine,64,47,0.7344,6,6,13,13,10
2023-05-21,Neurology,36,26,0.7222,4,4,8,8,5
2023-05-21,Obstetrics,40,26,0.65,4,4,8,8,5
2023-05-21,Oncology,38,28,0.7368,4,4,8,8,5
2023-05-21,Orthopedics,48,34,0.7083,5,4,10,10,8
2023-05-21,Urology,30,22,0.7333,3,2,6,6,1
2023-05-22,Cardiology,44,32,0.7273,4,4,9,9,4
2023-05-22,General Surgery,42,30,0.7143,4,4,9,9,8
2023-05-22,Internal Medicine,64,53,0.8281,6,6,13,13,5
2023-05-22,Neurology,36,29,0.8056,4,4,8,8,4
2023-05-22,Obstetrics,40,27,0.675,4,4,8,8,7
2023-05-22,Oncology,38,30,0.7895,4,4,8,8,6
2023-05-22,Orthopedics,48,32,0.6667,5,5,10,10,8
2023-05-22,Urology,30,22,0.7333,3,3,6,5,9
2023-05-23,Cardiology,44,35,0.7955,4,4,9,9,6
2023-05-23,General Surgery,42,34,0.8095,4,4,9,8,9
2023-05-23,Internal Medicine,64,49,0.7656,6,6,13,13,3
2023-05-23,Neurology,36,28,0.7778,4,4,8,8,2
2023-05-23,Obstetrics,40,27,0.675,4,4,8,8,5
2023-05-23,Oncology,38,32,0.8421,4,4,8,7,8
2023-05-23,Orthopedics,48,35,0.7292,5,5,10,10,5
2023-05-23,Urology,30,23,0.7667,3,3,6,5,5
2023-05-24,Cardiology,44,33,0.75,4,4,9,9,6
2023-05-24,General Surgery,42,33,0.7857,4,4,9,9,9
2023-05-24,Internal Medicine,64,49,0.7656,6,6,13,13,7
2023-05-24,Neurology,36,28,0.7778,4,4,8,8,4
2023-05-24,Obstetrics,40,30,0.75,4,4,8,8,6
2023-05-24,Oncology,38,29,0.7632,4,3,8,8,5
2023-05-24,Orthopedics,48,34,0.7083,5,5,10,10,9
2023-05-24,Urology,30,20,0.6667,3,3,6,6,4
2023-05-25,Cardiology,44,31,0.7045,4,4,9,9,7
2023-05-25,General Surgery,42,33,0.7857,4,4,9,9,5
2023-05-25,Internal Medicine,64,55,0.8594,6,6,13,13,6
2023-05-25,Neurology,36,29,0.8056,4,4,8,8,14
2023-05-25,Obstetrics,40,26,0.65,4,4,8,8,5
2023-05-25,Oncology,38,31,0.8158,4,4,8,8,7
2023-05-25,Orthopedics,48,37,0.7708,5,5,10,10,5
2023-05-25,Urology,30,23,0.7667,3,3,6,6,4
2023-05-26,Cardiology,44,36,0.8182,4,4,9,9,8
2023-05-26,General Surgery,42,29,0.6905,4,4,9,8,5
2023-05-26,Internal Medicine,64,53,0.8281,6,6,13,13,10
2023-05-26,Neurology,36,28,0.7778,4,4,8,8,11
2023-05-26,Obstetrics,40,28,0.7,4,4,8,8,5
2023-05-26,Oncology,38,33,0.8684,4,3,8,8,6
2023-05-26,Orthopedics,48,31,0.6458,5,4,10,10,4
2023-05-26,Urology,30,22,0.7333,3,3,6,6,4
2023-05-27,Cardiology,44,36,0.8182,4,4,9,9,7
2023-05-27,General Surgery,42,29,0.6905,4,3,9,9,8
2023-05-27,Internal Medicine,64,47,0.7344,6,6,13,13,7
2023-05-27,Neurology,36,27,0.75,4,3,8,8,5
2023-05-27,Obstetrics,40,29,0.725,4,3,8,8,9
2023-05-27,Oncology,38,28,0.7368,4,4,8,8,6
2023-05-27,Orthopedics,48,32,0.6667,5,5,10,9,4
2023-05-27,Urology,30,22,0.7333,3,3,6,6,4
2023-05-28,Cardiology,44,31,0.7045,4,4,9,9,6
2023-05-28,General Surgery,42,31,0.7381,4,4,9,9,2
2023-05-28,Internal Medicine,64,51,0.7969,6,6,13,13,8
2023-05-28,Neurology,36,26,0.7222,4,4,8,8,4
2023-05-28,Obstetrics,40,27,0.675,4,3,8,8,6
2023-05-28,Oncology,38,27,0.7105,4,3,8,8,6
2023-05-28,Orthopedics,48,32,0.6667,5,5,10,10,8
2023-05-28,Urology,30,20,0.6667,3,3,6,6,11
2023-05-29,Cardiology,44,30,0.6818,4,3,9,9,10
2023-05-29,General Surgery,42,31,0.7381,4,4,9,9,3
2023-05-29,Internal Medicine,64,51,0.7969,6,6,13,13,9
2023-05-29,Neurology,36,29,0.8056,4,4,8,8,9
2023-05-29,Obstetrics,40,32,0.8,4,4,8,8,3
2023-05-29,Oncology,38,32,0.8421,4,4,8,8,1
2023-05-29,Orthopedics,48,36,0.75,5,5,10,9,6
2023-05-29,Urology,30,20,0.6667,3,3,6,6,7
2023-05-30,Cardiology,44,36,0.8182,4,4,9,9,6
2023-05-30,General Surgery,42,31,0.7381,4,4,9,9,8
2023-05-30,Internal Medicine,64,50,0.7812,6,6,13,13,6
2023-05-30,Neurology,36,27,0.75,4,4,8,8,7
2023-05-30,Obstetrics,40,27,0.675,4,4,8,7,6
2023-05-30,Oncology,38,26,0.6842,4,4,8,8,6
2023-05-30,Orthopedics,48,35,0.7292,5,5,10,10,6
2023-05-30,Urology,30,21,0.7,3,2,6,6,4
2023-05-31,Cardiology,44,30,0.6818,4,4,9,9,7
2023-05-31,General Surgery,42,30,0.7143,4,4,9,9,4
2023-05-31,Internal Medicine,64,51,0.7969,6,6,13,13,6
2023-05-31,Neurology,36,28,0.7778,4,4,8,8,6
2023-05-31,Obstetrics,40,29,0.725,4,4,8,8,7
2023-05-31,Oncology,38,30,0.7895,4,4,8,8,8
2023-05-31,Orthopedics,48,30,0.625,5,5,10,8,7
2023-05-31,Urology,30,19,0.6333,3,2,6,6,7
2023-06-01,Cardiology,44,32,0.7273,4,4,9,8,6
2023-06-01,General Surgery,42,35,0.8333,4,4,9,9,6
2023-06-01,Internal Medicine,64,48,0.75,6,6,13,13,6
2023-06-01,Neurology,36,27,0.75,4,4,8,8,5
2023-06-01,Obstetrics,40,25,0.625,4,4,8,8,4
2023-06-01,Oncology,38,32,0.8421,4,4,8,8,6
2023-06-01,Orthopedics,48,38,0.7917,5,5,10,10,4
2023-06-01,Urology,30,21,0.7,3,3,6,6,4
2023-06-02,Cardiology,44,33,0.75,4,4,9,8,4
2023-06-02,General Surgery,42,34,0.8095,4,4,9,9,12
2023-06-02,Internal Medicine,64,55,0.8594,6,6,13,13,9
2023-06-02,Neurology,36,28,0.7778,4,4,8,8,9
2023-06-02,Obstetrics,40,27,0.675,4,3,8,8,7
2023-06-02,Oncology,38,32,0.8421,4,4,8,8,3
2023-06-02,Orthopedics,48,34,0.7083,5,5,10,10,2
2023-06-02,Urology,30,23,0.7667,3,3,6,6,10
2023-06-03,Cardiology,44,31,0.7045,4,4,9,9,6
2023-06-03,General Surgery,42,32,0.7619,4,4,9,9,8
2023-06-03,Internal Medicine,64,45,0.7031,6,6,13,13,8
2023-06-03,Neurology,36,27,0.75,4,4,8,7,4
2023-06-03,Obstetrics,40,30,0.75,4,4,8,8,4
2023-06-03,Oncology,38,29,0.7632,4,4,8,7,3
2023-06-03,Orthopedics,48,35,0.7292,5,5,10,10,8
2023-06-03,Urology,30,20,0.6667,3,3,6,6,6
2023-06-04,Cardiology,44,33,0.75,4,4,9,8,6
2023-06-04,General Surgery,42,31,0.7381,4,4,9,9,12
2023-06-04,Internal Medicine,64,45,0.7031,6,6,13,13,7
2023-06-04,Neurology,36,23,0.6389,4,4,8,8,7
2023-06-04,Obstetrics,40,27,0.675,4,4,8,8,6
2023-06-04,Oncology,38,30,0.7895,4,4,8,8,3
2023-06-04,Orthopedics,48,31,0.6458,5,5,10,10,3
2023-06-04,Urology,30,20,0.6667,3,3,6,6,4
2023-06-05,Cardiology,44,34,0.7727,4,4,9,9,9
2023-06-05,General Surgery,42,32,0.7619,4,4,9,9,9
2023-06-05,Internal Medicine,64,49,0.7656,6,6,13,13,5
2023-06-05,Neurology,36,27,0.75,4,4,8,8,6
2023-06-05,Obstetrics,40,22,0.55,4,4,8,8,1
2023-06-05,Oncology,38,31,0.8158,4,4,8,8,8
2023-06-05,Orthopedics,48,32,0.6667,5,5,10,10,2
2023-06-05,Urology,30,20,0.6667,3,3,6,5,5
2023-06-06,Cardiology,44,35,0.7955,4,4,9,9,6
2023-06-06,General Surgery,42,33,0.7857,4,4,9,9,11
2023-06-06,Internal Medicine,64,48,0.75,6,6,13,13,5
2023-06-06,Neurology,36,26,0.7222,4,4,8,8,5
2023-06-06,Obstetrics,40,27,0.675,4,4,8,8,4
2023-06-06,Oncology,38,29,0.7632,4,4,8,8,7
2023-06-06,Orthopedics,48,41,0.8542,5,5,10,10,6
2023-06-06,Urology,30,21,0.7,3,3,6,6,4
2023-06-07,Cardiology,44,37,0.8409,4,4,9,9,9
2023-06-07,General Surgery,42,33,0.7857,4,4,9,9,7
2023-06-07,Internal Medicine,64,51,0.7969,6,6,13,13,8
2023-06-07,Neurology,36,28,0.7778,4,4,8,8,9
2023-06-07,Obstetrics,40,30,0.75,4,4,8,8,5
2023-06-07,Oncology,38,29,0.7632,4,4,8,8,7
2023-06-07,Orthopedics,48,34,0.7083,5,5,10,10,4
2023-06-07,Urology,30,21,0.7,3,3,6,6,4
2023-06-08,Cardiology,44,32,0.7273,4,3,9,9,6
2023-06-08,General Surgery,42,32,0.7619,4,4,9,9,6
2023-06-08,Internal Medicine,64,52,0.8125,6,6,13,13,9
2023-06-08,Neurology,36,27,0.75,4,4,8,7,12
2023-06-08,Obstetrics,40,30,0.75,4,4,8,8,5
2023-06-08,Oncology,38,31,0.8158,4,4,8,8,8
2023-06-08,Orthopedics,48,38,0.7917,5,5,10,10,4
2023-06-08,Urology,30,21,0.7,3,3,6,5,3
2023-06-09,Cardiology,44,34,0.7727,4,4,9,9,7
2023-06-09,General Surgery,42,34,0.8095,4,4,9,9,5
2023-06-09,Internal Medicine,64,51,0.7969,6,6,13,13,6
2023-06-09,Neurology,36,25,0.6944,4,4,8,8,13
2023-06-09,Obstetrics,40,28,0.7,4,4,8,8,9
2023-06-09,Oncology,38,32,0.8421,4,4,8,8,5
2023-06-09,Orthopedics,48,35,0.7292,5,5,10,10,2
2023-06-09,Urology,30,21,0.7,3,3,6,5,7
2023-06-10,Cardiology,44,31,0.7045,4,4,9,8,5
2023-06-10,General Surgery,42,27,0.6429,4,4,9,9,3
2023-06-10,Internal Medicine,64,42,0.6562,6,6,13,13,8
2023-06-10,Neurology,36,26,0.7222,4,4,8,7,10
2023-06-10,Obstetrics,40,28,0.7,4,4,8,7,5
2023-06-10,Oncology,38,29,0.7632,4,4,8,8,9
2023-06-10,Orthopedics,48,38,0.7917,5,5,10,10,3
2023-06-10,Urology,30,18,0.6,3,3,6,6,4
2023-06-11,Cardiology,44,38,0.8636,4,3,9,9,8
2023-06-11,General Surgery,42,33,0.7857,4,4,9,9,6
2023-06-11,Internal Medicine,64,50,0.7812,6,6,13,13,3
2023-06-11,Neurology,36,24,0.6667,4,4,8,8,7
2023-06-11,Obstetrics,40,25,0.625,4,3,8,8,3
2023-06-11,Oncology,38,30,0.7895,4,4,8,8,8
2023-06-11,Orthopedics,48,35,0.7292,5,4,10,10,6
2023-06-11,Urology,30,18,0.6,3,3,6,6,5
2023-06-12,Cardiology,44,32,0.7273,4,3,9,9,7
2023-06-12,General Surgery,42,34,0.8095,4,4,9,9,13
2023-06-12,Internal Medicine,64,47,0.7344,6,6,13,13,7
2023-06-12,Neurology,36,25,0.6944,4,4,8,8,3
2023-06-12,Obstetrics,40,28,0.7,4,4,8,8,6
2023-06-12,Oncology,38,31,0.8158,4,4,8,8,6
2023-06-12,Orthopedics,48,34,0.7083,5,4,10,10,3
2023-06-12,Urology,30,23,0.7667,3,3,6,6,5
2023-06-13,Cardiology,44,34,0.7727,4,4,9,9,4
2023-06-13,General Surgery,42,30,0.7143,4,4,9,8,4
2023-06-13,Internal Medicine,64,56,0.875,6,6,13,13,3
2023-06-13,Neurology,36,27,0.75,4,4,8,7,4
2023-06-13,Obstetrics,40,27,0.675,4,4,8,8,7
2023-06-13,Oncology,38,29,0.7632,4,4,8,7,2
2023-06-13,Orthopedics,48,34,0.7083,5,5,10,10,5
2023-06-13,Urology,30,21,0.7,3,3,6,5,4
2023-06-14,Cardiology,44,29,0.6591,4,4,9,8,7
2023-06-14,General Surgery,42,32,0.7619,4,4,9,8,3
2023-06-14,Internal Medicine,64,53,0.8281,6,6,13,13,4
2023-06-14,Neurology,36,27,0.75,4,4,8,7,8
2023-06-14,Obstetrics,40,27,0.675,4,4,8,8,3
2023-06-14,Oncology,38,31,0.8158,4,4,8,7,12
2023-06-14,Orthopedics,48,36,0.75,5,5,10,10,6
2023-06-14,Urology,30,22,0.7333,3,3,6,6,6
2023-06-15,Cardiology,44,30,0.6818,4,4,9,9,9
2023-06-15,General Surgery,42,32,0.7619,4,4,9,8,5
2023-06-15,Internal Medicine,64,46,0.7188,6,6,13,13,3
2023-06-15,Neurology,36,26,0.7222,4,4,8,8,9
2023-06-15,Obstetrics,40,26,0.65,4,3,8,8,3
2023-06-15,Oncology,38,30,0.7895,4,4,8,8,3
2023-06-15,Orthopedics,48,34,0.7083,5,4,10,10,9
2023-06-15,Urology,30,20,0.6667,3,3,6,6,4
2023-06-16,Cardiology,44,32,0.7273,4,4,9,8,8
2023-06-16,General Surgery,42,32,0.7619,4,4,9,9,4
2023-06-16,Internal Medicine,64,51,0.7969,6,6,13,13,8
2023-06-16,Neurology,36,28,0.7778,4,4,8,8,6
2023-06-16,Obstetrics,40,24,0.6,4,4,8,8,9
2023-06-16,Oncology,38,28,0.7368,4,4,8,7,7
2023-06-16,Orthopedics,48,39,0.8125,5,5,10,10,7
2023-06-16,Urology,30,22,0.7333,3,3,6,5,5
2023-06-17,Cardiology,44,32,0.7273,4,3,9,9,5
2023-06-17,General Surgery,42,30,0.7143,4,4,9,9,11
2023-06-17,Internal Medicine,64,49,0.7656,6,6,13,13,4
2023-06-17,Neurology,36,25,0.6944,4,4,8,8,9
2023-06-17,Obstetrics,40,26,0.65,4,4,8,8,3
2023-06-17,Oncology,38,31,0.8158,4,4,8,8,5
2023-06-17,Orthopedics,48,33,0.6875,5,5,10,10,1
2023-06-17,Urology,30,20,0.6667,3,3,6,6,8
2023-06-18,Cardiology,44,28,0.6364,4,4,9,9,3
2023-06-18,General Surgery,42,31,0.7381,4,4,9,9,5
2023-06-18,Internal Medicine,64,49,0.7656,6,6,13,13,8
2023-06-18,Neurology,36,28,0.7778,4,4,8,8,9
2023-06-18,Obstetrics,40,30,0.75,4,4,8,8,7
2023-06-18,Oncology,38,29,0.7632,4,4,8,8,5
2023-06-18,Orthopedics,48,32,0.6667,5,5,10,10,7
2023-06-18,Urology,30,20,0.6667,3,3,6,6,8
2023-06-19,Cardiology,44,33,0.75,4,4,9,9,4
2023-06-19,General Surgery,42,33,0.7857,4,4,9,9,10
2023-06-19,Internal Medicine,64,55,0.8594,6,6,13,13,7
2023-06-19,Neurology,36,26,0.7222,4,4,8,8,8
2023-06-19,Obstetrics,40,27,0.675,4,4,8,8,5
2023-06-19,Oncology,38,31,0.8158,4,4,8,8,5
2023-06-19,Orthopedics,48,33,0.6875,5,4,10,10,6
2023-06-19,Urology,30,23,0.7667,3,3,6,6,5
2023-06-20,Cardiology,44,31,0.7045,4,4,9,9,7
2023-06-20,General Surgery,42,31,0.7381,4,4,9,9,3
2023-06-20,Internal Medicine,64,51,0.7969,6,6,13,13,7
2023-06-20,Neurology,36,26,0.7222,4,4,8,8,7
2023-06-20,Obstetrics,40,26,0.65,4,3,8,8,4
2023-06-20,Oncology,38,30,0.7895,4,4,8,8,5
2023-06-20,Orthopedics,48,35,0.7292,5,5,10,10,3
2023-06-20,Urology,30,23,0.7667,3,3,6,6,8
2023-06-21,Cardiology,44,29,0.6591,4,4,9,9,4
2023-06-21,General Surgery,42,27,0.6429,4,4,9,9,7
2023-06-21,Internal Medicine,64,52,0.8125,6,6,13,13,10
2023-06-21,Neurology,36,29,0.8056,4,4,8,7,8
2023-06-21,Obstetrics,40,27,0.675,4,4,8,8,3
2023-06-21,Oncology,38,31,0.8158,4,4,8,7,10
2023-06-21,Orthopedics,48,34,0.7083,5,5,10,10,7
2023-06-21,Urology,30,22,0.7333,3,3,6,5,3
2023-06-22,Cardiology,44,33,0.75,4,4,9,8,10
2023-06-22,General Surgery,42,29,0.6905,4,4,9,8,5
2023-06-22,Internal Medicine,64,51,0.7969,6,6,13,12,10
2023-06-22,Neurology,36,27,0.75,4,4,8,8,7
2023-06-22,Obstetrics,40,27,0.675,4,4,8,8,3
2023-06-22,Oncology,38,31,0.8158,4,3,8,7,4
2023-06-22,Orthopedics,48,34,0.7083,5,5,10,10,7
2023-06-22,Urology,30,21,0.7,3,3,6,5,5
2023-06-23,Cardiology,44,31,0.7045,4,4,9,9,9
2023-06-23,General Surgery,42,34,0.8095,4,4,9,8,8
2023-06-23,Internal Medicine,64,51,0.7969,6,6,13,13,15
2023-06-23,Neurology,36,28,0.7778,4,3,8,7,10
2023-06-23,Obstetrics,40,28,0.7,4,4,8,8,4
2023-06-23,Oncology,38,29,0.7632,4,4,8,8,8
2023-06-23,Orthopedics,48,35,0.7292,5,5,10,10,3
2023-06-23,Urology,30,22,0.7333,3,3,6,6,4
2023-06-24,Cardiology,44,31,0.7045,4,4,9,9,8
2023-06-24,General Surgery,42,27,0.6429,4,4,9,9,10
2023-06-24,Internal Medicine,64,43,0.6719,6,6,13,13,5
2023-06-24,Neurology,36,28,0.7778,4,4,8,8,6
2023-06-24,Obstetrics,40,25,0.625,4,4,8,8,11
2023-06-24,Oncology,38,28,0.7368,4,4,8,8,8
2023-06-24,Orthopedics,48,34,0.7083,5,5,10,10,2
2023-06-24,Urology,30,19,0.6333,3,3,6,6,5
2023-06-25,Cardiology,44,32,0.7273,4,4,9,9,3
2023-06-25,General Surgery,42,30,0.7143,4,4,9,9,8
2023-06-25,Internal Medicine,64,48,0.75,6,6,13,13,7
2023-06-25,Neurology,36,27,0.75,4,3,8,8,5
2023-06-25,Obstetrics,40,24,0.6,4,4,8,8,6
2023-06-25,Oncology,38,28,0.7368,4,3,8,8,6
2023-06-25,Orthopedics,48,34,0.7083,5,5,10,9,9
2023-06-25,Urology,30,18,0.6,3,3,6,5,3
2023-06-26,Cardiology,44,28,0.6364,4,4,9,9,8
2023-06-26,General Surgery,42,33,0.7857,4,4,9,9,2
2023-06-26,Internal Medicine,64,47,0.7344,6,6,13,13,6
2023-06-26,Neurology,36,27,0.75,4,4,8,8,3
2023-06-26,Obstetrics,40,25,0.625,4,4,8,7,2
2023-06-26,Oncology,38,29,0.7632,4,4,8,8,5
2023-06-26,Orthopedics,48,32,0.6667,5,5,10,10,6
2023-06-26,Urology,30,20,0.6667,3,3,6,6,6
2023-06-27,Cardiology,44,32,0.7273,4,4,9,9,6
2023-06-27,General Surgery,42,35,0.8333,4,4,9,9,3
2023-06-27,Internal Medicine,64,47,0.7344,6,6,13,13,7
2023-06-27,Neurology,36,26,0.7222,4,4,8,8,7
2023-06-27,Obstetrics,40,28,0.7,4,4,8,8,2
2023-06-27,Oncology,38,32,0.8421,4,4,8,8,2
2023-06-27,Orthopedics,48,32,0.6667,5,5,10,10,4
2023-06-27,Urology,30,23,0.7667,3,3,6,6,6
2023-06-28,Cardiology,44,33,0.75,4,4,9,8,12
2023-06-28,General Surgery,42,32,0.7619,4,4,9,9,7
2023-06-28,Internal Medicine,64,58,0.9062,6,6,13,13,7
2023-06-28,Neurology,36,28,0.7778,4,4,8,8,3
2023-06-28,Obstetrics,40,25,0.625,4,4,8,8,4
2023-06-28,Oncology,38,31,0.8158,4,4,8,7,5
2023-06-28,Orthopedics,48,37,0.7708,5,4,10,10,5
2023-06-28,Urology,30,19,0.6333,3,3,6,6,5
2023-06-29,Cardiology,44,34,0.7727,4,4,9,9,3
2023-06-29,General Surgery,42,31,0.7381,4,4,9,9,5
2023-06-29,Internal Medicine,64,44,0.6875,6,6,13,13,3
2023-06-29,Neurology,36,29,0.8056,4,4,8,8,12
2023-06-29,Obstetrics,40,28,0.7,4,4,8,8,7
2023-06-29,Oncology,38,32,0.8421,4,4,8,8,4
2023-06-29,Orthopedics,48,34,0.7083,5,5,10,9,3
2023-06-29,Urology,30,21,0.7,3,3,6,6,7
2023-06-30,Cardiology,44,35,0.7955,4,4,9,9,8
2023-06-30,General Surgery,42,31,0.7381,4,4,9,9,6
2023-06-30,Internal Medicine,64,50,0.7812,6,6,13,13,3
2023-06-30,Neurology,36,28,0.7778,4,4,8,8,7
2023-06-30,Obstetrics,40,24,0.6,4,4,8,7,4
2023-06-30,Oncology,38,31,0.8158,4,4,8,8,6
2023-06-30,Orthopedics,48,31,0.6458,5,4,10,10,3
2023-06-30,Urology,30,21,0.7,3,3,6,6,4
2023-07-01,Cardiology,44,28,0.6364,4,4,9,9,4
2023-07-01,General Surgery,42,34,0.8095,4,4,9,9,8
2023-07-01,Internal Medicine,64,49,0.7656,6,6,13,13,6
2023-07-01,Neurology,36,26,0.7222,4,4,8,8,3
2023-07-01,Obstetrics,40,27,0.675,4,4,8,8,4
2023-07-01,Oncology,38,29,0.7632,4,4,8,8,7
2023-07-01,Orthopedics,48,34,0.7083,5,5,10,10,5
2023-07-01,Urology,30,21,0.7,3,3,6,5,5
2023-07-02,Cardiology,44,30,0.6818,4,4,9,9,4
2023-07-02,General Surgery,42,30,0.7143,4,4,9,8,10
2023-07-02,Internal Medicine,64,44,0.6875,6,6,13,13,6
2023-07-02,Neurology,36,26,0.7222,4,4,8,8,5
2023-07-02,Obstetrics,40,27,0.675,4,4,8,8,9
2023-07-02,Oncology,38,30,0.7895,4,4,8,8,13
2023-07-02,Orthopedics,48,30,0.625,5,5,10,10,4
2023-07-02,Urology,30,21,0.7,3,3,6,6,8
2023-07-03,Cardiology,44,31,0.7045,4,4,9,8,10
2023-07-03,General Surgery,42,29,0.6905,4,3,9,9,6
2023-07-03,Internal Medicine,64,41,0.6406,6,6,13,13,6
2023-07-03,Neurology,36,26,0.7222,4,4,8,7,7
2023-07-03,Obstetrics,40,28,0.7,4,4,8,7,5
2023-07-03,Oncology,38,26,0.6842,4,4,8,8,3
2023-07-03,Orthopedics,48,32,0.6667,5,5,10,10,8
2023-07-03,Urology,30,21,0.7,3,3,6,6,7
2023-07-04,Cardiology,44,31,0.7045,4,4,9,9,10
2023-07-04,General Surgery,42,28,0.6667,4,4,9,9,10
2023-07-04,Internal Medicine,64,50,0.7812,6,6,13,13,11
2023-07-04,Neurology,36,26,0.7222,4,4,8,7,7
2023-07-04,Obstetrics,40,31,0.775,4,4,8,8,10
2023-07-04,Oncology,38,27,0.7105,4,4,8,8,5
2023-07-04,Orthopedics,48,35,0.7292,5,5,10,10,3
2023-07-04,Urology,30,20,0.6667,3,3,6,6,5
2023-07-05,Cardiology,44,30,0.6818,4,4,9,9,6
2023-07-05,General Surgery,42,33,0.7857,4,4,9,9,8
2023-07-05,Internal Medicine,64,52,0.8125,6,6,13,13,5
2023-07-05,Neurology,36,27,0.75,4,4,8,8,12
2023-07-05,Obstetrics,40,27,0.675,4,4,8,8,4
2023-07-05,Oncology,38,30,0.7895,4,4,8,8,2
2023-07-05,Orthopedics,48,32,0.6667,5,5,10,10,4
2023-07-05,Urology,30,23,0.7667,3,3,6,5,1
2023-07-06,Cardiology,44,34,0.7727,4,4,9,9,8
2023-07-06,General Surgery,42,31,0.7381,4,4,9,9,7
2023-07-06,Internal Medicine,64,51,0.7969,6,6,13,12,3
2023-07-06,Neurology,36,25,0.6944,4,4,8,8,7
2023-07-06,Obstetrics,40,26,0.65,4,4,8,8,3
2023-07-06,Oncology,38,29,0.7632,4,4,8,7,6
2023-07-06,Orthopedics,48,35,0.7292,5,5,10,10,3
2023-07-06,Urology,30,22,0.7333,3,3,6,6,5
2023-07-07,Cardiology,44,33,0.75,4,4,9,8,6
2023-07-07,General Surgery,42,30,0.7143,4,4,9,9,8
2023-07-07,Internal Medicine,64,47,0.7344,6,6,13,13,10
2023-07-07,Neurology,36,23,0.6389,4,4,8,8,4
2023-07-07,Obstetrics,40,26,0.65,4,4,8,8,5
2023-07-07,Oncology,38,32,0.8421,4,4,8,8,7
2023-07-07,Orthopedics,48,34,0.7083,5,5,10,9,5
2023-07-07,Urology,30,22,0.7333,3,3,6,6,3
2023-07-08,Cardiology,44,32,0.7273,4,4,9,8,5
2023-07-08,General Surgery,42,29,0.6905,4,3,9,9,3
2023-07-08,Internal Medicine,64,40,0.625,6,6,13,12,6
2023-07-08,Neurology,36,25,0.6944,4,4,8,8,6
2023-07-08,Obstetrics,40,28,0.7,4,4,8,8,6
2023-07-08,Oncology,38,30,0.7895,4,4,8,8,1
2023-07-08,Orthopedics,48,36,0.75,5,5,10,10,4
2023-07-08,Urology,30,19,0.6333,3,3,6,6,5
2023-07-09,Cardiology,44,28,0.6364,4,4,9,9,2
2023-07-09,General Surgery,42,29,0.6905,4,4,9,9,7
2023-07-09,Internal Medicine,64,43,0.6719,6,6,13,13,11
2023-07-09,Neurology,36,26,0.7222,4,4,8,8,5
2023-07-09,Obstetrics,40,26,0.65,4,4,8,8,5
2023-07-09,Oncology,38,28,0.7368,4,4,8,8,4
2023-07-09,Orthopedics,48,31,0.6458,5,5,10,10,3
2023-07-09,Urology,30,20,0.6667,3,3,6,6,3
2023-07-10,Cardiology,44,35,0.7955,4,3,9,8,6
2023-07-10,General Surgery,42,31,0.7381,4,4,9,9,1
2023-07-10,Internal Medicine,64,50,0.7812,6,6,13,13,5
2023-07-10,Neurology,36,25,0.6944,4,4,8,8,4
2023-07-10,Obstetrics,40,28,0.7,4,4,8,8,2
2023-07-10,Oncology,38,30,0.7895,4,4,8,8,5
2023-07-10,Orthopedics,48,33,0.6875,5,5,10,10,4
2023-07-10,Urology,30,22,0.7333,3,2,6,6,5
2023-07-11,Cardiology,44,30,0.6818,4,4,9,9,7
2023-07-11,General Surgery,42,29,0.6905,4,4,9,9,4
2023-07-11,Internal Medicine,64,52,0.8125,6,6,13,13,4
2023-07-11,Neurology,36,29,0.8056,4,3,8,8,9
2023-07-11,Obstetrics,40,27,0.675,4,4,8,8,4
2023-07-11,Oncology,38,30,0.7895,4,4,8,8,4
2023-07-11,Orthopedics,48,36,0.75,5,5,10,10,7
2023-07-11,Urology,30,21,0.7,3,3,6,6,7
2023-07-12,Cardiology,44,33,0.75,4,4,9,8,7
2023-07-12,General Surgery,42,32,0.7619,4,4,9,9,10
2023-07-12,Internal Medicine,64,47,0.7344,6,6,13,13,6
2023-07-12,Neurology,36,27,0.75,4,4,8,8,9
2023-07-12,Obstetrics,40,27,0.675,4,4,8,8,4
2023-07-12,Oncology,38,32,0.8421,4,4,8,8,4
2023-07-12,Orthopedics,48,32,0.6667,5,5,10,10,7
2023-07-12,Urology,30,22,0.7333,3,3,6,5,3
2023-07-13,Cardiology,44,31,0.7045,4,4,9,9,7
2023-07-13,General Surgery,42,32,0.7619,4,4,9,9,7
2023-07-13,Internal Medicine,64,51,0.7969,6,6,13,12,5
2023-07-13,Neurology,36,27,0.75,4,4,8,8,6
2023-07-13,Obstetrics,40,25,0.625,4,4,8,8,7
2023-07-13,Oncology,38,29,0.7632,4,4,8,8,4
2023-07-13,Orthopedics,48,38,0.7917,5,5,10,10,2
2023-07-13,Urology,30,20,0.6667,3,3,6,6,2
2023-07-14,Cardiology,44,31,0.7045,4,4,9,9,8
2023-07-14,General Surgery,42,33,0.7857,4,3,9,8,7
2023-07-14,Internal Medicine,64,49,0.7656,6,6,13,11,5
2023-07-14,Neurology,36,27,0.75,4,4,8,8,8
2023-07-14,Obstetrics,40,29,0.725,4,4,8,8,8
2023-07-14,Oncology,38,31,0.8158,4,4,8,8,3
2023-07-14,Orthopedics,48,34,0.7083,5,5,10,10,5
2023-07-14,Urology,30,22,0.7333,3,3,6,6,7
2023-07-15,Cardiology,44,32,0.7273,4,4,9,9,7
2023-07-15,General Surgery,42,31,0.7381,4,3,9,9,10
2023-07-15,Internal Medicine,64,47,0.7344,6,6,13,13,6
2023-07-15,Neurology,36,28,0.7778,4,4,8,8,7
2023-07-15,Obstetrics,40,27,0.675,4,4,8,8,3
2023-07-15,Oncology,38,28,0.7368,4,4,8,8,3
2023-07-15,Orthopedics,48,31,0.6458,5,5,10,10,7
2023-07-15,Urology,30,22,0.7333,3,3,6,6,7
2023-07-16,Cardiology,44,30,0.6818,4,4,9,8,8
2023-07-16,General Surgery,42,31,0.7381,4,4,9,9,5
2023-07-16,Internal Medicine,64,47,0.7344,6,6,13,13,9
2023-07-16,Neurology,36,24,0.6667,4,3,8,7,5
2023-07-16,Obstetrics,40,23,0.575,4,4,8,8,2
2023-07-16,Oncology,38,27,0.7105,4,4,8,8,3
2023-07-16,Orthopedics,48,32,0.6667,5,5,10,10,5
2023-07-16,Urology,30,21,0.7,3,3,6,6,7
2023-07-17,Cardiology,44,32,0.7273,4,3,9,9,2
2023-07-17,General Surgery,42,34,0.8095,4,4,9,8,5
2023-07-17,Internal Medicine,64,45,0.7031,6,6,13,13,6
2023-07-17,Neurology,36,28,0.7778,4,4,8,8,5
2023-07-17,Obstetrics,40,27,0.675,4,4,8,8,2
2023-07-17,Oncology,38,31,0.8158,4,4,8,8,6
2023-07-17,Orthopedics,48,35,0.7292,5,5,10,10,7
2023-07-17,Urology,30,21,0.7,3,3,6,6,4
2023-07-18,Cardiology,44,31,0.7045,4,4,9,9,8
2023-07-18,General Surgery,42,31,0.7381,4,4,9,9,4
2023-07-18,Internal Medicine,64,49,0.7656,6,6,13,13,8
2023-07-18,Neurology,36,27,0.75,4,4,8,8,5
2023-07-18,Obstetrics,40,30,0.75,4,4,8,8,4
2023-07-18,Oncology,38,31,0.8158,4,4,8,7,3
2023-07-18,Orthopedics,48,34,0.7083,5,4,10,10,4
2023-07-18,Urology,30,22,0.7333,3,3,6,6,6
2023-07-19,Cardiology,44,28,0.6364,4,4,9,9,9
2023-07-19,General Surgery,42,31,0.7381,4,4,9,9,7
2023-07-19,Internal Medicine,64,50,0.7812,6,6,13,13,6
2023-07-19,Neurology,36,25,0.6944,4,4,8,8,7
2023-07-19,Obstetrics,40,29,0.725,4,4,8,7,2
2023-07-19,Oncology,38,27,0.7105,4,3,8,8,4
2023-07-19,Orthopedics,48,34,0.7083,5,5,10,10,5
2023-07-19,Urology,30,21,0.7,3,3,6,6,2
2023-07-20,Cardiology,44,33,0.75,4,4,9,8,7
2023-07-20,General Surgery,42,33,0.7857,4,4,9,9,4
2023-07-20,Internal Medicine,64,46,0.7188,6,6,13,13,6
2023-07-20,Neurology,36,27,0.75,4,4,8,7,4
2023-07-20,Obstetrics,40,29,0.725,4,4,8,8,6
2023-07-20,Oncology,38,31,0.8158,4,4,8,8,8
2023-07-20,Orthopedics,48,34,0.7083,5,5,10,10,6
2023-07-20,Urology,30,18,0.6,3,3,6,6,3
2023-07-21,Cardiology,44,32,0.7273,4,3,9,9,9
2023-07-21,General Surgery,42,28,0.6667,4,4,9,9,5
2023-07-21,Internal Medicine,64,50,0.7812,6,6,13,13,3
2023-07-21,Neurology,36,29,0.8056,4,4,8,8,4
2023-07-21,Obstetrics,40,30,0.75,4,4,8,7,2
2023-07-21,Oncology,38,31,0.8158,4,4,8,8,5
2023-07-21,Orthopedics,48,31,0.6458,5,5,10,10,8
2023-07-21,Urology,30,21,0.7,3,3,6,6,2
2023-07-22,Cardiology,44,32,0.7273,4,4,9,8,4
2023-07-22,General Surgery,42,33,0.7857,4,4,9,9,6
2023-07-22,Internal Medicine,64,50,0.7812,6,6,13,13,5
2023-07-22,Neurology,36,24,0.6667,4,4,8,8,7
2023-07-22,Obstetrics,40,28,0.7,4,4,8,8,5
2023-07-22,Oncology,38,28,0.7368,4,4,8,8,3
2023-07-22,Orthopedics,48,30,0.625,5,5,10,10,2
2023-07-22,Urology,30,19,0.6333,3,3,6,5,6
2023-07-23,Cardiology,44,30,0.6818,4,4,9,9,4
2023-07-23,General Surgery,42,29,0.6905,4,4,9,9,7
2023-07-23,Internal Medicine,64,46,0.7188,6,6,13,13,8
2023-07-23,Neurology,36,23,0.6389,4,4,8,8,3
2023-07-23,Obstetrics,40,26,0.65,4,4,8,8,2
2023-07-23,Oncology,38,27,0.7105,4,4,8,7,1
2023-07-23,Orthopedics,48,37,0.7708,5,5,10,10,8
2023-07-23,Urology,30,21,0.7,3,3,6,6,4
2023-07-24,Cardiology,44,34,0.7727,4,4,9,9,8
2023-07-24,General Surgery,42,32,0.7619,4,4,9,9,4
2023-07-24,Internal Medicine,64,49,0.7656,6,6,13,13,4
2023-07-24,Neurology,36,25,0.6944,4,4,8,8,7
2023-07-24,Obstetrics,40,29,0.725,4,4,8,7,3
2023-07-24,Oncology,38,32,0.8421,4,4,8,8,3
2023-07-24,Orthopedics,48,32,0.6667,5,5,10,10,6
2023-07-24,Urology,30,22,0.7333,3,3,6,5,4
2023-07-25,Cardiology,44,32,0.7273,4,4,9,9,5
2023-07-25,General Surgery,42,32,0.7619,4,4,9,9,8
2023-07-25,Internal Medicine,64,51,0.7969,6,6,13,13,8
2023-07-25,Neurology,36,27,0.75,4,4,8,8,3
2023-07-25,Obstetrics,40,28,0.7,4,4,8,8,6
2023-07-25,Oncology,38,28,0.7368,4,4,8,8,8
2023-07-25,Orthopedics,48,38,0.7917,5,5,10,10,4
2023-07-25,Urology,30,22,0.7333,3,3,6,6,7
2023-07-26,Cardiology,44,31,0.7045,4,4,9,9,4
2023-07-26,General Surgery,42,35,0.8333,4,4,9,9,4
2023-07-26,Internal Medicine,64,48,0.75,6,6,13,13,6
2023-07-26,Neurology,36,30,0.8333,4,4,8,8,13
2023-07-26,Obstetrics,40,25,0.625,4,4,8,8,2
2023-07-26,Oncology,38,35,0.9211,4,4,8,7,7
2023-07-26,Orthopedics,48,34,0.7083,5,5,10,10,7
2023-07-26,Urology,30,21,0.7,3,3,6,6,4
2023-07-27,Cardiology,44,35,0.7955,4,4,9,8,6
2023-07-27,General Surgery,42,32,0.7619,4,4,9,9,5
2023-07-27,Internal Medicine,64,50,0.7812,6,6,13,13,5
2023-07-27,Neurology,36,27,0.75,4,4,8,8,6
2023-07-27,Obstetrics,40,28,0.7,4,4,8,7,4
2023-07-27,Oncology,38,31,0.8158,4,4,8,8,5
2023-07-27,Orthopedics,48,32,0.6667,5,5,10,10,3
2023-07-27,Urology,30,19,0.6333,3,3,6,6,5
2023-07-28,Cardiology,44,30,0.6818,4,4,9,9,10
2023-07-28,General Surgery,42,33,0.7857,4,4,9,9,2
2023-07-28,Internal Medicine,64,47,0.7344,6,6,13,12,10
2023-07-28,Neurology,36,25,0.6944,4,4,8,8,9
2023-07-28,Obstetrics,40,25,0.625,4,4,8,8,3
2023-07-28,Oncology,38,28,0.7368,4,4,8,7,6
2023-07-28,Orthopedics,48,36,0.75,5,5,10,10,7
2023-07-28,Urology,30,21,0.7,3,3,6,6,5
2023-07-29,Cardiology,44,28,0.6364,4,4,9,9,10
2023-07-29,General Surgery,42,30,0.7143,4,4,9,9,1
2023-07-29,Internal Medicine,64,51,0.7969,6,6,13,13,8
2023-07-29,Neurology,36,24,0.6667,4,4,8,8,5
2023-07-29,Obstetrics,40,26,0.65,4,4,8,8,2
2023-07-29,Oncology,38,30,0.7895,4,4,8,8,6
2023-07-29,Orthopedics,48,31,0.6458,5,4,10,10,10
2023-07-29,Urology,30,21,0.7,3,3,6,6,5
2023-07-30,Cardiology,44,33,0.75,4,4,9,9,8
2023-07-30,General Surgery,42,27,0.6429,4,4,9,8,10
2023-07-30,Internal Medicine,64,43,0.6719,6,6,13,13,6
2023-07-30,Neurology,36,26,0.7222,4,4,8,8,10
2023-07-30,Obstetrics,40,25,0.625,4,4,8,8,4
2023-07-30,Oncology,38,25,0.6579,4,4,8,8,3
2023-07-30,Orthopedics,48,33,0.6875,5,5,10,10,6
2023-07-30,Urology,30,21,0.7,3,3,6,6,4
2023-07-31,Cardiology,44,32,0.7273,4,4,9,9,9
2023-07-31,General Surgery,42,32,0.7619,4,4,9,9,7
2023-07-31,Internal Medicine,64,57,0.8906,6,6,13,13,10
2023-07-31,Neurology,36,27,0.75,4,4,8,8,8
2023-07-31,Obstetrics,40,27,0.675,4,4,8,8,6
2023-07-31,Oncology,38,31,0.8158,4,4,8,8,6
2023-07-31,Orthopedics,48,35,0.7292,5,5,10,10,5
2023-07-31,Urology,30,23,0.7667,3,3,6,6,10
2023-08-01,Cardiology,44,32,0.7273,4,4,9,9,6
2023-08-01,General Surgery,42,32,0.7619,4,4,9,9,6
2023-08-01,Internal Medicine,64,51,0.7969,6,6,13,13,7
2023-08-01,Neurology,36,29,0.8056,4,4,8,7,8
2023-08-01,Obstetrics,40,28,0.7,4,4,8,8,8
2023-08-01,Oncology,38,30,0.7895,4,4,8,7,4
2023-08-01,Orthopedics,48,30,0.625,5,5,10,10,6
2023-08-01,Urology,30,23,0.7667,3,3,6,6,3
2023-08-02,Cardiology,44,35,0.7955,4,4,9,9,9
2023-08-02,General Surgery,42,28,0.6667,4,4,9,9,8
2023-08-02,Internal Medicine,64,51,0.7969,6,6,13,12,7
2023-08-02,Neurology,36,26,0.7222,4,4,8,8,7
2023-08-02,Obstetrics,40,27,0.675,4,3,8,8,3
2023-08-02,Oncology,38,31,0.8158,4,4,8,8,4
2023-08-02,Orthopedics,48,35,0.7292,5,5,10,10,9
2023-08-02,Urology,30,23,0.7667,3,3,6,6,7
2023-08-03,Cardiology,44,32,0.7273,4,4,9,9,10
2023-08-03,General Surgery,42,32,0.7619,4,3,9,9,11
2023-08-03,Internal Medicine,64,44,0.6875,6,6,13,13,12
2023-08-03,Neurology,36,28,0.7778,4,4,8,7,6
2023-08-03,Obstetrics,40,27,0.675,4,4,8,8,5
2023-08-03,Oncology,38,30,0.7895,4,4,8,8,5
2023-08-03,Orthopedics,48,34,0.7083,5,5,10,10,7
2023-08-03,Urology,30,22,0.7333,3,3,6,5,6
2023-08-04,Cardiology,44,32,0.7273,4,4,9,9,5
2023-08-04,General Surgery,42,30,0.7143,4,4,9,9,8
2023-08-04,Internal Medicine,64,49,0.7656,6,6,13,12,10
2023-08-04,Neurology,36,26,0.7222,4,4,8,7,4
2023-08-04,Obstetrics,40,29,0.725,4,4,8,8,1
2023-08-04,Oncology,38,29,0.7632,4,4,8,8,4
2023-08-04,Orthopedics,48,37,0.7708,5,5,10,10,7
2023-08-04,Urology,30,22,0.7333,3,3,6,6,6
2023-08-05,Cardiology,44,29,0.6591,4,4,9,8,2
2023-08-05,General Surgery,42,28,0.6667,4,4,9,9,6
2023-08-05,Internal Medicine,64,53,0.8281,6,6,13,13,7
2023-08-05,Neurology,36,27,0.75,4,4,8,8,8
2023-08-05,Obstetrics,40,25,0.625,4,4,8,7,2
2023-08-05,Oncology,38,31,0.8158,4,4,8,8,4
2023-08-05,Orthopedics,48,35,0.7292,5,5,10,10,4
2023-08-05,Urology,30,20,0.6667,3,2,6,6,9
2023-08-06,Cardiology,44,34,0.7727,4,4,9,8,3
2023-08-06,General Surgery,42,28,0.6667,4,3,9,9,11
2023-08-06,Internal Medicine,64,45,0.7031,6,6,13,13,5
2023-08-06,Neurology,36,27,0.75,4,4,8,8,9
2023-08-06,Obstetrics,40,24,0.6,4,4,8,7,1
2023-08-06,Oncology,38,28,0.7368,4,4,8,8,8
2023-08-06,Orthopedics,48,32,0.6667,5,5,10,10,3
2023-08-06,Urology,30,21,0.7,3,3,6,5,4
2023-08-07,Cardiology,44,33,0.75,4,4,9,9,4
2023-08-07,General Surgery,42,29,0.6905,4,4,9,9,4
2023-08-07,Internal Medicine,64,47,0.7344,6,6,13,13,4
2023-08-07,Neurology,36,29,0.8056,4,4,8,8,5
2023-08-07,Obstetrics,40,27,0.675,4,4,8,8,8
2023-08-07,Oncology,38,31,0.8158,4,4,8,8,4
2023-08-07,Orthopedics,48,39,0.8125,5,5,10,10,6
2023-08-07,Urology,30,23,0.7667,3,3,6,6,8
2023-08-08,Cardiology,44,31,0.7045,4,4,9,9,0
2023-08-08,General Surgery,42,32,0.7619,4,4,9,9,9
2023-08-08,Internal Medicine,64,50,0.7812,6,6,13,13,6
2023-08-08,Neurology,36,26,0.7222,4,4,8,8,4
2023-08-08,Obstetrics,40,27,0.675,4,4,8,7,2
2023-08-08,Oncology,38,28,0.7368,4,4,8,7,2
2023-08-08,Orthopedics,48,32,0.6667,5,5,10,10,3
2023-08-08,Urology,30,20,0.6667,3,3,6,6,3
2023-08-09,Cardiology,44,32,0.7273,4,4,9,8,8
2023-08-09,General Surgery,42,33,0.7857,4,4,9,8,7
2023-08-09,Internal Medicine,64,51,0.7969,6,6,13,13,7
2023-08-09,Neurology,36,26,0.7222,4,4,8,8,5
2023-08-09,Obstetrics,40,26,0.65,4,4,8,8,4
2023-08-09,Oncology,38,27,0.7105,4,4,8,8,4
2023-08-09,Orthopedics,48,34,0.7083,5,5,10,10,2
2023-08-09,Urology,30,21,0.7,3,3,6,6,7
2023-08-10,Cardiology,44,29,0.6591,4,4,9,9,3
2023-08-10,General Surgery,42,30,0.7143,4,4,9,9,9
2023-08-10,Internal Medicine,64,49,0.7656,6,6,13,13,4
2023-08-10,Neurology,36,25,0.6944,4,4,8,8,7
2023-08-10,Obstetrics,40,29,0.725,4,4,8,7,4
2023-08-10,Oncology,38,33,0.8684,4,4,8,8,5
2023-08-10,Orthopedics,48,35,0.7292,5,4,10,10,5
2023-08-10,Urology,30,22,0.7333,3,3,6,5,4
2023-08-11,Cardiology,44,36,0.8182,4,3,9,9,8
2023-08-11,General Surgery,42,34,0.8095,4,4,9,9,9
2023-08-11,Internal Medicine,64,51,0.7969,6,6,13,13,3
2023-08-11,Neurology,36,27,0.75,4,4,8,7,2
2023-08-11,Obstetrics,40,27,0.675,4,4,8,8,5
2023-08-11,Oncology,38,31,0.8158,4,4,8,8,0
2023-08-11,Orthopedics,48,37,0.7708,5,5,10,10,6
2023-08-11,Urology,30,22,0.7333,3,3,6,6,3
2023-08-12,Cardiology,44,30,0.6818,4,4,9,9,7
2023-08-12,General Surgery,42,33,0.7857,4,4,9,8,10
2023-08-12,Internal Medicine,64,41,0.6406,6,6,13,13,4
2023-08-12,Neurology,36,24,0.6667,4,4,8,8,6
2023-08-12,Obstetrics,40,26,0.65,4,4,8,8,3
2023-08-12,Oncology,38,26,0.6842,4,4,8,8,5
2023-08-12,Orthopedics,48,35,0.7292,5,5,10,10,4
2023-08-12,Urology,30,20,0.6667,3,3,6,6,10
2023-08-13,Cardiology,44,27,0.6136,4,4,9,9,8
2023-08-13,General Surgery,42,28,0.6667,4,4,9,9,5
2023-08-13,Internal Medicine,64,43,0.6719,6,6,13,12,3
2023-08-13,Neurology,36,24,0.6667,4,4,8,8,7
2023-08-13,Obstetrics,40,27,0.675,4,4,8,7,4
2023-08-13,Oncology,38,27,0.7105,4,4,8,7,5
2023-08-13,Orthopedics,48,35,0.7292,5,5,10,10,5
2023-08-13,Urology,30,21,0.7,3,3,6,6,8
2023-08-14,Cardiology,44,33,0.75,4,3,9,9,5
2023-08-14,General Surgery,42,33,0.7857,4,4,9,9,5
2023-08-14,Internal Medicine,64,50,0.7812,6,6,13,12,4
2023-08-14,Neurology,36,26,0.7222,4,4,8,7,7
2023-08-14,Obstetrics,40,26,0.65,4,4,8,8,3
2023-08-14,Oncology,38,33,0.8684,4,4,8,8,7
2023-08-14,Orthopedics,48,36,0.75,5,5,10,10,4
2023-08-14,Urology,30,22,0.7333,3,2,6,6,2
2023-08-15,Cardiology,44,31,0.7045,4,4,9,9,5
2023-08-15,General Surgery,42,35,0.8333,4,4,9,9,4
2023-08-15,Internal Medicine,64,47,0.7344,6,6,13,13,5
2023-08-15,Neurology,36,26,0.7222,4,3,8,8,8
2023-08-15,Obstetrics,40,28,0.7,4,4,8,7,4
2023-08-15,Oncology,38,25,0.6579,4,4,8,8,10
2023-08-15,Orthopedics,48,34,0.7083,5,5,10,10,6
2023-08-15,Urology,30,21,0.7,3,3,6,6,2
2023-08-16,Cardiology,44,31,0.7045,4,4,9,9,8
2023-08-16,General Surgery,42,30,0.7143,4,4,9,9,7
2023-08-16,Internal Medicine,64,51,0.7969,6,6,13,13,5
2023-08-16,Neurology,36,25,0.6944,4,4,8,8,8
2023-08-16,Obstetrics,40,30,0.75,4,4,8,8,6
2023-08-16,Oncology,38,31,0.8158,4,3,8,8,3
2023-08-16,Orthopedics,48,32,0.6667,5,5,10,10,3
2023-08-16,Urology,30,23,0.7667,3,2,6,6,3
2023-08-17,Cardiology,44,34,0.7727,4,4,9,9,7
2023-08-17,General Surgery,42,34,0.8095,4,4,9,8,8
2023-08-17,Internal Medicine,64,53,0.8281,6,6,13,13,2
2023-08-17,Neurology,36,26,0.7222,4,4,8,8,8
2023-08-17,Obstetrics,40,23,0.575,4,4,8,8,10
2023-08-17,Oncology,38,29,0.7632,4,4,8,8,6
2023-08-17,Orthopedics,48,35,0.7292,5,5,10,10,3
2023-08-17,Urology,30,22,0.7333,3,3,6,6,4
2023-08-18,Cardiology,44,35,0.7955,4,3,9,9,9
2023-08-18,General Surgery,42,30,0.7143,4,3,9,9,7
2023-08-18,Internal Medicine,64,49,0.7656,6,6,13,12,5
2023-08-18,Neurology,36,28,0.7778,4,4,8,8,5
2023-08-18,Obstetrics,40,26,0.65,4,4,8,8,6
2023-08-18,Oncology,38,31,0.8158,4,4,8,8,3
2023-08-18,Orthopedics,48,38,0.7917,5,5,10,10,2
2023-08-18,Urology,30,22,0.7333,3,2,6,6,5
2023-08-19,Cardiology,44,27,0.6136,4,4,9,9,6
2023-08-19,General Surgery,42,32,0.7619,4,3,9,9,3
2023-08-19,Internal Medicine,64,44,0.6875,6,6,13,12,6
2023-08-19,Neurology,36,25,0.6944,4,4,8,8,1
2023-08-19,Obstetrics,40,25,0.625,4,4,8,8,6
2023-08-19,Oncology,38,29,0.7632,4,4,8,8,12
2023-08-19,Orthopedics,48,34,0.7083,5,5,10,10,10
2023-08-19,Urology,30,20,0.6667,3,3,6,6,1
2023-08-20,Cardiology,44,29,0.6591,4,4,9,9,4
2023-08-20,General Surgery,42,32,0.7619,4,4,9,8,5
2023-08-20,Internal Medicine,64,47,0.7344,6,6,13,13,13
2023-08-20,Neurology,36,24,0.6667,4,4,8,8,9
2023-08-20,Obstetrics,40,26,0.65,4,4,8,8,2
2023-08-20,Oncology,38,30,0.7895,4,4,8,7,10
2023-08-20,Orthopedics,48,33,0.6875,5,5,10,10,4
2023-08-20,Urology,30,20,0.6667,3,3,6,6,1
2023-08-21,Cardiology,44,32,0.7273,4,4,9,8,4
2023-08-21,General Surgery,42,30,0.7143,4,4,9,8,5
2023-08-21,Internal Medicine,64,50,0.7812,6,6,13,12,3
2023-08-21,Neurology,36,27,0.75,4,4,8,8,11
2023-08-21,Obstetrics,40,27,0.675,4,4,8,8,5
2023-08-21,Oncology,38,30,0.7895,4,3,8,8,6
2023-08-21,Orthopedics,48,30,0.625,5,5,10,10,6
2023-08-21,Urology,30,20,0.6667,3,3,6,6,5
2023-08-22,Cardiology,44,32,0.7273,4,4,9,9,2
2023-08-22,General Surgery,42,31,0.7381,4,4,9,9,4
2023-08-22,Internal Medicine,64,49,0.7656,6,6,13,12,7
2023-08-22,Neurology,36,27,0.75,4,4,8,7,5
2023-08-22,Obstetrics,40,23,0.575,4,3,8,8,7
2023-08-22,Oncology,38,32,0.8421,4,4,8,8,7
2023-08-22,Orthopedics,48,36,0.75,5,5,10,9,2
2023-08-22,Urology,30,22,0.7333,3,3,6,6,6
2023-08-23,Cardiology,44,33,0.75,4,4,9,9,7
2023-08-23,General Surgery,42,31,0.7381,4,4,9,9,3
2023-08-23,Internal Medicine,64,45,0.7031,6,6,13,13,3
2023-08-23,Neurology,36,27,0.75,4,4,8,8,5
2023-08-23,Obstetrics,40,27,0.675,4,4,8,8,3
2023-08-23,Oncology,38,30,0.7895,4,4,8,8,6
2023-08-23,Orthopedics,48,36,0.75,5,4,10,9,3
2023-08-23,Urology,30,22,0.7333,3,3,6,6,7
2023-08-24,Cardiology,44,30,0.6818,4,4,9,9,7
2023-08-24,General Surgery,42,32,0.7619,4,3,9,9,3
2023-08-24,Internal Medicine,64,49,0.7656,6,5,13,13,7
2023-08-24,Neurology,36,26,0.7222,4,3,8,8,7
2023-08-24,Obstetrics,40,28,0.7,4,4,8,8,3
2023-08-24,Oncology,38,30,0.7895,4,4,8,7,5
2023-08-24,Orthopedics,48,33,0.6875,5,5,10,10,2
2023-08-24,Urology,30,22,0.7333,3,3,6,6,6
2023-08-25,Cardiology,44,29,0.6591,4,4,9,9,5
2023-08-25,General Surgery,42,30,0.7143,4,4,9,9,8
2023-08-25,Internal Medicine,64,45,0.7031,6,6,13,13,8
2023-08-25,Neurology,36,27,0.75,4,4,8,8,5
2023-08-25,Obstetrics,40,29,0.725,4,4,8,8,5
2023-08-25,Oncology,38,30,0.7895,4,4,8,8,1
2023-08-25,Orthopedics,48,36,0.75,5,5,10,10,5
2023-08-25,Urology,30,21,0.7,3,3,6,6,4
2023-08-26,Cardiology,44,31,0.7045,4,4,9,9,7
2023-08-26,General Surgery,42,31,0.7381,4,4,9,9,6
2023-08-26,Internal Medicine,64,49,0.7656,6,6,13,13,8
2023-08-26,Neurology,36,28,0.7778,4,4,8,8,4
2023-08-26,Obstetrics,40,25,0.625,4,4,8,8,5
2023-08-26,Oncology,38,29,0.7632,4,4,8,8,5
2023-08-26,Orthopedics,48,33,0.6875,5,5,10,10,3
2023-08-26,Urology,30,18,0.6,3,3,6,6,7
2023-08-27,Cardiology,44,31,0.7045,4,3,9,9,5
2023-08-27,General Surgery,42,27,0.6429,4,4,9,8,8
2023-08-27,Internal Medicine,64,49,0.7656,6,6,13,13,8
2023-08-27,Neurology,36,25,0.6944,4,4,8,8,7
2023-08-27,Obstetrics,40,25,0.625,4,4,8,8,2
2023-08-27,Oncology,38,30,0.7895,4,3,8,8,9
2023-08-27,Orthopedics,48,33,0.6875,5,5,10,10,7
2023-08-27,Urology,30,18,0.6,3,3,6,6,4
2023-08-28,Cardiology,44,34,0.7727,4,4,9,9,7
2023-08-28,General Surgery,42,32,0.7619,4,4,9,8,8
2023-08-28,Internal Medicine,64,54,0.8438,6,6,13,13,9
2023-08-28,Neurology,36,27,0.75,4,4,8,8,11
2023-08-28,Obstetrics,40,30,0.75,4,4,8,8,3
2023-08-28,Oncology,38,34,0.8947,4,4,8,8,8
2023-08-28,Orthopedics,48,35,0.7292,5,5,10,9,3
2023-08-28,Urology,30,20,0.6667,3,3,6,6,3
2023-08-29,Cardiology,44,34,0.7727,4,4,9,9,6
2023-08-29,General Surgery,42,31,0.7381,4,4,9,9,3
2023-08-29,Internal Medicine,64,46,0.7188,6,6,13,13,4
2023-08-29,Neurology,36,29,0.8056,4,4,8,8,10
2023-08-29,Obstetrics,40,28,0.7,4,4,8,8,5
2023-08-29,Oncology,38,31,0.8158,4,4,8,8,7
2023-08-29,Orthopedics,48,35,0.7292,5,5,10,10,4
2023-08-29,Urology,30,22,0.7333,3,3,6,6,10
2023-08-30,Cardiology,44,34,0.7727,4,4,9,9,6
2023-08-30,General Surgery,42,33,0.7857,4,4,9,9,4
2023-08-30,Internal Medicine,64,52,0.8125,6,5,13,13,7
2023-08-30,Neurology,36,28,0.7778,4,3,8,8,8
2023-08-30,Obstetrics,40,25,0.625,4,4,8,8,6
2023-08-30,Oncology,38,34,0.8947,4,4,8,8,9
2023-08-30,Orthopedics,48,38,0.7917,5,5,10,10,3
2023-08-30,Urology,30,21,0.7,3,3,6,6,6
2023-08-31,Cardiology,44,31,0.7045,4,4,9,9,1
2023-08-31,General Surgery,42,32,0.7619,4,4,9,9,6
2023-08-31,Internal Medicine,64,48,0.75,6,6,13,13,7
2023-08-31,Neurology,36,27,0.75,4,4,8,8,6
2023-08-31,Obstetrics,40,25,0.625,4,4,8,8,4
2023-08-31,Oncology,38,34,0.8947,4,4,8,8,1
2023-08-31,Orthopedics,48,33,0.6875,5,5,10,10,7
2023-08-31,Urology,30,23,0.7667,3,3,6,6,4
2023-09-01,Cardiology,44,36,0.8182,4,4,9,9,11
2023-09-01,General Surgery,42,33,0.7857,4,4,9,9,11
2023-09-01,Internal Medicine,64,46,0.7188,6,5,13,13,8
2023-09-01,Neurology,36,28,0.7778,4,4,8,8,8
2023-09-01,Obstetrics,40,31,0.775,4,4,8,7,4
2023-09-01,Oncology,38,32,0.8421,4,4,8,8,4
2023-09-01,Orthopedics,48,34,0.7083,5,5,10,10,4
2023-09-01,Urology,30,23,0.7667,3,3,6,6,7
2023-09-02,Cardiology,44,32,0.7273,4,4,9,9,9
2023-09-02,General Surgery,42,28,0.6667,4,4,9,9,8
2023-09-02,Internal Medicine,64,49,0.7656,6,6,13,13,7
2023-09-02,Neurology,36,24,0.6667,4,4,8,7,4
2023-09-02,Obstetrics,40,24,0.6,4,4,8,8,5
2023-09-02,Oncology,38,29,0.7632,4,4,8,8,5
2023-09-02,Orthopedics,48,33,0.6875,5,5,10,10,7
2023-09-02,Urology,30,21,0.7,3,3,6,6,6
2023-09-03,Cardiology,44,30,0.6818,4,4,9,9,7
2023-09-03,General Surgery,42,32,0.7619,4,4,9,9,4
2023-09-03,Internal Medicine,64,50,0.7812,6,6,13,13,6
2023-09-03,Neurology,36,26,0.7222,4,4,8,8,6
2023-09-03,Obstetrics,40,25,0.625,4,4,8,7,3
2023-09-03,Oncology,38,28,0.7368,4,4,8,8,9
2023-09-03,Orthopedics,48,30,0.625,5,5,10,10,2
2023-09-03,Urology,30,21,0.7,3,3,6,6,6
2023-09-04,Cardiology,44,34,0.7727,4,4,9,9,10
2023-09-04,General Surgery,42,34,0.8095,4,4,9,9,6
2023-09-04,Internal Medicine,64,54,0.8438,6,6,13,13,6
2023-09-04,Neurology,36,28,0.7778,4,4,8,8,9
2023-09-04,Obstetrics,40,27,0.675,4,4,8,8,7
2023-09-04,Oncology,38,31,0.8158,4,4,8,8,9
2023-09-04,Orthopedics,48,35,0.7292,5,5,10,10,4
2023-09-04,Urology,30,21,0.7,3,3,6,5,8
2023-09-05,Cardiology,44,32,0.7273,4,4,9,9,8
2023-09-05,General Surgery,42,34,0.8095,4,4,9,9,5
2023-09-05,Internal Medicine,64,51,0.7969,6,5,13,13,8
2023-09-05,Neurology,36,27,0.75,4,4,8,8,6
2023-09-05,Obstetrics,40,30,0.75,4,4,8,8,3
2023-09-05,Oncology,38,31,0.8158,4,3,8,8,6
2023-09-05,Orthopedics,48,39,0.8125,5,5,10,10,5
2023-09-05,Urology,30,20,0.6667,3,3,6,6,5
2023-09-06,Cardiology,44,35,0.7955,4,4,9,9,11
2023-09-06,General Surgery,42,33,0.7857,4,4,9,8,4
2023-09-06,Internal Medicine,64,49,0.7656,6,6,13,13,4
2023-09-06,Neurology,36,25,0.6944,4,4,8,8,2
2023-09-06,Obstetrics,40,29,0.725,4,4,8,8,8
2023-09-06,Oncology,38,30,0.7895,4,4,8,8,6
2023-09-06,Orthopedics,48,36,0.75,5,5,10,10,3
2023-09-06,Urology,30,22,0.7333,3,3,6,6,4
2023-09-07,Cardiology,44,33,0.75,4,4,9,8,5
2023-09-07,General Surgery,42,31,0.7381,4,4,9,9,2
2023-09-07,Internal Medicine,64,53,0.8281,6,6,13,13,7
2023-09-07,Neurology,36,26,0.7222,4,4,8,8,4
2023-09-07,Obstetrics,40,24,0.6,4,4,8,8,3
2023-09-07,Oncology,38,33,0.8684,4,4,8,8,7
2023-09-07,Orthopedics,48,39,0.8125,5,5,10,10,8
2023-09-07,Urology,30,20,0.6667,3,3,6,6,2
2023-09-08,Cardiology,44,32,0.7273,4,4,9,9,4
2023-09-08,General Surgery,42,31,0.7381,4,4,9,9,7
2023-09-08,Internal Medicine,64,50,0.7812,6,5,13,13,9
2023-09-08,Neurology,36,29,0.8056,4,4,8,8,2
2023-09-08,Obstetrics,40,30,0.75,4,4,8,8,5
2023-09-08,Oncology,38,28,0.7368,4,4,8,8,4
2023-09-08,Orthopedics,48,30,0.625,5,5,10,9,5
2023-09-08,Urology,30,21,0.7,3,3,6,6,4
2023-09-09,Cardiology,44,35,0.7955,4,3,9,9,7
2023-09-09,General Surgery,42,31,0.7381,4,4,9,9,3
2023-09-09,Internal Medicine,64,47,0.7344,6,6,13,13,7
2023-09-09,Neurology,36,24,0.6667,4,4,8,8,5
2023-09-09,Obstetrics,40,23,0.575,4,4,8,8,2
2023-09-09,Oncology,38,29,0.7632,4,4,8,8,7
2023-09-09,Orthopedics,48,31,0.6458,5,5,10,10,7
2023-09-09,Urology,30,20,0.6667,3,3,6,6,4
2023-09-10,Cardiology,44,31,0.7045,4,3,9,9,6
2023-09-10,General Surgery,42,29,0.6905,4,3,9,8,4
2023-09-10,Internal Medicine,64,46,0.7188,6,6,13,13,7
2023-09-10,Neurology,36,26,0.7222,4,4,8,8,7
2023-09-10,Obstetrics,40,26,0.65,4,4,8,8,6
2023-09-10,Oncology,38,27,0.7105,4,4,8,8,2
2023-09-10,Orthopedics,48,32,0.6667,5,5,10,10,4
2023-09-10,Urology,30,20,0.6667,3,3,6,6,9
2023-09-11,Cardiology,44,34,0.7727,4,4,9,9,8
2023-09-11,General Surgery,42,32,0.7619,4,4,9,9,12
2023-09-11,Internal Medicine,64,53,0.8281,6,6,13,13,4
2023-09-11,Neurology,36,28,0.7778,4,4,8,8,7
2023-09-11,Obstetrics,40,27,0.675,4,4,8,8,4
2023-09-11,Oncology,38,30,0.7895,4,4,8,8,6
2023-09-11,Orthopedics,48,32,0.6667,5,5,10,9,2
2023-09-11,Urology,30,22,0.7333,3,3,6,6,5
2023-09-12,Cardiology,44,36,0.8182,4,4,9,9,9
2023-09-12,General Surgery,42,32,0.7619,4,4,9,9,8
2023-09-12,Internal Medicine,64,46,0.7188,6,6,13,13,9
2023-09-12,Neurology,36,27,0.75,4,4,8,7,13
2023-09-12,Obstetrics,40,26,0.65,4,4,8,8,4
2023-09-12,Oncology,38,34,0.8947,4,3,8,7,7
2023-09-12,Orthopedics,48,39,0.8125,5,5,10,10,6
2023-09-12,Urology,30,22,0.7333,3,3,6,6,5
2023-09-13,Cardiology,44,34,0.7727,4,3,9,8,4
2023-09-13,General Surgery,42,31,0.7381,4,3,9,9,5
2023-09-13,Internal Medicine,64,47,0.7344,6,6,13,13,9
2023-09-13,Neurology,36,29,0.8056,4,4,8,7,3
2023-09-13,Obstetrics,40,30,0.75,4,4,8,8,7
2023-09-13,Oncology,38,30,0.7895,4,4,8,8,3
2023-09-13,Orthopedics,48,33,0.6875,5,5,10,10,6
2023-09-13,Urology,30,22,0.7333,3,3,6,6,5
2023-09-14,Cardiology,44,30,0.6818,4,4,9,8,7
2023-09-14,General Surgery,42,31,0.7381,4,4,9,9,9
2023-09-14,Internal Medicine,64,46,0.7188,6,6,13,12,9
2023-09-14,Neurology,36,29,0.8056,4,4,8,8,8
2023-09-14,Obstetrics,40,24,0.6,4,4,8,8,2
2023-09-14,Oncology,38,29,0.7632,4,4,8,8,4
2023-09-14,Orthopedics,48,37,0.7708,5,5,10,10,4
2023-09-14,Urology,30,21,0.7,3,3,6,6,5
2023-09-15,Cardiology,44,33,0.75,4,4,9,9,3
2023-09-15,General Surgery,42,31,0.7381,4,4,9,9,7
2023-09-15,Internal Medicine,64,55,0.8594,6,6,13,13,12
2023-09-15,Neurology,36,27,0.75,4,4,8,8,5
2023-09-15,Obstetrics,40,28,0.7,4,4,8,8,6
2023-09-15,Oncology,38,30,0.7895,4,4,8,8,2
2023-09-15,Orthopedics,48,34,0.7083,5,5,10,10,4
2023-09-15,Urology,30,19,0.6333,3,3,6,6,2
2023-09-16,Cardiology,44,32,0.7273,4,4,9,9,2
2023-09-16,General Surgery,42,33,0.7857,4,4,9,9,6
2023-09-16,Internal Medicine,64,52,0.8125,6,6,13,13,2
2023-09-16,Neurology,36,26,0.7222,4,4,8,8,12
2023-09-16,Obstetrics,40,29,0.725,4,4,8,8,6
2023-09-16,Oncology,38,29,0.7632,4,4,8,8,2
2023-09-16,Orthopedics,48,34,0.7083,5,5,10,10,5
2023-09-16,Urology,30,20,0.6667,3,3,6,6,5
2023-09-17,Cardiology,44,31,0.7045,4,4,9,9,7
2023-09-17,General Surgery,42,32,0.7619,4,3,9,9,8
2023-09-17,Internal Medicine,64,47,0.7344,6,6,13,13,5
2023-09-17,Neurology,36,24,0.6667,4,4,8,8,7
2023-09-17,Obstetrics,40,26,0.65,4,4,8,8,1
2023-09-17,Oncology,38,29,0.7632,4,3,8,8,3
2023-09-17,Orthopedics,48,34,0.7083,5,5,10,10,3
2023-09-17,Urology,30,18,0.6,3,3,6,6,6
2023-09-18,Cardiology,44,34,0.7727,4,4,9,8,3
2023-09-18,General Surgery,42,30,0.7143,4,3,9,9,7
2023-09-18,Internal Medicine,64,49,0.7656,6,6,13,13,3
2023-09-18,Neurology,36,30,0.8333,4,4,8,8,10
2023-09-18,Obstetrics,40,30,0.75,4,4,8,8,7
2023-09-18,Oncology,38,31,0.8158,4,4,8,8,3
2023-09-18,Orthopedics,48,37,0.7708,5,5,10,10,2
2023-09-18,Urology,30,21,0.7,3,3,6,6,6
2023-09-19,Cardiology,44,34,0.7727,4,4,9,9,7
2023-09-19,General Surgery,42,33,0.7857,4,4,9,8,7
2023-09-19,Internal Medicine,64,59,0.9219,6,6,13,13,4
2023-09-19,Neurology,36,26,0.7222,4,3,8,8,8
2023-09-19,Obstetrics,40,29,0.725,4,4,8,8,5
2023-09-19,Oncology,38,31,0.8158,4,4,8,8,8
2023-09-19,Orthopedics,48,36,0.75,5,5,10,10,3
2023-09-19,Urology,30,24,0.8,3,3,6,6,2
2023-09-20,Cardiology,44,35,0.7955,4,4,9,9,6
2023-09-20,General Surgery,42,34,0.8095,4,4,9,9,5
2023-09-20,Internal Medicine,64,46,0.7188,6,6,13,13,10
2023-09-20,Neurology,36,26,0.7222,4,4,8,8,7
2023-09-20,Obstetrics,40,25,0.625,4,4,8,8,9
2023-09-20,Oncology,38,32,0.8421,4,4,8,7,5
2023-09-20,Orthopedics,48,36,0.75,5,5,10,10,0
2023-09-20,Urology,30,22,0.7333,3,3,6,6,4
2023-09-21,Cardiology,44,33,0.75,4,4,9,9,6
2023-09-21,General Surgery,42,31,0.7381,4,4,9,9,7
2023-09-21,Internal Medicine,64,51,0.7969,6,6,13,13,9
2023-09-21,Neurology,36,29,0.8056,4,4,8,8,6
2023-09-21,Obstetrics,40,29,0.725,4,4,8,7,7
2023-09-21,Oncology,38,31,0.8158,4,4,8,8,6
2023-09-21,Orthopedics,48,35,0.7292,5,5,10,10,5
2023-09-21,Urology,30,21,0.7,3,3,6,6,1
2023-09-22,Cardiology,44,34,0.7727,4,4,9,9,8
2023-09-22,General Surgery,42,35,0.8333,4,4,9,9,5
2023-09-22,Internal Medicine,64,53,0.8281,6,5,13,13,6
2023-09-22,Neurology,36,24,0.6667,4,4,8,8,4
2023-09-22,Obstetrics,40,26,0.65,4,3,8,8,6
2023-09-22,Oncology,38,28,0.7368,4,4,8,8,7
2023-09-22,Orthopedics,48,38,0.7917,5,5,10,9,4
2023-09-22,Urology,30,20,0.6667,3,3,6,6,5
2023-09-23,Cardiology,44,34,0.7727,4,4,9,9,7
2023-09-23,General Surgery,42,30,0.7143,4,4,9,9,12
2023-09-23,Internal Medicine,64,51,0.7969,6,6,13,12,9
2023-09-23,Neurology,36,28,0.7778,4,4,8,8,9
2023-09-23,Obstetrics,40,26,0.65,4,4,8,8,3
2023-09-23,Oncology,38,28,0.7368,4,4,8,7,9
2023-09-23,Orthopedics,48,30,0.625,5,4,10,10,7
2023-09-23,Urology,30,21,0.7,3,3,6,6,5
2023-09-24,Cardiology,44,33,0.75,4,4,9,9,5
2023-09-24,General Surgery,42,30,0.7143,4,4,9,9,5
2023-09-24,Internal Medicine,64,45,0.7031,6,6,13,13,10
2023-09-24,Neurology,36,23,0.6389,4,4,8,7,4
2023-09-24,Obstetrics,40,27,0.675,4,4,8,7,6
2023-09-24,Oncology,38,29,0.7632,4,4,8,8,5
2023-09-24,Orthopedics,48,32,0.6667,5,5,10,10,6
2023-09-24,Urology,30,21,0.7,3,2,6,6,5
2023-09-25,Cardiology,44,33,0.75,4,4,9,9,5
2023-09-25,General Surgery,42,31,0.7381,4,4,9,9,7
2023-09-25,Internal Medicine,64,47,0.7344,6,6,13,13,8
2023-09-25,Neurology,36,25,0.6944,4,4,8,8,6
2023-09-25,Obstetrics,40,26,0.65,4,4,8,8,2
2023-09-25,Oncology,38,31,0.8158,4,4,8,8,11
2023-09-25,Orthopedics,48,35,0.7292,5,5,10,10,3
2023-09-25,Urology,30,23,0.7667,3,3,6,5,3
2023-09-26,Cardiology,44,34,0.7727,4,4,9,9,6
2023-09-26,General Surgery,42,35,0.8333,4,4,9,9,3
2023-09-26,Internal Medicine,64,54,0.8438,6,6,13,13,10
2023-09-26,Neurology,36,27,0.75,4,4,8,8,6
2023-09-26,Obstetrics,40,29,0.725,4,4,8,8,5
2023-09-26,Oncology,38,31,0.8158,4,4,8,8,7
2023-09-26,Orthopedics,48,37,0.7708,5,5,10,9,6
2023-09-26,Urology,30,21,0.7,3,3,6,6,8
2023-09-27,Cardiology,44,36,0.8182,4,4,9,9,5
2023-09-27,General Surgery,42,32,0.7619,4,4,9,9,7
2023-09-27,Internal Medicine,64,54,0.8438,6,6,13,13,4
2023-09-27,Neurology,36,27,0.75,4,4,8,8,5
2023-09-27,Obstetrics,40,29,0.725,4,4,8,8,3
2023-09-27,Oncology,38,34,0.8947,4,4,8,8,2
2023-09-27,Orthopedics,48,35,0.7292,5,4,10,9,7
2023-09-27,Urology,30,23,0.7667,3,3,6,5,5
2023-09-28,Cardiology,44,32,0.7273,4,4,9,9,6
2023-09-28,General Surgery,42,27,0.6429,4,4,9,9,7
2023-09-28,Internal Medicine,64,56,0.875,6,6,13,13,9
2023-09-28,Neurology,36,24,0.6667,4,4,8,8,7
2023-09-28,Obstetrics,40,26,0.65,4,4,8,7,3
2023-09-28,Oncology,38,29,0.7632,4,4,8,8,4
2023-09-28,Orthopedics,48,35,0.7292,5,5,10,10,3
2023-09-28,Urology,30,24,0.8,3,3,6,6,5
2023-09-29,Cardiology,44,38,0.8636,4,4,9,9,6
2023-09-29,General Surgery,42,35,0.8333,4,4,9,9,10
2023-09-29,Internal Medicine,64,49,0.7656,6,6,13,13,8
2023-09-29,Neurology,36,27,0.75,4,4,8,8,9
2023-09-29,Obstetrics,40,27,0.675,4,4,8,8,2
2023-09-29,Oncology,38,31,0.8158,4,4,8,8,4
2023-09-29,Orthopedics,48,38,0.7917,5,5,10,10,9
2023-09-29,Urology,30,23,0.7667,3,3,6,6,4
2023-09-30,Cardiology,44,29,0.6591,4,4,9,9,5
2023-09-30,General Surgery,42,29,0.6905,4,4,9,9,8
2023-09-30,Internal Medicine,64,56,0.875,6,6,13,13,7
2023-09-30,Neurology,36,28,0.7778,4,4,8,8,5
2023-09-30,Obstetrics,40,26,0.65,4,4,8,8,11
2023-09-30,Oncology,38,29,0.7632,4,3,8,8,8
2023-09-30,Orthopedics,48,35,0.7292,5,5,10,10,6
2023-09-30,Urology,30,22,0.7333,3,2,6,6,12
2023-10-01,Cardiology,44,29,0.6591,4,3,9,9,9
2023-10-01,General Surgery,42,31,0.7381,4,4,9,9,5
2023-10-01,Internal Medicine,64,47,0.7344,6,6,13,13,7
2023-10-01,Neurology,36,27,0.75,4,4,8,8,4
2023-10-01,Obstetrics,40,25,0.625,4,4,8,8,3
2023-10-01,Oncology,38,30,0.7895,4,4,8,7,7
2023-10-01,Orthopedics,48,33,0.6875,5,5,10,10,7
2023-10-01,Urology,30,20,0.6667,3,3,6,6,3
2023-10-02,Cardiology,44,38,0.8636,4,4,9,8,7
2023-10-02,General Surgery,42,32,0.7619,4,3,9,9,4
2023-10-02,Internal Medicine,64,58,0.9062,6,6,13,13,5
2023-10-02,Neurology,36,30,0.8333,4,4,8,8,8
2023-10-02,Obstetrics,40,28,0.7,4,4,8,8,6
2023-10-02,Oncology,38,33,0.8684,4,4,8,8,6
2023-10-02,Orthopedics,48,37,0.7708,5,5,10,10,3
2023-10-02,Urology,30,22,0.7333,3,3,6,6,9
2023-10-03,Cardiology,44,32,0.7273,4,4,9,9,6
2023-10-03,General Surgery,42,31,0.7381,4,4,9,9,6
2023-10-03,Internal Medicine,64,52,0.8125,6,6,13,13,5
2023-10-03,Neurology,36,26,0.7222,4,4,8,7,5
2023-10-03,Obstetrics,40,27,0.675,4,3,8,8,7
2023-10-03,Oncology,38,30,0.7895,4,4,8,8,4
2023-10-03,Orthopedics,48,35,0.7292,5,5,10,10,6
2023-10-03,Urology,30,22,0.7333,3,3,6,5,4
2023-10-04,Cardiology,44,39,0.8864,4,4,9,9,10
2023-10-04,General Surgery,42,32,0.7619,4,3,9,9,5
2023-10-04,Internal Medicine,64,49,0.7656,6,6,13,13,10
2023-10-04,Neurology,36,27,0.75,4,3,8,8,9
2023-10-04,Obstetrics,40,25,0.625,4,4,8,8,1
2023-10-04,Oncology,38,30,0.7895,4,4,8,8,6
2023-10-04,Orthopedics,48,35,0.7292,5,4,10,10,8
2023-10-04,Urology,30,20,0.6667,3,3,6,6,5
2023-10-05,Cardiology,44,33,0.75,4,4,9,9,5
2023-10-05,General Surgery,42,30,0.7143,4,4,9,9,6
2023-10-05,Internal Medicine,64,55,0.8594,6,6,13,13,8
2023-10-05,Neurology,36,30,0.8333,4,4,8,7,4
2023-10-05,Obstetrics,40,28,0.7,4,4,8,8,6
2023-10-05,Oncology,38,32,0.8421,4,4,8,8,6
2023-10-05,Orthopedics,48,35,0.7292,5,5,10,10,4
2023-10-05,Urology,30,23,0.7667,3,3,6,6,7
2023-10-06,Cardiology,44,33,0.75,4,4,9,9,4
2023-10-06,General Surgery,42,30,0.7143,4,4,9,9,10
2023-10-06,Internal Medicine,64,51,0.7969,6,6,13,13,6
2023-10-06,Neurology,36,27,0.75,4,4,8,8,6
2023-10-06,Obstetrics,40,29,0.725,4,4,8,8,3
2023-10-06,Oncology,38,31,0.8158,4,3,8,8,6
2023-10-06,Orthopedics,48,35,0.7292,5,5,10,9,1
2023-10-06,Urology,30,24,0.8,3,3,6,6,3
2023-10-07,Cardiology,44,36,0.8182,4,4,9,9,8
2023-10-07,General Surgery,42,31,0.7381,4,4,9,9,11
2023-10-07,Internal Medicine,64,54,0.8438,6,6,13,13,5
2023-10-07,Neurology,36,27,0.75,4,4,8,7,7
2023-10-07,Obstetrics,40,25,0.625,4,4,8,8,6
2023-10-07,Oncology,38,31,0.8158,4,4,8,8,4
2023-10-07,Orthopedics,48,34,0.7083,5,5,10,10,9
2023-10-07,Urology,30,20,0.6667,3,3,6,6,3
2023-10-08,Cardiology,44,31,0.7045,4,4,9,9,5
2023-10-08,General Surgery,42,30,0.7143,4,4,9,9,6
2023-10-08,Internal Medicine,64,53,0.8281,6,6,13,13,11
2023-10-08,Neurology,36,30,0.8333,4,4,8,7,6
2023-10-08,Obstetrics,40,26,0.65,4,3,8,7,1
2023-10-08,Oncology,38,28,0.7368,4,4,8,8,11
2023-10-08,Orthopedics,48,32,0.6667,5,5,10,10,6
2023-10-08,Urology,30,21,0.7,3,3,6,5,2
2023-10-09,Cardiology,44,35,0.7955,4,4,9,8,12
2023-10-09,General Surgery,42,32,0.7619,4,4,9,8,3
2023-10-09,Internal Medicine,64,53,0.8281,6,6,13,13,7
2023-10-09,Neurology,36,28,0.7778,4,3,8,8,5
2023-10-09,Obstetrics,40,30,0.75,4,4,8,8,6
2023-10-09,Oncology,38,29,0.7632,4,3,8,7,4
2023-10-09,Orthopedics,48,37,0.7708,5,5,10,10,6
2023-10-09,Urology,30,22,0.7333,3,3,6,6,11
2023-10-10,Cardiology,44,36,0.8182,4,4,9,9,9
2023-10-10,General Surgery,42,34,0.8095,4,4,9,9,7
2023-10-10,Internal Medicine,64,51,0.7969,6,6,13,13,4
2023-10-10,Neurology,36,27,0.75,4,4,8,8,3
2023-10-10,Obstetrics,40,28,0.7,4,4,8,8,3
2023-10-10,Oncology,38,28,0.7368,4,4,8,7,6
2023-10-10,Orthopedics,48,37,0.7708,5,5,10,10,6
2023-10-10,Urology,30,23,0.7667,3,3,6,6,5
2023-10-11,Cardiology,44,36,0.8182,4,4,9,9,3
2023-10-11,General Surgery,42,36,0.8571,4,4,9,8,4
2023-10-11,Internal Medicine,64,50,0.7812,6,6,13,13,7
2023-10-11,Neurology,36,29,0.8056,4,4,8,8,9
2023-10-11,Obstetrics,40,25,0.625,4,4,8,8,7
2023-10-11,Oncology,38,31,0.8158,4,4,8,8,8
2023-10-11,Orthopedics,48,36,0.75,5,5,10,10,4
2023-10-11,Urology,30,24,0.8,3,3,6,6,2
2023-10-12,Cardiology,44,34,0.7727,4,4,9,9,8
2023-10-12,General Surgery,42,34,0.8095,4,4,9,8,6
2023-10-12,Internal Medicine,64,56,0.875,6,6,13,12,6
2023-10-12,Neurology,36,29,0.8056,4,3,8,8,7
2023-10-12,Obstetrics,40,25,0.625,4,4,8,7,0
2023-10-12,Oncology,38,32,0.8421,4,4,8,8,4
2023-10-12,Orthopedics,48,37,0.7708,5,5,10,10,4
2023-10-12,Urology,30,21,0.7,3,3,6,6,12
2023-10-13,Cardiology,44,38,0.8636,4,4,9,9,5
2023-10-13,General Surgery,42,33,0.7857,4,4,9,8,5
2023-10-13,Internal Medicine,64,53,0.8281,6,6,13,12,7
2023-10-13,Neurology,36,28,0.7778,4,4,8,8,7
2023-10-13,Obstetrics,40,28,0.7,4,4,8,8,4
2023-10-13,Oncology,38,34,0.8947,4,4,8,8,5
2023-10-13,Orthopedics,48,38,0.7917,5,5,10,9,9
2023-10-13,Urology,30,24,0.8,3,3,6,6,2
2023-10-14,Cardiology,44,29,0.6591,4,4,9,8,3
2023-10-14,General Surgery,42,33,0.7857,4,4,9,9,8
2023-10-14,Internal Medicine,64,50,0.7812,6,6,13,13,10
2023-10-14,Neurology,36,26,0.7222,4,4,8,8,3
2023-10-14,Obstetrics,40,25,0.625,4,4,8,8,7
2023-10-14,Oncology,38,30,0.7895,4,4,8,8,4
2023-10-14,Orthopedics,48,31,0.6458,5,5,10,10,3
2023-10-14,Urology,30,23,0.7667,3,2,6,6,5
2023-10-15,Cardiology,44,29,0.6591,4,4,9,9,7
2023-10-15,General Surgery,42,34,0.8095,4,4,9,9,6
2023-10-15,Internal Medicine,64,47,0.7344,6,6,13,13,9
2023-10-15,Neurology,36,28,0.7778,4,4,8,8,6
2023-10-15,Obstetrics,40,27,0.675,4,4,8,7,5
2023-10-15,Oncology,38,27,0.7105,4,3,8,7,11
2023-10-15,Orthopedics,48,33,0.6875,5,5,10,10,8
2023-10-15,Urology,30,22,0.7333,3,3,6,6,3
2023-10-16,Cardiology,44,33,0.75,4,4,9,9,11
2023-10-16,General Surgery,42,31,0.7381,4,4,9,9,7
2023-10-16,Internal Medicine,64,49,0.7656,6,6,13,13,7
2023-10-16,Neurology,36,29,0.8056,4,4,8,8,5
2023-10-16,Obstetrics,40,30,0.75,4,4,8,8,5
2023-10-16,Oncology,38,30,0.7895,4,4,8,8,6
2023-10-16,Orthopedics,48,37,0.7708,5,5,10,10,8
2023-10-16,Urology,30,23,0.7667,3,3,6,6,5
2023-10-17,Cardiology,44,36,0.8182,4,4,9,9,8
2023-10-17,General Surgery,42,32,0.7619,4,4,9,9,7
2023-10-17,Internal Medicine,64,53,0.8281,6,6,13,13,6
2023-10-17,Neurology,36,27,0.75,4,4,8,8,4
2023-10-17,Obstetrics,40,29,0.725,4,4,8,8,6
2023-10-17,Oncology,38,31,0.8158,4,4,8,7,5
2023-10-17,Orthopedics,48,35,0.7292,5,5,10,10,4
2023-10-17,Urology,30,20,0.6667,3,3,6,6,3
2023-10-18,Cardiology,44,35,0.7955,4,4,9,9,4
2023-10-18,General Surgery,42,34,0.8095,4,4,9,9,6
2023-10-18,Internal Medicine,64,52,0.8125,6,6,13,13,8
2023-10-18,Neurology,36,28,0.7778,4,4,8,8,8
2023-10-18,Obstetrics,40,29,0.725,4,4,8,8,8
2023-10-18,Oncology,38,31,0.8158,4,4,8,8,3
2023-10-18,Orthopedics,48,38,0.7917,5,5,10,10,5
2023-10-18,Urology,30,23,0.7667,3,3,6,6,6
2023-10-19,Cardiology,44,33,0.75,4,4,9,9,3
2023-10-19,General Surgery,42,30,0.7143,4,4,9,9,7
2023-10-19,Internal Medicine,64,53,0.8281,6,6,13,13,3
2023-10-19,Neurology,36,30,0.8333,4,4,8,8,5
2023-10-19,Obstetrics,40,29,0.725,4,4,8,8,6
2023-10-19,Oncology,38,31,0.8158,4,4,8,8,5
2023-10-19,Orthopedics,48,35,0.7292,5,5,10,10,7
2023-10-19,Urology,30,24,0.8,3,3,6,6,2
2023-10-20,Cardiology,44,36,0.8182,4,4,9,9,4
2023-10-20,General Surgery,42,32,0.7619,4,4,9,8,9
2023-10-20,Internal Medicine,64,51,0.7969,6,6,13,13,5
2023-10-20,Neurology,36,25,0.6944,4,4,8,8,8
2023-10-20,Obstetrics,40,30,0.75,4,4,8,8,6
2023-10-20,Oncology,38,30,0.7895,4,4,8,8,8
2023-10-20,Orthopedics,48,39,0.8125,5,5,10,10,4
2023-10-20,Urology,30,24,0.8,3,3,6,6,2
2023-10-21,Cardiology,44,36,0.8182,4,4,9,9,7
2023-10-21,General Surgery,42,32,0.7619,4,4,9,9,5
2023-10-21,Internal Medicine,64,50,0.7812,6,6,13,13,5
2023-10-21,Neurology,36,27,0.75,4,4,8,8,9
2023-10-21,Obstetrics,40,28,0.7,4,4,8,7,2
2023-10-21,Oncology,38,30,0.7895,4,4,8,8,3
2023-10-21,Orthopedics,48,33,0.6875,5,5,10,10,3
2023-10-21,Urology,30,21,0.7,3,3,6,5,5
2023-10-22,Cardiology,44,37,0.8409,4,4,9,9,12
2023-10-22,General Surgery,42,28,0.6667,4,4,9,9,8
2023-10-22,Internal Medicine,64,50,0.7812,6,6,13,13,5
2023-10-22,Neurology,36,24,0.6667,4,4,8,8,5
2023-10-22,Obstetrics,40,25,0.625,4,4,8,8,3
2023-10-22,Oncology,38,32,0.8421,4,4,8,8,3
2023-10-22,Orthopedics,48,31,0.6458,5,5,10,10,6
2023-10-22,Urology,30,22,0.7333,3,3,6,6,7
2023-10-23,Cardiology,44,33,0.75,4,4,9,9,3
2023-10-23,General Surgery,42,32,0.7619,4,4,9,9,9
2023-10-23,Internal Medicine,64,54,0.8438,6,6,13,13,4
2023-10-23,Neurology,36,30,0.8333,4,4,8,7,9
2023-10-23,Obstetrics,40,28,0.7,4,4,8,8,6
2023-10-23,Oncology,38,30,0.7895,4,4,8,7,4
2023-10-23,Orthopedics,48,37,0.7708,5,5,10,10,6
2023-10-23,Urology,30,21,0.7,3,3,6,6,7
2023-10-24,Cardiology,44,32,0.7273,4,4,9,9,3
2023-10-24,General Surgery,42,34,0.8095,4,4,9,9,4
2023-10-24,Internal Medicine,64,54,0.8438,6,6,13,13,6
2023-10-24,Neurology,36,28,0.7778,4,4,8,8,9
2023-10-24,Obstetrics,40,31,0.775,4,4,8,8,3
2023-10-24,Oncology,38,28,0.7368,4,4,8,8,9
2023-10-24,Orthopedics,48,34,0.7083,5,4,10,10,3
2023-10-24,Urology,30,24,0.8,3,3,6,6,4
2023-10-25,Cardiology,44,36,0.8182,4,4,9,9,5
2023-10-25,General Surgery,42,34,0.8095,4,4,9,9,8
2023-10-25,Internal Medicine,64,55,0.8594,6,6,13,13,8
2023-10-25,Neurology,36,28,0.7778,4,4,8,8,9
2023-10-25,Obstetrics,40,25,0.625,4,4,8,8,4
2023-10-25,Oncology,38,31,0.8158,4,4,8,8,8
2023-10-25,Orthopedics,48,34,0.7083,5,5,10,10,8
2023-10-25,Urology,30,23,0.7667,3,3,6,6,4
2023-10-26,Cardiology,44,37,0.8409,4,4,9,9,4
2023-10-26,General Surgery,42,31,0.7381,4,4,9,9,7
2023-10-26,Internal Medicine,64,57,0.8906,6,5,13,13,7
2023-10-26,Neurology,36,27,0.75,4,4,8,8,6
2023-10-26,Obstetrics,40,30,0.75,4,4,8,8,6
2023-10-26,Oncology,38,31,0.8158,4,4,8,8,2
2023-10-26,Orthopedics,48,38,0.7917,5,5,10,10,5
2023-10-26,Urology,30,20,0.6667,3,3,6,6,3
2023-10-27,Cardiology,44,31,0.7045,4,4,9,9,3
2023-10-27,General Surgery,42,40,0.9524,4,4,9,9,7
2023-10-27,Internal Medicine,64,51,0.7969,6,6,13,13,10
2023-10-27,Neurology,36,25,0.6944,4,4,8,8,11
2023-10-27,Obstetrics,40,29,0.725,4,4,8,8,2
2023-10-27,Oncology,38,30,0.7895,4,4,8,8,8
2023-10-27,Orthopedics,48,39,0.8125,5,5,10,10,4
2023-10-27,Urology,30,24,0.8,3,3,6,6,2
2023-10-28,Cardiology,44,34,0.7727,4,4,9,9,7
2023-10-28,General Surgery,42,29,0.6905,4,4,9,9,6
2023-10-28,Internal Medicine,64,52,0.8125,6,6,13,13,5
2023-10-28,Neurology,36,25,0.6944,4,4,8,8,6
2023-10-28,Obstetrics,40,26,0.65,4,4,8,8,5
2023-10-28,Oncology,38,30,0.7895,4,4,8,8,7
2023-10-28,Orthopedics,48,35,0.7292,5,5,10,10,3
2023-10-28,Urology,30,19,0.6333,3,2,6,6,4
2023-10-29,Cardiology,44,30,0.6818,4,4,9,9,6
2023-10-29,General Surgery,42,34,0.8095,4,4,9,9,14
2023-10-29,Internal Medicine,64,50,0.7812,6,6,13,13,5
2023-10-29,Neurology,36,28,0.7778,4,4,8,8,6
2023-10-29,Obstetrics,40,24,0.6,4,4,8,8,4
2023-10-29,Oncology,38,31,0.8158,4,4,8,8,8
2023-10-29,Orthopedics,48,31,0.6458,5,5,10,10,10
2023-10-29,Urology,30,20,0.6667,3,3,6,6,3
2023-10-30,Cardiology,44,35,0.7955,4,3,9,8,4
2023-10-30,General Surgery,42,36,0.8571,4,4,9,9,3
2023-10-30,Internal Medicine,64,52,0.8125,6,6,13,13,9
2023-10-30,Neurology,36,30,0.8333,4,4,8,8,11
2023-10-30,Obstetrics,40,24,0.6,4,4,8,8,6
2023-10-30,Oncology,38,31,0.8158,4,4,8,7,5
2023-10-30,Orthopedics,48,37,0.7708,5,5,10,10,4
2023-10-30,Urology,30,23,0.7667,3,3,6,6,12
2023-10-31,Cardiology,44,32,0.7273,4,4,9,9,3
2023-10-31,General Surgery,42,32,0.7619,4,3,9,9,3
2023-10-31,Internal Medicine,64,52,0.8125,6,5,13,13,4
2023-10-31,Neurology,36,28,0.7778,4,4,8,8,5
2023-10-31,Obstetrics,40,32,0.8,4,4,8,8,7
2023-10-31,Oncology,38,36,0.9474,4,4,8,7,4
2023-10-31,Orthopedics,48,37,0.7708,5,5,10,10,3
2023-10-31,Urology,30,23,0.7667,3,3,6,6,1
2023-11-01,Cardiology,44,31,0.7045,4,4,9,9,9
2023-11-01,General Surgery,42,31,0.7381,4,4,9,9,7
2023-11-01,Internal Medicine,64,50,0.7812,6,6,13,13,8
2023-11-01,Neurology,36,25,0.6944,4,4,8,8,5
2023-11-01,Obstetrics,40,28,0.7,4,4,8,8,7
2023-11-01,Oncology,38,33,0.8684,4,4,8,8,13
2023-11-01,Orthopedics,48,37,0.7708,5,5,10,10,4
2023-11-01,Urology,30,25,0.8333,3,3,6,6,8
2023-11-02,Cardiology,44,36,0.8182,4,4,9,9,4
2023-11-02,General Surgery,42,31,0.7381,4,4,9,9,12
2023-11-02,Internal Medicine,64,51,0.7969,6,6,13,13,5
2023-11-02,Neurology,36,29,0.8056,4,4,8,8,10
2023-11-02,Obstetrics,40,28,0.7,4,4,8,8,5
2023-11-02,Oncology,38,31,0.8158,4,4,8,8,5
2023-11-02,Orthopedics,48,40,0.8333,5,5,10,9,5
2023-11-02,Urology,30,21,0.7,3,3,6,6,6
2023-11-03,Cardiology,44,35,0.7955,4,4,9,9,8
2023-11-03,General Surgery,42,32,0.7619,4,4,9,9,8
2023-11-03,Internal Medicine,64,54,0.8438,6,6,13,12,8
2023-11-03,Neurology,36,27,0.75,4,4,8,7,7
2023-11-03,Obstetrics,40,30,0.75,4,4,8,7,4
2023-11-03,Oncology,38,32,0.8421,4,4,8,8,5
2023-11-03,Orthopedics,48,39,0.8125,5,5,10,10,2
2023-11-03,Urology,30,24,0.8,3,2,6,6,3
2023-11-04,Cardiology,44,35,0.7955,4,4,9,9,10
2023-11-04,General Surgery,42,33,0.7857,4,4,9,9,6
2023-11-04,Internal Medicine,64,51,0.7969,6,6,13,13,11
2023-11-04,Neurology,36,25,0.6944,4,4,8,7,6
2023-11-04,Obstetrics,40,27,0.675,4,4,8,8,1
2023-11-04,Oncology,38,29,0.7632,4,4,8,8,8
2023-11-04,Orthopedics,48,30,0.625,5,5,10,10,7
2023-11-04,Urology,30,23,0.7667,3,3,6,6,6
2023-11-05,Cardiology,44,32,0.7273,4,4,9,9,6
2023-11-05,General Surgery,42,32,0.7619,4,3,9,9,8
2023-11-05,Internal Medicine,64,54,0.8438,6,6,13,13,5
2023-11-05,Neurology,36,29,0.8056,4,4,8,8,10
2023-11-05,Obstetrics,40,31,0.775,4,4,8,8,8
2023-11-05,Oncology,38,30,0.7895,4,4,8,8,7
2023-11-05,Orthopedics,48,35,0.7292,5,5,10,9,7
2023-11-05,Urology,30,23,0.7667,3,3,6,6,7
2023-11-06,Cardiology,44,35,0.7955,4,4,9,9,4
2023-11-06,General Surgery,42,35,0.8333,4,4,9,9,5
2023-11-06,Internal Medicine,64,50,0.7812,6,6,13,13,6
2023-11-06,Neurology,36,29,0.8056,4,4,8,8,4
2023-11-06,Obstetrics,40,31,0.775,4,4,8,8,7
2023-11-06,Oncology,38,32,0.8421,4,4,8,7,2
2023-11-06,Orthopedics,48,40,0.8333,5,5,10,10,4
2023-11-06,Urology,30,24,0.8,3,3,6,5,2
2023-11-07,Cardiology,44,34,0.7727,4,4,9,9,6
2023-11-07,General Surgery,42,34,0.8095,4,4,9,9,6
2023-11-07,Internal Medicine,64,51,0.7969,6,6,13,13,3
2023-11-07,Neurology,36,25,0.6944,4,3,8,8,5
2023-11-07,Obstetrics,40,28,0.7,4,4,8,8,2
2023-11-07,Oncology,38,31,0.8158,4,4,8,8,6
2023-11-07,Orthopedics,48,40,0.8333,5,5,10,10,8
2023-11-07,Urology,30,23,0.7667,3,3,6,6,5
2023-11-08,Cardiology,44,34,0.7727,4,4,9,9,8
2023-11-08,General Surgery,42,29,0.6905,4,4,9,9,2
2023-11-08,Internal Medicine,64,54,0.8438,6,5,13,13,1
2023-11-08,Neurology,36,27,0.75,4,4,8,7,7
2023-11-08,Obstetrics,40,27,0.675,4,4,8,7,8
2023-11-08,Oncology,38,30,0.7895,4,4,8,7,6
2023-11-08,Orthopedics,48,30,0.625,5,5,10,10,7
2023-11-08,Urology,30,22,0.7333,3,3,6,6,5
2023-11-09,Cardiology,44,37,0.8409,4,4,9,9,6
2023-11-09,General Surgery,42,33,0.7857,4,4,9,8,4
2023-11-09,Internal Medicine,64,57,0.8906,6,6,13,13,9
2023-11-09,Neurology,36,26,0.7222,4,4,8,8,4
2023-11-09,Obstetrics,40,31,0.775,4,4,8,8,1
2023-11-09,Oncology,38,33,0.8684,4,4,8,7,8
2023-11-09,Orthopedics,48,38,0.7917,5,5,10,10,5
2023-11-09,Urology,30,24,0.8,3,3,6,6,8
2023-11-10,Cardiology,44,36,0.8182,4,3,9,9,8
2023-11-10,General Surgery,42,30,0.7143,4,4,9,9,7
2023-11-10,Internal Medicine,64,56,0.875,6,6,13,13,6
2023-11-10,Neurology,36,28,0.7778,4,4,8,8,8
2023-11-10,Obstetrics,40,31,0.775,4,4,8,8,4
2023-11-10,Oncology,38,31,0.8158,4,4,8,8,6
2023-11-10,Orthopedics,48,36,0.75,5,5,10,9,4
2023-11-10,Urology,30,23,0.7667,3,3,6,6,4
2023-11-11,Cardiology,44,31,0.7045,4,4,9,9,8
2023-11-11,General Surgery,42,32,0.7619,4,4,9,9,7
2023-11-11,Internal Medicine,64,51,0.7969,6,6,13,13,7
2023-11-11,Neurology,36,28,0.7778,4,4,8,8,3
2023-11-11,Obstetrics,40,28,0.7,4,4,8,8,9
2023-11-11,Oncology,38,27,0.7105,4,4,8,8,2
2023-11-11,Orthopedics,48,35,0.7292,5,5,10,10,6
2023-11-11,Urology,30,21,0.7,3,3,6,6,2
2023-11-12,Cardiology,44,35,0.7955,4,3,9,9,3
2023-11-12,General Surgery,42,29,0.6905,4,3,9,8,2
2023-11-12,Internal Medicine,64,53,0.8281,6,6,13,13,6
2023-11-12,Neurology,36,28,0.7778,4,4,8,8,6
2023-11-12,Obstetrics,40,26,0.65,4,3,8,8,4
2023-11-12,Oncology,38,31,0.8158,4,4,8,8,4
2023-11-12,Orthopedics,48,34,0.7083,5,5,10,10,7
2023-11-12,Urology,30,22,0.7333,3,3,6,5,6
2023-11-13,Cardiology,44,34,0.7727,4,4,9,9,8
2023-11-13,General Surgery,42,37,0.881,4,4,9,9,9
2023-11-13,Internal Medicine,64,61,0.9531,6,6,13,12,4
2023-11-13,Neurology,36,29,0.8056,4,4,8,8,7
2023-11-13,Obstetrics,40,28,0.7,4,4,8,8,7
2023-11-13,Oncology,38,30,0.7895,4,4,8,8,4
2023-11-13,Orthopedics,48,34,0.7083,5,4,10,9,4
2023-11-13,Urology,30,23,0.7667,3,3,6,6,5
2023-11-14,Cardiology,44,38,0.8636,4,3,9,9,7
2023-11-14,General Surgery,42,31,0.7381,4,4,9,9,5
2023-11-14,Internal Medicine,64,57,0.8906,6,6,13,13,8
2023-11-14,Neurology,36,25,0.6944,4,4,8,8,6
2023-11-14,Obstetrics,40,27,0.675,4,4,8,8,6
2023-11-14,Oncology,38,29,0.7632,4,3,8,8,8
2023-11-14,Orthopedics,48,35,0.7292,5,5,10,8,2
2023-11-14,Urology,30,24,0.8,3,3,6,6,6
2023-11-15,Cardiology,44,33,0.75,4,4,9,9,4
2023-11-15,General Surgery,42,34,0.8095,4,4,9,9,4
2023-11-15,Internal Medicine,64,55,0.8594,6,6,13,13,7
2023-11-15,Neurology,36,26,0.7222,4,4,8,8,2
2023-11-15,Obstetrics,40,29,0.725,4,4,8,8,9
2023-11-15,Oncology,38,32,0.8421,4,4,8,8,4
2023-11-15,Orthopedics,48,36,0.75,5,5,10,10,1
2023-11-15,Urology,30,22,0.7333,3,3,6,6,2
2023-11-16,Cardiology,44,37,0.8409,4,4,9,9,10
2023-11-16,General Surgery,42,34,0.8095,4,4,9,9,8
2023-11-16,Internal Medicine,64,53,0.8281,6,6,13,13,6
2023-11-16,Neurology,36,27,0.75,4,4,8,7,6
2023-11-16,Obstetrics,40,29,0.725,4,4,8,7,7
2023-11-16,Oncology,38,29,0.7632,4,4,8,7,5
2023-11-16,Orthopedics,48,35,0.7292,5,5,10,10,4
2023-11-16,Urology,30,24,0.8,3,2,6,6,4
2023-11-17,Cardiology,44,35,0.7955,4,4,9,9,9
2023-11-17,General Surgery,42,35,0.8333,4,4,9,9,8
2023-11-17,Internal Medicine,64,57,0.8906,6,6,13,13,5
2023-11-17,Neurology,36,29,0.8056,4,4,8,8,5
2023-11-17,Obstetrics,40,31,0.775,4,4,8,8,4
2023-11-17,Oncology,38,32,0.8421,4,4,8,8,6
2023-11-17,Orthopedics,48,32,0.6667,5,5,10,10,5
2023-11-17,Urology,30,25,0.8333,3,3,6,6,8
2023-11-18,Cardiology,44,35,0.7955,4,4,9,9,5
2023-11-18,General Surgery,42,33,0.7857,4,4,9,9,7
2023-11-18,Internal Medicine,64,51,0.7969,6,6,13,13,6
2023-11-18,Neurology,36,27,0.75,4,4,8,8,6
2023-11-18,Obstetrics,40,25,0.625,4,4,8,8,8
2023-11-18,Oncology,38,30,0.7895,4,4,8,8,7
2023-11-18,Orthopedics,48,36,0.75,5,5,10,10,2
2023-11-18,Urology,30,23,0.7667,3,3,6,6,5
2023-11-19,Cardiology,44,37,0.8409,4,4,9,9,6
2023-11-19,General Surgery,42,37,0.881,4,4,9,9,7
2023-11-19,Internal Medicine,64,53,0.8281,6,6,13,13,4
2023-11-19,Neurology,36,26,0.7222,4,4,8,8,5
2023-11-19,Obstetrics,40,27,0.675,4,4,8,8,4
2023-11-19,Oncology,38,32,0.8421,4,4,8,8,6
2023-11-19,Orthopedics,48,38,0.7917,5,5,10,10,4
2023-11-19,Urology,30,24,0.8,3,3,6,6,6
2023-11-20,Cardiology,44,38,0.8636,4,4,9,9,9
2023-11-20,General Surgery,42,37,0.881,4,4,9,8,4
2023-11-20,Internal Medicine,64,60,0.9375,6,6,13,13,9
2023-11-20,Neurology,36,30,0.8333,4,4,8,8,11
2023-11-20,Obstetrics,40,26,0.65,4,4,8,8,5
2023-11-20,Oncology,38,34,0.8947,4,4,8,8,4
2023-11-20,Orthopedics,48,37,0.7708,5,5,10,10,6
2023-11-20,Urology,30,22,0.7333,3,3,6,6,4
2023-11-21,Cardiology,44,37,0.8409,4,4,9,9,6
2023-11-21,General Surgery,42,31,0.7381,4,4,9,9,3
2023-11-21,Internal Medicine,64,55,0.8594,6,6,13,13,9
2023-11-21,Neurology,36,31,0.8611,4,4,8,8,7
2023-11-21,Obstetrics,40,32,0.8,4,4,8,8,6
2023-11-21,Oncology,38,29,0.7632,4,4,8,8,7
2023-11-21,Orthopedics,48,39,0.8125,5,5,10,10,6
2023-11-21,Urology,30,23,0.7667,3,3,6,6,2
2023-11-22,Cardiology,44,38,0.8636,4,4,9,9,3
2023-11-22,General Surgery,42,29,0.6905,4,4,9,9,8
2023-11-22,Internal Medicine,64,62,0.9688,6,6,13,13,4
2023-11-22,Neurology,36,26,0.7222,4,4,8,8,5
2023-11-22,Obstetrics,40,30,0.75,4,4,8,8,4
2023-11-22,Oncology,38,30,0.7895,4,4,8,7,4
2023-11-22,Orthopedics,48,40,0.8333,5,5,10,10,9
2023-11-22,Urology,30,22,0.7333,3,3,6,6,2
2023-11-23,Cardiology,44,36,0.8182,4,4,9,9,8
2023-11-23,General Surgery,42,32,0.7619,4,4,9,9,6
2023-11-23,Internal Medicine,64,52,0.8125,6,6,13,13,6
2023-11-23,Neurology,36,27,0.75,4,4,8,8,5
2023-11-23,Obstetrics,40,29,0.725,4,4,8,8,4
2023-11-23,Oncology,38,34,0.8947,4,4,8,7,6
2023-11-23,Orthopedics,48,41,0.8542,5,5,10,9,9
2023-11-23,Urology,30,23,0.7667,3,3,6,5,8
2023-11-24,Cardiology,44,42,0.9545,4,4,9,7,4
2023-11-24,General Surgery,42,31,0.7381,4,3,9,8,13
2023-11-24,Internal Medicine,64,56,0.875,6,6,13,13,5
2023-11-24,Neurology,36,28,0.7778,4,4,8,8,3
2023-11-24,Obstetrics,40,30,0.75,4,4,8,7,8
2023-11-24,Oncology,38,32,0.8421,4,4,8,8,9
2023-11-24,Orthopedics,48,35,0.7292,5,5,10,10,1
2023-11-24,Urology,30,23,0.7667,3,3,6,6,2
2023-11-25,Cardiology,44,38,0.8636,4,4,9,9,7
2023-11-25,General Surgery,42,34,0.8095,4,4,9,9,10
2023-11-25,Internal Medicine,64,54,0.8438,6,6,13,13,10
2023-11-25,Neurology,36,28,0.7778,4,4,8,8,3
2023-11-25,Obstetrics,40,28,0.7,4,4,8,8,5
2023-11-25,Oncology,38,29,0.7632,4,4,8,7,4
2023-11-25,Orthopedics,48,37,0.7708,5,5,10,10,6
2023-11-25,Urology,30,20,0.6667,3,2,6,5,1
2023-11-26,Cardiology,44,31,0.7045,4,4,9,9,7
2023-11-26,General Surgery,42,34,0.8095,4,4,9,9,5
2023-11-26,Internal Medicine,64,52,0.8125,6,6,13,13,7
2023-11-26,Neurology,36,27,0.75,4,4,8,8,9
2023-11-26,Obstetrics,40,26,0.65,4,3,8,8,9
2023-11-26,Oncology,38,33,0.8684,4,4,8,8,4
2023-11-26,Orthopedics,48,33,0.6875,5,5,10,10,7
2023-11-26,Urology,30,21,0.7,3,3,6,6,4
2023-11-27,Cardiology,44,39,0.8864,4,4,9,8,7
2023-11-27,General Surgery,42,36,0.8571,4,4,9,9,10
2023-11-27,Internal Medicine,64,57,0.8906,6,6,13,13,7
2023-11-27,Neurology,36,30,0.8333,4,4,8,8,10
2023-11-27,Obstetrics,40,30,0.75,4,4,8,8,5
2023-11-27,Oncology,38,35,0.9211,4,4,8,8,4
2023-11-27,Orthopedics,48,35,0.7292,5,5,10,10,3
2023-11-27,Urology,30,23,0.7667,3,3,6,5,3
2023-11-28,Cardiology,44,41,0.9318,4,4,9,9,6
2023-11-28,General Surgery,42,34,0.8095,4,4,9,9,6
2023-11-28,Internal Medicine,64,56,0.875,6,6,13,13,12
2023-11-28,Neurology,36,28,0.7778,4,4,8,8,6
2023-11-28,Obstetrics,40,27,0.675,4,4,8,7,10
2023-11-28,Oncology,38,32,0.8421,4,4,8,8,5
2023-11-28,Orthopedics,48,37,0.7708,5,5,10,9,4
2023-11-28,Urology,30,23,0.7667,3,3,6,6,3
2023-11-29,Cardiology,44,38,0.8636,4,4,9,9,8
2023-11-29,General Surgery,42,38,0.9048,4,4,9,9,5
2023-11-29,Internal Medicine,64,56,0.875,6,6,13,13,7
2023-11-29,Neurology,36,32,0.8889,4,4,8,7,3
2023-11-29,Obstetrics,40,28,0.7,4,4,8,8,3
2023-11-29,Oncology,38,33,0.8684,4,4,8,8,5
2023-11-29,Orthopedics,48,35,0.7292,5,5,10,10,5
2023-11-29,Urology,30,23,0.7667,3,3,6,6,8
2023-11-30,Cardiology,44,37,0.8409,4,4,9,9,4
2023-11-30,General Surgery,42,33,0.7857,4,4,9,9,11
2023-11-30,Internal Medicine,64,53,0.8281,6,6,13,13,11
2023-11-30,Neurology,36,31,0.8611,4,4,8,8,7
2023-11-30,Obstetrics,40,28,0.7,4,4,8,8,5
2023-11-30,Oncology,38,33,0.8684,4,4,8,8,1
2023-11-30,Orthopedics,48,38,0.7917,5,5,10,10,5
2023-11-30,Urology,30,24,0.8,3,3,6,6,3
2023-12-01,Cardiology,44,39,0.8864,4,4,9,9,4
2023-12-01,General Surgery,42,36,0.8571,4,4,9,9,7
2023-12-01,Internal Medicine,64,61,0.9531,6,6,13,12,12
2023-12-01,Neurology,36,29,0.8056,4,4,8,8,5
2023-12-01,Obstetrics,40,29,0.725,4,4,8,8,6
2023-12-01,Oncology,38,31,0.8158,4,4,8,8,5
2023-12-01,Orthopedics,48,38,0.7917,5,5,10,9,4
2023-12-01,Urology,30,24,0.8,3,3,6,5,7
2023-12-02,Cardiology,44,37,0.8409,4,4,9,9,4
2023-12-02,General Surgery,42,33,0.7857,4,4,9,9,11
2023-12-02,Internal Medicine,64,60,0.9375,6,6,13,12,7
2023-12-02,Neurology,36,26,0.7222,4,3,8,8,7
2023-12-02,Obstetrics,40,30,0.75,4,4,8,8,8
2023-12-02,Oncology,38,32,0.8421,4,4,8,8,6
2023-12-02,Orthopedics,48,33,0.6875,5,5,10,10,5
2023-12-02,Urology,30,22,0.7333,3,3,6,5,4
2023-12-03,Cardiology,44,31,0.7045,4,4,9,9,5
2023-12-03,General Surgery,42,33,0.7857,4,4,9,9,11
2023-12-03,Internal Medicine,64,56,0.875,6,6,13,13,5
2023-12-03,Neurology,36,27,0.75,4,4,8,7,5
2023-12-03,Obstetrics,40,31,0.775,4,4,8,8,3
2023-12-03,Oncology,38,29,0.7632,4,4,8,7,8
2023-12-03,Orthopedics,48,38,0.7917,5,5,10,9,4
2023-12-03,Urology,30,24,0.8,3,2,6,6,2
2023-12-04,Cardiology,44,36,0.8182,4,4,9,8,4
2023-12-04,General Surgery,42,35,0.8333,4,4,9,9,10
2023-12-04,Internal Medicine,64,56,0.875,6,6,13,13,11
2023-12-04,Neurology,36,30,0.8333,4,4,8,8,3
2023-12-04,Obstetrics,40,29,0.725,4,3,8,8,1
2023-12-04,Oncology,38,32,0.8421,4,4,8,8,11
2023-12-04,Orthopedics,48,34,0.7083,5,5,10,10,3
2023-12-04,Urology,30,26,0.8667,3,3,6,6,5
2023-12-05,Cardiology,44,42,0.9545,4,4,9,9,6
2023-12-05,General Surgery,42,36,0.8571,4,4,9,8,8
2023-12-05,Internal Medicine,64,54,0.8438,6,6,13,13,8
2023-12-05,Neurology,36,29,0.8056,4,4,8,8,4
2023-12-05,Obstetrics,40,31,0.775,4,4,8,8,9
2023-12-05,Oncology,38,30,0.7895,4,4,8,8,6
2023-12-05,Orthopedics,48,40,0.8333,5,5,10,10,3
2023-12-05,Urology,30,22,0.7333,3,3,6,5,7
2023-12-06,Cardiology,44,38,0.8636,4,4,9,9,8
2023-12-06,General Surgery,42,34,0.8095,4,4,9,9,4
2023-12-06,Internal Medicine,64,58,0.9062,6,6,13,13,8
2023-12-06,Neurology,36,29,0.8056,4,4,8,8,9
2023-12-06,Obstetrics,40,29,0.725,4,4,8,8,6
2023-12-06,Oncology,38,32,0.8421,4,4,8,7,7
2023-12-06,Orthopedics,48,36,0.75,5,5,10,10,3
2023-12-06,Urology,30,23,0.7667,3,3,6,6,4
2023-12-07,Cardiology,44,37,0.8409,4,4,9,8,10
2023-12-07,General Surgery,42,32,0.7619,4,4,9,9,8
2023-12-07,Internal Medicine,64,62,0.9688,6,6,13,13,6
2023-12-07,Neurology,36,32,0.8889,4,4,8,8,6
2023-12-07,Obstetrics,40,32,0.8,4,4,8,8,7
2023-12-07,Oncology,38,30,0.7895,4,4,8,8,7
2023-12-07,Orthopedics,48,38,0.7917,5,5,10,10,3
2023-12-07,Urology,30,23,0.7667,3,3,6,6,1
2023-12-08,Cardiology,44,39,0.8864,4,4,9,8,6
2023-12-08,General Surgery,42,38,0.9048,4,4,9,9,7
2023-12-08,Internal Medicine,64,57,0.8906,6,6,13,12,7
2023-12-08,Neurology,36,30,0.8333,4,4,8,8,10
2023-12-08,Obstetrics,40,29,0.725,4,3,8,8,2
2023-12-08,Oncology,38,33,0.8684,4,3,8,8,12
2023-12-08,Orthopedics,48,40,0.8333,5,5,10,10,4
2023-12-08,Urology,30,21,0.7,3,3,6,6,4
2023-12-09,Cardiology,44,34,0.7727,4,4,9,9,7
2023-12-09,General Surgery,42,29,0.6905,4,3,9,9,8
2023-12-09,Internal Medicine,64,54,0.8438,6,6,13,13,8
2023-12-09,Neurology,36,27,0.75,4,4,8,7,10
2023-12-09,Obstetrics,40,28,0.7,4,4,8,8,5
2023-12-09,Oncology,38,32,0.8421,4,4,8,8,2
2023-12-09,Orthopedics,48,40,0.8333,5,5,10,10,6
2023-12-09,Urology,30,19,0.6333,3,3,6,5,6
2023-12-10,Cardiology,44,37,0.8409,4,4,9,9,8
2023-12-10,General Surgery,42,33,0.7857,4,3,9,9,8
2023-12-10,Internal Medicine,64,51,0.7969,6,6,13,13,7
2023-12-10,Neurology,36,25,0.6944,4,4,8,7,2
2023-12-10,Obstetrics,40,28,0.7,4,4,8,8,3
2023-12-10,Oncology,38,34,0.8947,4,4,8,8,5
2023-12-10,Orthopedics,48,34,0.7083,5,5,10,10,7
2023-12-10,Urology,30,23,0.7667,3,3,6,5,7
2023-12-11,Cardiology,44,40,0.9091,4,4,9,8,12
2023-12-11,General Surgery,42,36,0.8571,4,4,9,8,5
2023-12-11,Internal Medicine,64,56,0.875,6,6,13,13,6
2023-12-11,Neurology,36,31,0.8611,4,4,8,7,8
2023-12-11,Obstetrics,40,30,0.75,4,4,8,8,3
2023-12-11,Oncology,38,32,0.8421,4,4,8,8,10
2023-12-11,Orthopedics,48,39,0.8125,5,5,10,10,8
2023-12-11,Urology,30,23,0.7667,3,2,6,6,4
2023-12-12,Cardiology,44,42,0.9545,4,4,9,9,5
2023-12-12,General Surgery,42,34,0.8095,4,4,9,9,5
2023-12-12,Internal Medicine,64,61,0.9531,6,6,13,13,10
2023-12-12,Neurology,36,28,0.7778,4,4,8,8,4
2023-12-12,Obstetrics,40,29,0.725,4,3,8,8,5
2023-12-12,Oncology,38,32,0.8421,4,4,8,8,8
2023-12-12,Orthopedics,48,37,0.7708,5,5,10,10,4
2023-12-12,Urology,30,25,0.8333,3,2,6,6,12
2023-12-13,Cardiology,44,38,0.8636,4,4,9,9,4
2023-12-13,General Surgery,42,36,0.8571,4,4,9,9,9
2023-12-13,Internal Medicine,64,57,0.8906,6,6,13,13,12
2023-12-13,Neurology,36,31,0.8611,4,3,8,8,6
2023-12-13,Obstetrics,40,30,0.75,4,4,8,7,6
2023-12-13,Oncology,38,34,0.8947,4,4,8,8,2
2023-12-13,Orthopedics,48,38,0.7917,5,5,10,10,8
2023-12-13,Urology,30,21,0.7,3,3,6,6,3
2023-12-14,Cardiology,44,39,0.8864,4,4,9,9,9
2023-12-14,General Surgery,42,31,0.7381,4,4,9,9,7
2023-12-14,Internal Medicine,64,56,0.875,6,6,13,13,11
2023-12-14,Neurology,36,27,0.75,4,4,8,7,8
2023-12-14,Obstetrics,40,30,0.75,4,4,8,7,8
2023-12-14,Oncology,38,34,0.8947,4,4,8,8,5
2023-12-14,Orthopedics,48,42,0.875,5,4,10,10,4
2023-12-14,Urology,30,25,0.8333,3,3,6,6,4
2023-12-15,Cardiology,44,37,0.8409,4,4,9,9,5
2023-12-15,General Surgery,42,33,0.7857,4,4,9,9,6
2023-12-15,Internal Medicine,64,55,0.8594,6,5,13,13,7
2023-12-15,Neurology,36,26,0.7222,4,4,8,8,7
2023-12-15,Obstetrics,40,27,0.675,4,4,8,7,5
2023-12-15,Oncology,38,29,0.7632,4,4,8,8,10
2023-12-15,Orthopedics,48,38,0.7917,5,5,10,10,11
2023-12-15,Urology,30,24,0.8,3,3,6,5,3
2023-12-16,Cardiology,44,38,0.8636,4,4,9,9,9
2023-12-16,General Surgery,42,31,0.7381,4,4,9,9,12
2023-12-16,Internal Medicine,64,57,0.8906,6,6,13,13,5
2023-12-16,Neurology,36,26,0.7222,4,4,8,8,4
2023-12-16,Obstetrics,40,28,0.7,4,3,8,8,3
2023-12-16,Oncology,38,33,0.8684,4,4,8,7,4
2023-12-16,Orthopedics,48,37,0.7708,5,5,10,10,1
2023-12-16,Urology,30,22,0.7333,3,3,6,6,4
2023-12-17,Cardiology,44,34,0.7727,4,4,9,9,6
2023-12-17,General Surgery,42,33,0.7857,4,4,9,9,7
2023-12-17,Internal Medicine,64,51,0.7969,6,6,13,13,10
2023-12-17,Neurology,36,27,0.75,4,4,8,8,9
2023-12-17,Obstetrics,40,26,0.65,4,4,8,7,6
2023-12-17,Oncology,38,30,0.7895,4,4,8,7,12
2023-12-17,Orthopedics,48,36,0.75,5,5,10,10,3
2023-12-17,Urology,30,21,0.7,3,3,6,6,15
2023-12-18,Cardiology,44,40,0.9091,4,4,9,9,9
2023-12-18,General Surgery,42,36,0.8571,4,4,9,9,10
2023-12-18,Internal Medicine,64,58,0.9062,6,6,13,12,1
2023-12-18,Neurology,36,30,0.8333,4,3,8,8,5
2023-12-18,Obstetrics,40,31,0.775,4,4,8,7,5
2023-12-18,Oncology,38,31,0.8158,4,4,8,8,7
2023-12-18,Orthopedics,48,41,0.8542,5,5,10,10,1
2023-12-18,Urology,30,24,0.8,3,3,6,6,13
2023-12-19,Cardiology,44,35,0.7955,4,4,9,9,3
2023-12-19,General Surgery,42,31,0.7381,4,4,9,8,10
2023-12-19,Internal Medicine,64,54,0.8438,6,6,13,13,9
2023-12-19,Neurology,36,29,0.8056,4,4,8,8,7
2023-12-19,Obstetrics,40,30,0.75,4,4,8,8,2
2023-12-19,Oncology,38,31,0.8158,4,4,8,8,5
2023-12-19,Orthopedics,48,37,0.7708,5,5,10,10,4
2023-12-19,Urology,30,22,0.7333,3,3,6,6,9
2023-12-20,Cardiology,44,39,0.8864,4,4,9,9,12
2023-12-20,General Surgery,42,36,0.8571,4,4,9,9,11
2023-12-20,Internal Medicine,64,62,0.9688,6,6,13,13,7
2023-12-20,Neurology,36,30,0.8333,4,3,8,8,4
2023-12-20,Obstetrics,40,30,0.75,4,4,8,8,6
2023-12-20,Oncology,38,35,0.9211,4,4,8,8,8
2023-12-20,Orthopedics,48,43,0.8958,5,5,10,10,9
2023-12-20,Urology,30,26,0.8667,3,3,6,6,6
2023-12-21,Cardiology,44,39,0.8864,4,4,9,9,9
2023-12-21,General Surgery,42,34,0.8095,4,4,9,9,5
2023-12-21,Internal Medicine,64,59,0.9219,6,6,13,13,9
2023-12-21,Neurology,36,31,0.8611,4,4,8,8,6
2023-12-21,Obstetrics,40,27,0.675,4,4,8,8,8
2023-12-21,Oncology,38,32,0.8421,4,3,8,8,7
2023-12-21,Orthopedics,48,37,0.7708,5,5,10,10,5
2023-12-21,Urology,30,24,0.8,3,3,6,6,5
2023-12-22,Cardiology,44,34,0.7727,4,4,9,9,3
2023-12-22,General Surgery,42,35,0.8333,4,4,9,9,10
2023-12-22,Internal Medicine,64,59,0.9219,6,6,13,13,3
2023-12-22,Neurology,36,29,0.8056,4,4,8,8,6
2023-12-22,Obstetrics,40,29,0.725,4,4,8,8,6
2023-12-22,Oncology,38,33,0.8684,4,4,8,8,5
2023-12-22,Orthopedics,48,34,0.7083,5,5,10,10,4
2023-12-22,Urology,30,24,0.8,3,3,6,6,6
2023-12-23,Cardiology,44,32,0.7273,4,4,9,9,8
2023-12-23,General Surgery,42,33,0.7857,4,4,9,9,6
2023-12-23,Internal Medicine,64,51,0.7969,6,6,13,12,5
2023-12-23,Neurology,36,28,0.7778,4,4,8,8,7
2023-12-23,Obstetrics,40,27,0.675,4,4,8,8,4
2023-12-23,Oncology,38,31,0.8158,4,4,8,8,4
2023-12-23,Orthopedics,48,36,0.75,5,5,10,10,9
2023-12-23,Urology,30,24,0.8,3,3,6,6,6
2023-12-24,Cardiology,44,39,0.8864,4,4,9,9,4
2023-12-24,General Surgery,42,33,0.7857,4,4,9,9,9
2023-12-24,Internal Medicine,64,56,0.875,6,5,13,13,11
2023-12-24,Neurology,36,28,0.7778,4,4,8,8,5
2023-12-24,Obstetrics,40,26,0.65,4,4,8,8,7
2023-12-24,Oncology,38,33,0.8684,4,4,8,8,2
2023-12-24,Orthopedics,48,36,0.75,5,5,10,10,6
2023-12-24,Urology,30,23,0.7667,3,3,6,6,5
2023-12-25,Cardiology,44,38,0.8636,4,4,9,9,5
2023-12-25,General Surgery,42,36,0.8571,4,4,9,9,5
2023-12-25,Internal Medicine,64,63,0.9844,6,6,13,13,8
2023-12-25,Neurology,36,31,0.8611,4,4,8,8,8
2023-12-25,Obstetrics,40,30,0.75,4,4,8,8,4
2023-12-25,Oncology,38,34,0.8947,4,3,8,8,10
2023-12-25,Orthopedics,48,38,0.7917,5,5,10,10,7
2023-12-25,Urology,30,21,0.7,3,3,6,6,4
2023-12-26,Cardiology,44,36,0.8182,4,4,9,9,12
2023-12-26,General Surgery,42,32,0.7619,4,4,9,9,5
2023-12-26,Internal Medicine,64,56,0.875,6,6,13,13,4
2023-12-26,Neurology,36,26,0.7222,4,4,8,8,9
2023-12-26,Obstetrics,40,28,0.7,4,4,8,8,12
2023-12-26,Oncology,38,35,0.9211,4,4,8,8,6
2023-12-26,Orthopedics,48,39,0.8125,5,5,10,10,2
2023-12-26,Urology,30,23,0.7667,3,3,6,6,3
2023-12-27,Cardiology,44,39,0.8864,4,4,9,8,6
2023-12-27,General Surgery,42,36,0.8571,4,4,9,9,7
2023-12-27,Internal Medicine,64,52,0.8125,6,6,13,13,5
2023-12-27,Neurology,36,29,0.8056,4,4,8,8,4
2023-12-27,Obstetrics,40,31,0.775,4,4,8,8,3
2023-12-27,Oncology,38,33,0.8684,4,4,8,8,6
2023-12-27,Orthopedics,48,36,0.75,5,5,10,10,5
2023-12-27,Urology,30,24,0.8,3,3,6,5,10
2023-12-28,Cardiology,44,36,0.8182,4,4,9,8,6
2023-12-28,General Surgery,42,37,0.881,4,4,9,9,7
2023-12-28,Internal Medicine,64,58,0.9062,6,6,13,13,6
2023-12-28,Neurology,36,32,0.8889,4,4,8,8,10
2023-12-28,Obstetrics,40,30,0.75,4,3,8,8,4
2023-12-28,Oncology,38,35,0.9211,4,4,8,8,8
2023-12-28,Orthopedics,48,34,0.7083,5,5,10,10,5
2023-12-28,Urology,30,25,0.8333,3,3,6,6,7
2023-12-29,Cardiology,44,34,0.7727,4,4,9,9,6
2023-12-29,General Surgery,42,37,0.881,4,4,9,9,9
2023-12-29,Internal Medicine,64,58,0.9062,6,6,13,13,7
2023-12-29,Neurology,36,30,0.8333,4,4,8,8,7
2023-12-29,Obstetrics,40,30,0.75,4,4,8,8,7
2023-12-29,Oncology,38,29,0.7632,4,4,8,8,4
2023-12-29,Orthopedics,48,38,0.7917,5,5,10,10,5
2023-12-29,Urology,30,21,0.7,3,3,6,6,4
2023-12-30,Cardiology,44,34,0.7727,4,4,9,9,5
2023-12-30,General Surgery,42,34,0.8095,4,4,9,8,5
2023-12-30,Internal Medicine,64,60,0.9375,6,6,13,13,8
2023-12-30,Neurology,36,28,0.7778,4,4,8,8,8
2023-12-30,Obstetrics,40,26,0.65,4,4,8,8,5
2023-12-30,Oncology,38,29,0.7632,4,3,8,8,7
2023-12-30,Orthopedics,48,34,0.7083,5,5,10,9,6
2023-12-30,Urology,30,22,0.7333,3,3,6,5,8
2023-12-31,Cardiology,44,35,0.7955,4,4,9,9,10
2023-12-31,General Surgery,42,29,0.6905,4,4,9,9,8
2023-12-31,Internal Medicine,64,55,0.8594,6,6,13,12,7
2023-12-31,Neurology,36,27,0.75,4,4,8,8,7
2023-12-31,Obstetrics,40,29,0.725,4,4,8,8,5
2023-12-31,Oncology,38,32,0.8421,4,4,8,8,3
2023-12-31,Orthopedics,48,36,0.75,5,5,10,10,3
2023-12-31,Urology,30,23,0.7667,3,3,6,6,8
2024-01-01,Cardiology,44,38,0.8636,4,4,9,9,7
2024-01-01,General Surgery,42,33,0.7857,4,4,9,9,6
2024-01-01,Internal Medicine,64,62,0.9688,6,5,13,13,9
2024-01-01,Neurology,36,31,0.8611,4,4,8,8,8
2024-01-01,Obstetrics,40,26,0.65,4,3,8,8,7
2024-01-01,Oncology,38,32,0.8421,4,4,8,8,3
2024-01-01,Orthopedics,48,37,0.7708,5,5,10,10,6
2024-01-01,Urology,30,24,0.8,3,3,6,6,5
2024-01-02,Cardiology,44,39,0.8864,4,4,9,9,6
2024-01-02,General Surgery,42,35,0.8333,4,4,9,9,6
2024-01-02,Internal Medicine,64,55,0.8594,6,6,13,11,11
2024-01-02,Neurology,36,29,0.8056,4,4,8,7,10
2024-01-02,Obstetrics,40,33,0.825,4,4,8,7,5
2024-01-02,Oncology,38,33,0.8684,4,4,8,8,6
2024-01-02,Orthopedics,48,42,0.875,5,5,10,10,9
2024-01-02,Urology,30,25,0.8333,3,3,6,6,9
2024-01-03,Cardiology,44,37,0.8409,4,4,9,9,9
2024-01-03,General Surgery,42,36,0.8571,4,4,9,9,4
2024-01-03,Internal Medicine,64,60,0.9375,6,5,13,13,8
2024-01-03,Neurology,36,28,0.7778,4,4,8,8,4
2024-01-03,Obstetrics,40,27,0.675,4,4,8,7,4
2024-01-03,Oncology,38,33,0.8684,4,4,8,8,7
2024-01-03,Orthopedics,48,38,0.7917,5,5,10,10,6
2024-01-03,Urology,30,24,0.8,3,3,6,6,4
2024-01-04,Cardiology,44,41,0.9318,4,4,9,8,3
2024-01-04,General Surgery,42,36,0.8571,4,4,9,9,10
2024-01-04,Internal Medicine,64,56,0.875,6,6,13,13,5
2024-01-04,Neurology,36,32,0.8889,4,4,8,8,9
2024-01-04,Obstetrics,40,26,0.65,4,4,8,8,6
2024-01-04,Oncology,38,32,0.8421,4,4,8,8,4
2024-01-04,Orthopedics,48,40,0.8333,5,5,10,10,5
2024-01-04,Urology,30,26,0.8667,3,3,6,6,12
2024-01-05,Cardiology,44,40,0.9091,4,4,9,9,6
2024-01-05,General Surgery,42,34,0.8095,4,4,9,9,5
2024-01-05,Internal Medicine,64,59,0.9219,6,6,13,12,5
2024-01-05,Neurology,36,27,0.75,4,4,8,8,3
2024-01-05,Obstetrics,40,29,0.725,4,4,8,7,6
2024-01-05,Oncology,38,30,0.7895,4,4,8,7,4
2024-01-05,Orthopedics,48,38,0.7917,5,5,10,10,10
2024-01-05,Urology,30,24,0.8,3,3,6,6,5
2024-01-06,Cardiology,44,35,0.7955,4,4,9,9,9
2024-01-06,General Surgery,42,33,0.7857,4,4,9,9,6
2024-01-06,Internal Medicine,64,52,0.8125,6,6,13,13,5
2024-01-06,Neurology,36,26,0.7222,4,4,8,8,7
2024-01-06,Obstetrics,40,30,0.75,4,4,8,8,6
2024-01-06,Oncology,38,29,0.7632,4,4,8,8,3
2024-01-06,Orthopedics,48,36,0.75,5,5,10,10,5
2024-01-06,Urology,30,23,0.7667,3,2,6,6,8
2024-01-07,Cardiology,44,37,0.8409,4,4,9,9,6
2024-01-07,General Surgery,42,33,0.7857,4,4,9,9,8
2024-01-07,Internal Medicine,64,60,0.9375,6,6,13,13,3
2024-01-07,Neurology,36,30,0.8333,4,4,8,8,1
2024-01-07,Obstetrics,40,26,0.65,4,4,8,7,5
2024-01-07,Oncology,38,31,0.8158,4,4,8,8,3
2024-01-07,Orthopedics,48,35,0.7292,5,5,10,10,5
2024-01-07,Urology,30,20,0.6667,3,3,6,6,9
2024-01-08,Cardiology,44,37,0.8409,4,4,9,9,13
2024-01-08,General Surgery,42,35,0.8333,4,3,9,9,2
2024-01-08,Internal Medicine,64,56,0.875,6,6,13,13,4
2024-01-08,Neurology,36,31,0.8611,4,4,8,8,7
2024-01-08,Obstetrics,40,30,0.75,4,4,8,8,5
2024-01-08,Oncology,38,31,0.8158,4,4,8,8,9
2024-01-08,Orthopedics,48,40,0.8333,5,5,10,9,6
2024-01-08,Urology,30,24,0.8,3,3,6,6,4
2024-01-09,Cardiology,44,38,0.8636,4,4,9,9,3
2024-01-09,General Surgery,42,35,0.8333,4,4,9,9,12
2024-01-09,Internal Medicine,64,59,0.9219,6,6,13,13,2
2024-01-09,Neurology,36,31,0.8611,4,4,8,8,9
2024-01-09,Obstetrics,40,30,0.75,4,4,8,8,7
2024-01-09,Oncology,38,31,0.8158,4,4,8,8,8
2024-01-09,Orthopedics,48,39,0.8125,5,5,10,10,2
2024-01-09,Urology,30,21,0.7,3,3,6,6,5
2024-01-10,Cardiology,44,41,0.9318,4,3,9,9,11
2024-01-10,General Surgery,42,33,0.7857,4,4,9,9,7
2024-01-10,Internal Medicine,64,59,0.9219,6,6,13,12,9
2024-01-10,Neurology,36,31,0.8611,4,4,8,8,3
2024-01-10,Obstetrics,40,33,0.825,4,4,8,8,2
2024-01-10,Oncology,38,36,0.9474,4,4,8,7,7
2024-01-10,Orthopedics,48,38,0.7917,5,5,10,10,5
2024-01-10,Urology,30,24,0.8,3,3,6,6,5
2024-01-11,Cardiology,44,36,0.8182,4,4,9,9,6
2024-01-11,General Surgery,42,32,0.7619,4,4,9,9,8
2024-01-11,Internal Medicine,64,59,0.9219,6,5,13,13,7
2024-01-11,Neurology,36,30,0.8333,4,4,8,8,9
2024-01-11,Obstetrics,40,29,0.725,4,3,8,8,8
2024-01-11,Oncology,38,35,0.9211,4,4,8,8,6
2024-01-11,Orthopedics,48,34,0.7083,5,5,10,10,5
2024-01-11,Urology,30,23,0.7667,3,3,6,6,4
2024-01-12,Cardiology,44,39,0.8864,4,4,9,9,10
2024-01-12,General Surgery,42,34,0.8095,4,4,9,9,7
2024-01-12,Internal Medicine,64,59,0.9219,6,5,13,12,7
2024-01-12,Neurology,36,27,0.75,4,4,8,8,9
2024-01-12,Obstetrics,40,28,0.7,4,4,8,8,3
2024-01-12,Oncology,38,35,0.9211,4,4,8,8,7
2024-01-12,Orthopedics,48,35,0.7292,5,4,10,9,7
2024-01-12,Urology,30,23,0.7667,3,3,6,6,3
2024-01-13,Cardiology,44,33,0.75,4,4,9,9,5
2024-01-13,General Surgery,42,33,0.7857,4,4,9,9,4
2024-01-13,Internal Medicine,64,53,0.8281,6,6,13,13,5
2024-01-13,Neurology,36,26,0.7222,4,4,8,8,10
2024-01-13,Obstetrics,40,27,0.675,4,4,8,8,8
2024-01-13,Oncology,38,32,0.8421,4,4,8,7,12
2024-01-13,Orthopedics,48,37,0.7708,5,4,10,10,5
2024-01-13,Urology,30,23,0.7667,3,3,6,6,5
2024-01-14,Cardiology,44,36,0.8182,4,4,9,9,7
2024-01-14,General Surgery,42,35,0.8333,4,4,9,9,8
2024-01-14,Internal Medicine,64,53,0.8281,6,6,13,12,4
2024-01-14,Neurology,36,27,0.75,4,4,8,8,6
2024-01-14,Obstetrics,40,31,0.775,4,4,8,8,5
2024-01-14,Oncology,38,30,0.7895,4,4,8,8,7
2024-01-14,Orthopedics,48,33,0.6875,5,5,10,10,7
2024-01-14,Urology,30,20,0.6667,3,3,6,6,2
2024-01-15,Cardiology,44,34,0.7727,4,4,9,8,8
2024-01-15,General Surgery,42,35,0.8333,4,4,9,8,10
2024-01-15,Internal Medicine,64,62,0.9688,6,6,13,13,4
2024-01-15,Neurology,36,28,0.7778,4,4,8,8,11
2024-01-15,Obstetrics,40,28,0.7,4,4,8,8,3
2024-01-15,Oncology,38,34,0.8947,4,4,8,8,3
2024-01-15,Orthopedics,48,37,0.7708,5,5,10,9,8
2024-01-15,Urology,30,25,0.8333,3,2,6,6,4
2024-01-16,Cardiology,44,38,0.8636,4,4,9,8,7
2024-01-16,General Surgery,42,37,0.881,4,4,9,9,6
2024-01-16,Internal Medicine,64,61,0.9531,6,6,13,12,1
2024-01-16,Neurology,36,28,0.7778,4,4,8,8,6
2024-01-16,Obstetrics,40,30,0.75,4,4,8,8,6
2024-01-16,Oncology,38,32,0.8421,4,4,8,8,2
2024-01-16,Orthopedics,48,33,0.6875,5,5,10,10,3
2024-01-16,Urology,30,23,0.7667,3,3,6,6,5
2024-01-17,Cardiology,44,40,0.9091,4,4,9,9,11
2024-01-17,General Surgery,42,34,0.8095,4,4,9,9,4
2024-01-17,Internal Medicine,64,60,0.9375,6,6,13,13,4
2024-01-17,Neurology,36,32,0.8889,4,4,8,8,4
2024-01-17,Obstetrics,40,27,0.675,4,4,8,8,6
2024-01-17,Oncology,38,28,0.7368,4,4,8,8,7
2024-01-17,Orthopedics,48,40,0.8333,5,5,10,10,6
2024-01-17,Urology,30,22,0.7333,3,3,6,6,5
2024-01-18,Cardiology,44,39,0.8864,4,4,9,9,15
2024-01-18,General Surgery,42,35,0.8333,4,4,9,9,4
2024-01-18,Internal Medicine,64,58,0.9062,6,6,13,13,11
2024-01-18,Neurology,36,28,0.7778,4,4,8,8,11
2024-01-18,Obstetrics,40,29,0.725,4,4,8,8,4
2024-01-18,Oncology,38,33,0.8684,4,3,8,8,6
2024-01-18,Orthopedics,48,43,0.8958,5,5,10,10,5
2024-01-18,Urology,30,22,0.7333,3,3,6,6,9
2024-01-19,Cardiology,44,38,0.8636,4,4,9,9,7
2024-01-19,General Surgery,42,36,0.8571,4,4,9,9,6
2024-01-19,Internal Medicine,64,54,0.8438,6,6,13,13,9
2024-01-19,Neurology,36,29,0.8056,4,4,8,8,4
2024-01-19,Obstetrics,40,31,0.775,4,3,8,8,5
2024-01-19,Oncology,38,30,0.7895,4,4,8,8,7
2024-01-19,Orthopedics,48,34,0.7083,5,5,10,10,3
2024-01-19,Urology,30,24,0.8,3,3,6,6,2
2024-01-20,Cardiology,44,37,0.8409,4,4,9,9,4
2024-01-20,General Surgery,42,36,0.8571,4,3,9,9,8
2024-01-20,Internal Medicine,64,56,0.875,6,6,13,13,11
2024-01-20,Neurology,36,28,0.7778,4,4,8,8,3
2024-01-20,Obstetrics,40,26,0.65,4,4,8,8,5
2024-01-20,Oncology,38,31,0.8158,4,4,8,8,4
2024-01-20,Orthopedics,48,39,0.8125,5,5,10,10,7
2024-01-20,Urology,30,24,0.8,3,3,6,6,8
2024-01-21,Cardiology,44,36,0.8182,4,4,9,9,2
2024-01-21,General Surgery,42,39,0.9286,4,4,9,9,9
2024-01-21,Internal Medicine,64,55,0.8594,6,6,13,13,3
2024-01-21,Neurology,36,26,0.7222,4,4,8,8,6
2024-01-21,Obstetrics,40,30,0.75,4,4,8,8,5
2024-01-21,Oncology,38,31,0.8158,4,4,8,8,13
2024-01-21,Orthopedics,48,39,0.8125,5,5,10,9,10
2024-01-21,Urology,30,24,0.8,3,3,6,6,3
2024-01-22,Cardiology,44,37,0.8409,4,4,9,9,5
2024-01-22,General Surgery,42,33,0.7857,4,3,9,9,7
2024-01-22,Internal Medicine,64,62,0.9688,6,6,13,13,5
2024-01-22,Neurology,36,32,0.8889,4,4,8,8,8
2024-01-22,Obstetrics,40,29,0.725,4,4,8,8,3
2024-01-22,Oncology,38,31,0.8158,4,4,8,8,5
2024-01-22,Orthopedics,48,36,0.75,5,5,10,10,4
2024-01-22,Urology,30,21,0.7,3,3,6,5,3
2024-01-23,Cardiology,44,37,0.8409,4,4,9,9,2
2024-01-23,General Surgery,42,31,0.7381,4,4,9,9,9
2024-01-23,Internal Medicine,64,63,0.9844,6,6,13,13,6
2024-01-23,Neurology,36,29,0.8056,4,4,8,8,6
2024-01-23,Obstetrics,40,30,0.75,4,3,8,7,9
2024-01-23,Oncology,38,30,0.7895,4,4,8,8,3
2024-01-23,Orthopedics,48,37,0.7708,5,5,10,10,6
2024-01-23,Urology,30,25,0.8333,3,3,6,6,11
2024-01-24,Cardiology,44,38,0.8636,4,4,9,9,5
2024-01-24,General Surgery,42,34,0.8095,4,4,9,9,8
2024-01-24,Internal Medicine,64,57,0.8906,6,6,13,13,5
2024-01-24,Neurology,36,29,0.8056,4,4,8,8,3
2024-01-24,Obstetrics,40,30,0.75,4,4,8,8,3
2024-01-24,Oncology,38,30,0.7895,4,4,8,8,4
2024-01-24,Orthopedics,48,37,0.7708,5,5,10,10,7
2024-01-24,Urology,30,25,0.8333,3,3,6,6,8
2024-01-25,Cardiology,44,39,0.8864,4,4,9,9,3
2024-01-25,General Surgery,42,38,0.9048,4,4,9,9,10
2024-01-25,Internal Medicine,64,56,0.875,6,6,13,13,6
2024-01-25,Neurology,36,28,0.7778,4,4,8,8,7
2024-01-25,Obstetrics,40,26,0.65,4,4,8,8,4
2024-01-25,Oncology,38,35,0.9211,4,4,8,8,7
2024-01-25,Orthopedics,48,35,0.7292,5,4,10,10,7
2024-01-25,Urology,30,22,0.7333,3,3,6,6,4
2024-01-26,Cardiology,44,37,0.8409,4,4,9,8,7
2024-01-26,General Surgery,42,32,0.7619,4,4,9,8,15
2024-01-26,Internal Medicine,64,59,0.9219,6,6,13,12,5
2024-01-26,Neurology,36,28,0.7778,4,4,8,8,3
2024-01-26,Obstetrics,40,28,0.7,4,4,8,7,3
2024-01-26,Oncology,38,31,0.8158,4,3,8,7,6
2024-01-26,Orthopedics,48,36,0.75,5,5,10,10,3
2024-01-26,Urology,30,24,0.8,3,3,6,6,2
2024-01-27,Cardiology,44,37,0.8409,4,4,9,9,11
2024-01-27,General Surgery,42,34,0.8095,4,3,9,9,1
2024-01-27,Internal Medicine,64,59,0.9219,6,6,13,12,8
2024-01-27,Neurology,36,28,0.7778,4,4,8,7,5
2024-01-27,Obstetrics,40,28,0.7,4,3,8,8,6
2024-01-27,Oncology,38,32,0.8421,4,4,8,8,3
2024-01-27,Orthopedics,48,37,0.7708,5,5,10,10,5
2024-01-27,Urology,30,22,0.7333,3,3,6,6,3
2024-01-28,Cardiology,44,37,0.8409,4,3,9,9,6
2024-01-28,General Surgery,42,31,0.7381,4,4,9,9,6
2024-01-28,Internal Medicine,64,54,0.8438,6,6,13,13,11
2024-01-28,Neurology,36,28,0.7778,4,4,8,8,7
2024-01-28,Obstetrics,40,31,0.775,4,4,8,7,6
2024-01-28,Oncology,38,31,0.8158,4,4,8,8,2
2024-01-28,Orthopedics,48,35,0.7292,5,5,10,9,9
2024-01-28,Urology,30,22,0.7333,3,3,6,6,8
2024-01-29,Cardiology,44,39,0.8864,4,4,9,9,4
2024-01-29,General Surgery,42,35,0.8333,4,4,9,8,9
2024-01-29,Internal Medicine,64,58,0.9062,6,6,13,13,10
2024-01-29,Neurology,36,26,0.7222,4,4,8,8,8
2024-01-29,Obstetrics,40,31,0.775,4,4,8,8,7
2024-01-29,Oncology,38,33,0.8684,4,4,8,8,8
2024-01-29,Orthopedics,48,36,0.75,5,5,10,10,5
2024-01-29,Urology,30,24,0.8,3,3,6,6,6
2024-01-30,Cardiology,44,38,0.8636,4,4,9,9,2
2024-01-30,General Surgery,42,35,0.8333,4,4,9,8,14
2024-01-30,Internal Medicine,64,59,0.9219,6,6,13,13,8
2024-01-30,Neurology,36,30,0.8333,4,4,8,8,7
2024-01-30,Obstetrics,40,28,0.7,4,4,8,8,6
2024-01-30,Oncology,38,33,0.8684,4,4,8,8,6
2024-01-30,Orthopedics,48,39,0.8125,5,5,10,10,6
2024-01-30,Urology,30,23,0.7667,3,3,6,6,3
2024-01-31,Cardiology,44,37,0.8409,4,4,9,9,8
2024-01-31,General Surgery,42,34,0.8095,4,4,9,9,9
2024-01-31,Internal Medicine,64,52,0.8125,6,6,13,12,4
2024-01-31,Neurology,36,30,0.8333,4,4,8,8,9
2024-01-31,Obstetrics,40,29,0.725,4,4,8,8,6
2024-01-31,Oncology,38,33,0.8684,4,4,8,8,5
2024-01-31,Orthopedics,48,37,0.7708,5,5,10,10,4
2024-01-31,Urology,30,23,0.7667,3,3,6,6,4
2024-02-01,Cardiology,44,36,0.8182,4,4,9,9,8
2024-02-01,General Surgery,42,32,0.7619,4,4,9,8,7
2024-02-01,Internal Medicine,64,58,0.9062,6,6,13,13,8
2024-02-01,Neurology,36,28,0.7778,4,4,8,8,5
2024-02-01,Obstetrics,40,30,0.75,4,4,8,8,9
2024-02-01,Oncology,38,33,0.8684,4,4,8,7,5
2024-02-01,Orthopedics,48,38,0.7917,5,4,10,10,5
2024-02-01,Urology,30,21,0.7,3,3,6,6,3
2024-02-02,Cardiology,44,39,0.8864,4,4,9,9,6
2024-02-02,General Surgery,42,34,0.8095,4,4,9,8,12
2024-02-02,Internal Medicine,64,54,0.8438,6,6,13,13,4
2024-02-02,Neurology,36,29,0.8056,4,4,8,8,7
2024-02-02,Obstetrics,40,29,0.725,4,4,8,8,12
2024-02-02,Oncology,38,32,0.8421,4,4,8,8,1
2024-02-02,Orthopedics,48,40,0.8333,5,5,10,10,7
2024-02-02,Urology,30,26,0.8667,3,2,6,6,8
2024-02-03,Cardiology,44,39,0.8864,4,4,9,9,10
2024-02-03,General Surgery,42,36,0.8571,4,4,9,9,13
2024-02-03,Internal Medicine,64,49,0.7656,6,6,13,13,6
2024-02-03,Neurology,36,28,0.7778,4,4,8,8,8
2024-02-03,Obstetrics,40,25,0.625,4,4,8,8,6
2024-02-03,Oncology,38,34,0.8947,4,4,8,8,7
2024-02-03,Orthopedics,48,37,0.7708,5,5,10,10,7
2024-02-03,Urology,30,24,0.8,3,3,6,6,3
2024-02-04,Cardiology,44,35,0.7955,4,4,9,9,7
2024-02-04,General Surgery,42,32,0.7619,4,4,9,9,6
2024-02-04,Internal Medicine,64,53,0.8281,6,6,13,13,10
2024-02-04,Neurology,36,28,0.7778,4,4,8,8,8
2024-02-04,Obstetrics,40,28,0.7,4,4,8,8,6
2024-02-04,Oncology,38,32,0.8421,4,4,8,8,4
2024-02-04,Orthopedics,48,37,0.7708,5,5,10,10,3
2024-02-04,Urology,30,22,0.7333,3,3,6,6,2
2024-02-05,Cardiology,44,40,0.9091,4,4,9,9,9
2024-02-05,General Surgery,42,33,0.7857,4,4,9,9,4
2024-02-05,Internal Medicine,64,59,0.9219,6,6,13,12,7
2024-02-05,Neurology,36,30,0.8333,4,4,8,8,9
2024-02-05,Obstetrics,40,29,0.725,4,4,8,8,9
2024-02-05,Oncology,38,35,0.9211,4,4,8,8,5
2024-02-05,Orthopedics,48,39,0.8125,5,5,10,10,3
2024-02-05,Urology,30,24,0.8,3,3,6,5,6
2024-02-06,Cardiology,44,37,0.8409,4,4,9,9,7
2024-02-06,General Surgery,42,33,0.7857,4,4,9,9,7
2024-02-06,Internal Medicine,64,63,0.9844,6,6,13,13,7
2024-02-06,Neurology,36,30,0.8333,4,4,8,7,6
2024-02-06,Obstetrics,40,30,0.75,4,4,8,8,6
2024-02-06,Oncology,38,30,0.7895,4,4,8,8,4
2024-02-06,Orthopedics,48,38,0.7917,5,4,10,10,7
2024-02-06,Urology,30,24,0.8,3,3,6,6,8
2024-02-07,Cardiology,44,38,0.8636,4,4,9,9,3
2024-02-07,General Surgery,42,34,0.8095,4,4,9,9,7
2024-02-07,Internal Medicine,64,50,0.7812,6,6,13,13,5
2024-02-07,Neurology,36,30,0.8333,4,4,8,8,6
2024-02-07,Obstetrics,40,30,0.75,4,4,8,8,2
2024-02-07,Oncology,38,31,0.8158,4,4,8,8,3
2024-02-07,Orthopedics,48,40,0.8333,5,5,10,9,5
2024-02-07,Urology,30,23,0.7667,3,3,6,6,5
2024-02-08,Cardiology,44,38,0.8636,4,4,9,9,11
2024-02-08,General Surgery,42,34,0.8095,4,4,9,9,7
2024-02-08,Internal Medicine,64,59,0.9219,6,6,13,13,7
2024-02-08,Neurology,36,28,0.7778,4,4,8,8,4
2024-02-08,Obstetrics,40,32,0.8,4,4,8,8,6
2024-02-08,Oncology,38,31,0.8158,4,4,8,7,3
2024-02-08,Orthopedics,48,35,0.7292,5,5,10,10,4
2024-02-08,Urology,30,26,0.8667,3,3,6,6,4
2024-02-09,Cardiology,44,34,0.7727,4,4,9,9,11
2024-02-09,General Surgery,42,35,0.8333,4,4,9,9,3
2024-02-09,Internal Medicine,64,59,0.9219,6,6,13,13,7
2024-02-09,Neurology,36,30,0.8333,4,4,8,8,10
2024-02-09,Obstetrics,40,28,0.7,4,4,8,8,8
2024-02-09,Oncology,38,30,0.7895,4,4,8,8,5
2024-02-09,Orthopedics,48,37,0.7708,5,5,10,10,4
2024-02-09,Urology,30,23,0.7667,3,3,6,6,7
2024-02-10,Cardiology,44,35,0.7955,4,3,9,9,7
2024-02-10,General Surgery,42,32,0.7619,4,4,9,8,4
2024-02-10,Internal Medicine,64,57,0.8906,6,6,13,13,7
2024-02-10,Neurology,36,27,0.75,4,4,8,8,5
2024-02-10,Obstetrics,40,30,0.75,4,3,8,8,7
2024-02-10,Oncology,38,30,0.7895,4,4,8,8,3
2024-02-10,Orthopedics,48,36,0.75,5,5,10,10,5
2024-02-10,Urology,30,22,0.7333,3,3,6,6,3
2024-02-11,Cardiology,44,37,0.8409,4,4,9,9,8
2024-02-11,General Surgery,42,31,0.7381,4,4,9,9,4
2024-02-11,Internal Medicine,64,57,0.8906,6,6,13,13,15
2024-02-11,Neurology,36,27,0.75,4,4,8,8,5
2024-02-11,Obstetrics,40,29,0.725,4,4,8,8,5
2024-02-11,Oncology,38,32,0.8421,4,4,8,8,3
2024-02-11,Orthopedics,48,35,0.7292,5,5,10,10,3
2024-02-11,Urology,30,22,0.7333,3,3,6,6,6
2024-02-12,Cardiology,44,40,0.9091,4,4,9,9,10
2024-02-12,General Surgery,42,34,0.8095,4,4,9,9,10
2024-02-12,Internal Medicine,64,59,0.9219,6,5,13,13,9
2024-02-12,Neurology,36,29,0.8056,4,4,8,8,7
2024-02-12,Obstetrics,40,29,0.725,4,4,8,8,9
2024-02-12,Oncology,38,35,0.9211,4,3,8,8,3
2024-02-12,Orthopedics,48,36,0.75,5,5,10,10,4
2024-02-12,Urology,30,24,0.8,3,2,6,6,9
2024-02-13,Cardiology,44,37,0.8409,4,4,9,8,4
2024-02-13,General Surgery,42,37,0.881,4,4,9,9,5
2024-02-13,Internal Medicine,64,62,0.9688,6,6,13,13,5
2024-02-13,Neurology,36,31,0.8611,4,4,8,7,6
2024-02-13,Obstetrics,40,28,0.7,4,4,8,7,4
2024-02-13,Oncology,38,33,0.8684,4,4,8,8,3
2024-02-13,Orthopedics,48,39,0.8125,5,5,10,10,7
2024-02-13,Urology,30,26,0.8667,3,3,6,6,5
2024-02-14,Cardiology,44,44,1.0,4,4,9,9,9
2024-02-14,General Surgery,42,33,0.7857,4,4,9,9,12
2024-02-14,Internal Medicine,64,59,0.9219,6,6,13,13,9
2024-02-14,Neurology,36,30,0.8333,4,3,8,8,7
2024-02-14,Obstetrics,40,30,0.75,4,4,8,8,2
2024-02-14,Oncology,38,29,0.7632,4,4,8,8,8
2024-02-14,Orthopedics,48,42,0.875,5,5,10,10,7
2024-02-14,Urology,30,23,0.7667,3,3,6,6,3
2024-02-15,Cardiology,44,38,0.8636,4,4,9,9,8
2024-02-15,General Surgery,42,37,0.881,4,4,9,9,6
2024-02-15,Internal Medicine,64,62,0.9688,6,5,13,13,3
2024-02-15,Neurology,36,29,0.8056,4,4,8,8,5
2024-02-15,Obstetrics,40,30,0.75,4,4,8,8,8
2024-02-15,Oncology,38,33,0.8684,4,4,8,8,3
2024-02-15,Orthopedics,48,36,0.75,5,5,10,10,7
2024-02-15,Urology,30,23,0.7667,3,3,6,6,6
2024-02-16,Cardiology,44,39,0.8864,4,4,9,9,5
2024-02-16,General Surgery,42,34,0.8095,4,4,9,9,8
2024-02-16,Internal Medicine,64,55,0.8594,6,6,13,13,6
2024-02-16,Neurology,36,27,0.75,4,3,8,7,10
2024-02-16,Obstetrics,40,29,0.725,4,4,8,7,1
2024-02-16,Oncology,38,34,0.8947,4,4,8,8,6
2024-02-16,Orthopedics,48,37,0.7708,5,5,10,10,10
2024-02-16,Urology,30,22,0.7333,3,3,6,6,3
2024-02-17,Cardiology,44,31,0.7045,4,4,9,9,7
2024-02-17,General Surgery,42,29,0.6905,4,4,9,9,7
2024-02-17,Internal Medicine,64,54,0.8438,6,6,13,13,4
2024-02-17,Neurology,36,26,0.7222,4,3,8,8,5
2024-02-17,Obstetrics,40,27,0.675,4,4,8,8,6
2024-02-17,Oncology,38,29,0.7632,4,4,8,8,4
2024-02-17,Orthopedics,48,35,0.7292,5,5,10,10,5
2024-02-17,Urology,30,22,0.7333,3,3,6,6,4
2024-02-18,Cardiology,44,37,0.8409,4,3,9,9,15
2024-02-18,General Surgery,42,31,0.7381,4,4,9,9,6
2024-02-18,Internal Medicine,64,53,0.8281,6,6,13,12,8
2024-02-18,Neurology,36,25,0.6944,4,4,8,8,8
2024-02-18,Obstetrics,40,30,0.75,4,4,8,8,4
2024-02-18,Oncology,38,33,0.8684,4,4,8,8,5
2024-02-18,Orthopedics,48,38,0.7917,5,5,10,10,5
2024-02-18,Urology,30,21,0.7,3,3,6,6,3
2024-02-19,Cardiology,44,38,0.8636,4,4,9,9,1
2024-02-19,General Surgery,42,37,0.881,4,4,9,9,7
2024-02-19,Internal Medicine,64,56,0.875,6,5,13,13,10
2024-02-19,Neurology,36,31,0.8611,4,4,8,8,2
2024-02-19,Obstetrics,40,30,0.75,4,4,8,8,3
2024-02-19,Oncology,38,32,0.8421,4,4,8,8,7
2024-02-19,Orthopedics,48,39,0.8125,5,5,10,10,8
2024-02-19,Urology,30,21,0.7,3,3,6,6,4
2024-02-20,Cardiology,44,37,0.8409,4,4,9,9,9
2024-02-20,General Surgery,42,35,0.8333,4,4,9,9,7
2024-02-20,Internal Medicine,64,55,0.8594,6,6,13,13,10
2024-02-20,Neurology,36,30,0.8333,4,3,8,8,5
2024-02-20,Obstetrics,40,33,0.825,4,4,8,7,3
2024-02-20,Oncology,38,32,0.8421,4,4,8,8,3
2024-02-20,Orthopedics,48,38,0.7917,5,5,10,10,4
2024-02-20,Urology,30,25,0.8333,3,3,6,5,6
2024-02-21,Cardiology,44,39,0.8864,4,4,9,8,8
2024-02-21,General Surgery,42,35,0.8333,4,4,9,8,5
2024-02-21,Internal Medicine,64,57,0.8906,6,6,13,13,4
2024-02-21,Neurology,36,30,0.8333,4,4,8,8,7
2024-02-21,Obstetrics,40,31,0.775,4,4,8,8,5
2024-02-21,Oncology,38,32,0.8421,4,4,8,8,6
2024-02-21,Orthopedics,48,41,0.8542,5,5,10,10,2
2024-02-21,Urology,30,21,0.7,3,3,6,6,10
2024-02-22,Cardiology,44,39,0.8864,4,4,9,9,5
2024-02-22,General Surgery,42,35,0.8333,4,4,9,9,12
2024-02-22,Internal Medicine,64,51,0.7969,6,6,13,13,7
2024-02-22,Neurology,36,29,0.8056,4,4,8,8,5
2024-02-22,Obstetrics,40,31,0.775,4,3,8,7,6
2024-02-22,Oncology,38,34,0.8947,4,4,8,8,6
2024-02-22,Orthopedics,48,37,0.7708,5,5,10,10,4
2024-02-22,Urology,30,21,0.7,3,3,6,6,5
2024-02-23,Cardiology,44,41,0.9318,4,4,9,9,4
2024-02-23,General Surgery,42,31,0.7381,4,4,9,9,7
2024-02-23,Internal Medicine,64,63,0.9844,6,6,13,13,8
2024-02-23,Neurology,36,28,0.7778,4,4,8,8,7
2024-02-23,Obstetrics,40,32,0.8,4,4,8,8,6
2024-02-23,Oncology,38,34,0.8947,4,4,8,8,3
2024-02-23,Orthopedics,48,37,0.7708,5,5,10,10,10
2024-02-23,Urology,30,22,0.7333,3,3,6,5,7
2024-02-24,Cardiology,44,38,0.8636,4,4,9,9,10
2024-02-24,General Surgery,42,33,0.7857,4,4,9,9,7
2024-02-24,Internal Medicine,64,55,0.8594,6,6,13,13,1
2024-02-24,Neurology,36,25,0.6944,4,4,8,8,7
2024-02-24,Obstetrics,40,26,0.65,4,4,8,8,2
2024-02-24,Oncology,38,31,0.8158,4,3,8,8,7
2024-02-24,Orthopedics,48,33,0.6875,5,5,10,9,2
2024-02-24,Urology,30,21,0.7,3,3,6,6,3
2024-02-25,Cardiology,44,38,0.8636,4,4,9,9,7
2024-02-25,General Surgery,42,33,0.7857,4,4,9,9,9
2024-02-25,Internal Medicine,64,54,0.8438,6,6,13,13,8
2024-02-25,Neurology,36,30,0.8333,4,4,8,8,10
2024-02-25,Obstetrics,40,31,0.775,4,4,8,7,2
2024-02-25,Oncology,38,30,0.7895,4,3,8,8,3
2024-02-25,Orthopedics,48,36,0.75,5,4,10,10,6
2024-02-25,Urology,30,21,0.7,3,3,6,6,1
2024-02-26,Cardiology,44,39,0.8864,4,4,9,9,7
2024-02-26,General Surgery,42,35,0.8333,4,4,9,9,11
2024-02-26,Internal Medicine,64,55,0.8594,6,6,13,13,5
2024-02-26,Neurology,36,28,0.7778,4,4,8,7,8
2024-02-26,Obstetrics,40,27,0.675,4,4,8,8,6
2024-02-26,Oncology,38,32,0.8421,4,4,8,8,7
2024-02-26,Orthopedics,48,36,0.75,5,5,10,10,8
2024-02-26,Urology,30,23,0.7667,3,3,6,5,6
2024-02-27,Cardiology,44,38,0.8636,4,4,9,9,4
2024-02-27,General Surgery,42,37,0.881,4,4,9,9,9
2024-02-27,Internal Medicine,64,56,0.875,6,6,13,13,6
2024-02-27,Neurology,36,29,0.8056,4,3,8,8,6
2024-02-27,Obstetrics,40,27,0.675,4,4,8,8,6
2024-02-27,Oncology,38,31,0.8158,4,4,8,7,3
2024-02-27,Orthopedics,48,38,0.7917,5,4,10,9,7
2024-02-27,Urology,30,24,0.8,3,3,6,6,3
2024-02-28,Cardiology,44,35,0.7955,4,4,9,9,7
2024-02-28,General Surgery,42,35,0.8333,4,4,9,9,7
2024-02-28,Internal Medicine,64,62,0.9688,6,6,13,13,11
2024-02-28,Neurology,36,28,0.7778,4,4,8,7,4
2024-02-28,Obstetrics,40,28,0.7,4,4,8,8,6
2024-02-28,Oncology,38,34,0.8947,4,4,8,8,5
2024-02-28,Orthopedics,48,38,0.7917,5,5,10,10,1
2024-02-28,Urology,30,22,0.7333,3,3,6,6,3
2024-02-29,Cardiology,44,36,0.8182,4,4,9,9,8
2024-02-29,General Surgery,42,34,0.8095,4,4,9,9,8
2024-02-29,Internal Medicine,64,51,0.7969,6,6,13,13,7
2024-02-29,Neurology,36,32,0.8889,4,4,8,8,6
2024-02-29,Obstetrics,40,25,0.625,4,4,8,8,6
2024-02-29,Oncology,38,29,0.7632,4,4,8,8,3
2024-02-29,Orthopedics,48,38,0.7917,5,5,10,10,3
2024-02-29,Urology,30,22,0.7333,3,3,6,6,6
2024-03-01,Cardiology,44,39,0.8864,4,4,9,9,10
2024-03-01,General Surgery,42,35,0.8333,4,3,9,9,5
2024-03-01,Internal Medicine,64,61,0.9531,6,6,13,13,11
2024-03-01,Neurology,36,29,0.8056,4,4,8,8,6
2024-03-01,Obstetrics,40,28,0.7,4,4,8,8,3
2024-03-01,Oncology,38,34,0.8947,4,4,8,7,2
2024-03-01,Orthopedics,48,38,0.7917,5,5,10,10,1
2024-03-01,Urology,30,21,0.7,3,3,6,6,8
2024-03-02,Cardiology,44,39,0.8864,4,4,9,9,5
2024-03-02,General Surgery,42,32,0.7619,4,4,9,9,7
2024-03-02,Internal Medicine,64,51,0.7969,6,5,13,13,8
2024-03-02,Neurology,36,26,0.7222,4,4,8,8,3
2024-03-02,Obstetrics,40,28,0.7,4,4,8,7,5
2024-03-02,Oncology,38,31,0.8158,4,4,8,8,8
2024-03-02,Orthopedics,48,33,0.6875,5,5,10,10,5
2024-03-02,Urology,30,22,0.7333,3,2,6,6,3
2024-03-03,Cardiology,44,37,0.8409,4,4,9,9,13
2024-03-03,General Surgery,42,33,0.7857,4,4,9,9,6
2024-03-03,Internal Medicine,64,55,0.8594,6,6,13,13,5
2024-03-03,Neurology,36,28,0.7778,4,4,8,8,8
2024-03-03,Obstetrics,40,26,0.65,4,4,8,8,4
2024-03-03,Oncology,38,33,0.8684,4,4,8,8,2
2024-03-03,Orthopedics,48,36,0.75,5,5,10,10,5
2024-03-03,Urology,30,22,0.7333,3,3,6,6,6
2024-03-04,Cardiology,44,35,0.7955,4,4,9,9,11
2024-03-04,General Surgery,42,34,0.8095,4,4,9,8,6
2024-03-04,Internal Medicine,64,54,0.8438,6,6,13,13,2
2024-03-04,Neurology,36,32,0.8889,4,4,8,8,5
2024-03-04,Obstetrics,40,31,0.775,4,4,8,8,11
2024-03-04,Oncology,38,30,0.7895,4,4,8,7,4
2024-03-04,Orthopedics,48,39,0.8125,5,5,10,10,3
2024-03-04,Urology,30,22,0.7333,3,3,6,6,6
2024-03-05,Cardiology,44,36,0.8182,4,4,9,9,6
2024-03-05,General Surgery,42,36,0.8571,4,4,9,8,3
2024-03-05,Internal Medicine,64,61,0.9531,6,6,13,13,5
2024-03-05,Neurology,36,29,0.8056,4,4,8,7,11
2024-03-05,Obstetrics,40,30,0.75,4,4,8,8,3
2024-03-05,Oncology,38,30,0.7895,4,4,8,8,6
2024-03-05,Orthopedics,48,35,0.7292,5,5,10,10,5
2024-03-05,Urology,30,24,0.8,3,3,6,6,6
2024-03-06,Cardiology,44,39,0.8864,4,4,9,9,5
2024-03-06,General Surgery,42,34,0.8095,4,4,9,9,9
2024-03-06,Internal Medicine,64,57,0.8906,6,6,13,12,5
2024-03-06,Neurology,36,29,0.8056,4,4,8,8,6
2024-03-06,Obstetrics,40,29,0.725,4,4,8,8,9
2024-03-06,Oncology,38,30,0.7895,4,4,8,7,4
2024-03-06,Orthopedics,48,38,0.7917,5,5,10,10,6
2024-03-06,Urology,30,23,0.7667,3,2,6,6,3
2024-03-07,Cardiology,44,39,0.8864,4,4,9,8,8
2024-03-07,General Surgery,42,35,0.8333,4,4,9,9,9
2024-03-07,Internal Medicine,64,57,0.8906,6,6,13,13,3
2024-03-07,Neurology,36,30,0.8333,4,4,8,8,6
2024-03-07,Obstetrics,40,30,0.75,4,4,8,8,6
2024-03-07,Oncology,38,30,0.7895,4,4,8,8,5
2024-03-07,Orthopedics,48,39,0.8125,5,5,10,9,6
2024-03-07,Urology,30,23,0.7667,3,3,6,6,9
2024-03-08,Cardiology,44,38,0.8636,4,3,9,9,7
2024-03-08,General Surgery,42,28,0.6667,4,4,9,9,6
2024-03-08,Internal Medicine,64,55,0.8594,6,6,13,13,8
2024-03-08,Neurology,36,30,0.8333,4,4,8,8,14
2024-03-08,Obstetrics,40,27,0.675,4,4,8,8,6
2024-03-08,Oncology,38,30,0.7895,4,4,8,8,6
2024-03-08,Orthopedics,48,37,0.7708,5,4,10,10,4
2024-03-08,Urology,30,21,0.7,3,3,6,5,4
2024-03-09,Cardiology,44,35,0.7955,4,4,9,9,6
2024-03-09,General Surgery,42,32,0.7619,4,4,9,9,9
2024-03-09,Internal Medicine,64,54,0.8438,6,6,13,12,11
2024-03-09,Neurology,36,26,0.7222,4,4,8,8,5
2024-03-09,Obstetrics,40,27,0.675,4,4,8,8,7
2024-03-09,Oncology,38,28,0.7368,4,4,8,8,4
2024-03-09,Orthopedics,48,37,0.7708,5,5,10,10,1
2024-03-09,Urology,30,20,0.6667,3,3,6,6,4
2024-03-10,Cardiology,44,34,0.7727,4,4,9,8,6
2024-03-10,General Surgery,42,34,0.8095,4,4,9,9,10
2024-03-10,Internal Medicine,64,56,0.875,6,6,13,13,7
2024-03-10,Neurology,36,27,0.75,4,4,8,8,10
2024-03-10,Obstetrics,40,29,0.725,4,4,8,7,8
2024-03-10,Oncology,38,32,0.8421,4,3,8,8,4
2024-03-10,Orthopedics,48,36,0.75,5,5,10,10,6
2024-03-10,Urology,30,21,0.7,3,3,6,6,5
2024-03-11,Cardiology,44,38,0.8636,4,4,9,8,6
2024-03-11,General Surgery,42,32,0.7619,4,4,9,9,4
2024-03-11,Internal Medicine,64,54,0.8438,6,6,13,13,7
2024-03-11,Neurology,36,28,0.7778,4,4,8,8,9
2024-03-11,Obstetrics,40,28,0.7,4,4,8,8,7
2024-03-11,Oncology,38,33,0.8684,4,4,8,8,3
2024-03-11,Orthopedics,48,36,0.75,5,5,10,10,4
2024-03-11,Urology,30,24,0.8,3,3,6,6,5
2024-03-12,Cardiology,44,40,0.9091,4,4,9,9,6
2024-03-12,General Surgery,42,31,0.7381,4,4,9,9,7
2024-03-12,Internal Medicine,64,55,0.8594,6,6,13,13,7
2024-03-12,Neurology,36,31,0.8611,4,4,8,8,8
2024-03-12,Obstetrics,40,27,0.675,4,4,8,8,5
2024-03-12,Oncology,38,31,0.8158,4,4,8,8,5
2024-03-12,Orthopedics,48,36,0.75,5,5,10,9,5
2024-03-12,Urology,30,22,0.7333,3,2,6,6,4
2024-03-13,Cardiology,44,37,0.8409,4,4,9,9,3
2024-03-13,General Surgery,42,34,0.8095,4,4,9,9,12
2024-03-13,Internal Medicine,64,57,0.8906,6,6,13,12,9
2024-03-13,Neurology,36,25,0.6944,4,4,8,8,4
2024-03-13,Obstetrics,40,32,0.8,4,4,8,7,3
2024-03-13,Oncology,38,34,0.8947,4,4,8,8,5
2024-03-13,Orthopedics,48,34,0.7083,5,5,10,10,7
2024-03-13,Urology,30,23,0.7667,3,3,6,6,3
2024-03-14,Cardiology,44,38,0.8636,4,4,9,9,7
2024-03-14,General Surgery,42,36,0.8571,4,4,9,9,10
2024-03-14,Internal Medicine,64,57,0.8906,6,6,13,13,10
2024-03-14,Neurology,36,29,0.8056,4,4,8,7,6
2024-03-14,Obstetrics,40,31,0.775,4,4,8,8,9
2024-03-14,Oncology,38,34,0.8947,4,4,8,7,7
2024-03-14,Orthopedics,48,37,0.7708,5,5,10,10,2
2024-03-14,Urology,30,23,0.7667,3,3,6,6,7
2024-03-15,Cardiology,44,35,0.7955,4,4,9,9,10
2024-03-15,General Surgery,42,34,0.8095,4,4,9,9,5
2024-03-15,Internal Medicine,64,55,0.8594,6,6,13,13,8
2024-03-15,Neurology,36,31,0.8611,4,4,8,7,7
2024-03-15,Obstetrics,40,30,0.75,4,4,8,8,2
2024-03-15,Oncology,38,32,0.8421,4,4,8,8,2
2024-03-15,Orthopedics,48,35,0.7292,5,5,10,10,7
2024-03-15,Urology,30,24,0.8,3,3,6,6,7
2024-03-16,Cardiology,44,35,0.7955,4,4,9,9,7
2024-03-16,General Surgery,42,30,0.7143,4,4,9,9,4
2024-03-16,Internal Medicine,64,54,0.8438,6,6,13,12,5
2024-03-16,Neurology,36,26,0.7222,4,3,8,8,6
2024-03-16,Obstetrics,40,27,0.675,4,3,8,8,5
2024-03-16,Oncology,38,32,0.8421,4,4,8,8,3
2024-03-16,Orthopedics,48,37,0.7708,5,5,10,10,4
2024-03-16,Urology,30,24,0.8,3,3,6,6,5
2024-03-17,Cardiology,44,33,0.75,4,3,9,9,9
2024-03-17,General Surgery,42,33,0.7857,4,4,9,9,8
2024-03-17,Internal Medicine,64,56,0.875,6,6,13,13,6
2024-03-17,Neurology,36,26,0.7222,4,4,8,8,7
2024-03-17,Obstetrics,40,30,0.75,4,4,8,8,4
2024-03-17,Oncology,38,35,0.9211,4,4,8,8,3
2024-03-17,Orthopedics,48,38,0.7917,5,5,10,10,5
2024-03-17,Urology,30,22,0.7333,3,3,6,6,4
2024-03-18,Cardiology,44,35,0.7955,4,4,9,9,6
2024-03-18,General Surgery,42,34,0.8095,4,4,9,9,8
2024-03-18,Internal Medicine,64,57,0.8906,6,6,13,13,11
2024-03-18,Neurology,36,30,0.8333,4,4,8,8,5
2024-03-18,Obstetrics,40,30,0.75,4,4,8,8,3
2024-03-18,Oncology,38,30,0.7895,4,3,8,8,10
2024-03-18,Orthopedics,48,35,0.7292,5,5,10,10,3
2024-03-18,Urology,30,26,0.8667,3,3,6,6,5
2024-03-19,Cardiology,44,34,0.7727,4,4,9,9,6
2024-03-19,General Surgery,42,33,0.7857,4,4,9,9,6
2024-03-19,Internal Medicine,64,54,0.8438,6,6,13,13,7
2024-03-19,Neurology,36,28,0.7778,4,4,8,8,6
2024-03-19,Obstetrics,40,31,0.775,4,4,8,8,4
2024-03-19,Oncology,38,33,0.8684,4,4,8,8,5
2024-03-19,Orthopedics,48,35,0.7292,5,5,10,10,5
2024-03-19,Urology,30,24,0.8,3,2,6,6,5
2024-03-20,Cardiology,44,35,0.7955,4,4,9,9,5
2024-03-20,General Surgery,42,33,0.7857,4,4,9,9,5
2024-03-20,Internal Medicine,64,57,0.8906,6,5,13,13,4
2024-03-20,Neurology,36,28,0.7778,4,4,8,8,6
2024-03-20,Obstetrics,40,28,0.7,4,4,8,8,3
2024-03-20,Oncology,38,29,0.7632,4,4,8,8,5
2024-03-20,Orthopedics,48,40,0.8333,5,5,10,10,6
2024-03-20,Urology,30,21,0.7,3,3,6,6,6
2024-03-21,Cardiology,44,34,0.7727,4,4,9,8,6
2024-03-21,General Surgery,42,32,0.7619,4,4,9,9,6
2024-03-21,Internal Medicine,64,57,0.8906,6,6,13,13,11
2024-03-21,Neurology,36,29,0.8056,4,4,8,8,8
2024-03-21,Obstetrics,40,29,0.725,4,4,8,8,6
2024-03-21,Oncology,38,32,0.8421,4,4,8,8,4
2024-03-21,Orthopedics,48,38,0.7917,5,4,10,10,5
2024-03-21,Urology,30,24,0.8,3,3,6,6,5
2024-03-22,Cardiology,44,36,0.8182,4,4,9,9,4
2024-03-22,General Surgery,42,34,0.8095,4,4,9,9,8
2024-03-22,Internal Medicine,64,51,0.7969,6,6,13,13,12
2024-03-22,Neurology,36,27,0.75,4,4,8,8,6
2024-03-22,Obstetrics,40,29,0.725,4,4,8,8,6
2024-03-22,Oncology,38,31,0.8158,4,4,8,7,5
2024-03-22,Orthopedics,48,35,0.7292,5,4,10,10,5
2024-03-22,Urology,30,22,0.7333,3,3,6,6,5
2024-03-23,Cardiology,44,35,0.7955,4,4,9,9,11
2024-03-23,General Surgery,42,32,0.7619,4,4,9,9,6
2024-03-23,Internal Medicine,64,52,0.8125,6,6,13,13,7
2024-03-23,Neurology,36,30,0.8333,4,3,8,8,7
2024-03-23,Obstetrics,40,30,0.75,4,4,8,8,6
2024-03-23,Oncology,38,35,0.9211,4,4,8,8,7
2024-03-23,Orthopedics,48,33,0.6875,5,5,10,10,1
2024-03-23,Urology,30,20,0.6667,3,3,6,5,5
2024-03-24,Cardiology,44,33,0.75,4,4,9,9,7
2024-03-24,General Surgery,42,34,0.8095,4,4,9,9,10
2024-03-24,Internal Medicine,64,50,0.7812,6,6,13,12,7
2024-03-24,Neurology,36,27,0.75,4,4,8,7,11
2024-03-24,Obstetrics,40,27,0.675,4,4,8,8,10
2024-03-24,Oncology,38,30,0.7895,4,3,8,8,8
2024-03-24,Orthopedics,48,36,0.75,5,5,10,10,4
2024-03-24,Urology,30,21,0.7,3,3,6,6,4
2024-03-25,Cardiology,44,39,0.8864,4,4,9,9,6
2024-03-25,General Surgery,42,36,0.8571,4,4,9,8,13
2024-03-25,Internal Medicine,64,56,0.875,6,6,13,13,5
2024-03-25,Neurology,36,31,0.8611,4,4,8,8,9
2024-03-25,Obstetrics,40,28,0.7,4,3,8,8,6
2024-03-25,Oncology,38,35,0.9211,4,4,8,8,6
2024-03-25,Orthopedics,48,39,0.8125,5,5,10,10,11
2024-03-25,Urology,30,23,0.7667,3,3,6,6,7
2024-03-26,Cardiology,44,37,0.8409,4,4,9,9,8
2024-03-26,General Surgery,42,34,0.8095,4,4,9,9,7
2024-03-26,Internal Medicine,64,54,0.8438,6,5,13,13,6
2024-03-26,Neurology,36,28,0.7778,4,4,8,8,6
2024-03-26,Obstetrics,40,27,0.675,4,4,8,8,3
2024-03-26,Oncology,38,34,0.8947,4,4,8,8,7
2024-03-26,Orthopedics,48,36,0.75,5,5,10,10,2
2024-03-26,Urology,30,20,0.6667,3,3,6,6,4
2024-03-27,Cardiology,44,33,0.75,4,4,9,9,8
2024-03-27,General Surgery,42,35,0.8333,4,4,9,9,6
2024-03-27,Internal Medicine,64,51,0.7969,6,6,13,13,5
2024-03-27,Neurology,36,29,0.8056,4,4,8,8,7
2024-03-27,Obstetrics,40,31,0.775,4,4,8,8,8
2024-03-27,Oncology,38,30,0.7895,4,4,8,8,6
2024-03-27,Orthopedics,48,39,0.8125,5,5,10,10,3
2024-03-27,Urology,30,23,0.7667,3,3,6,6,9
2024-03-28,Cardiology,44,36,0.8182,4,3,9,9,7
2024-03-28,General Surgery,42,38,0.9048,4,4,9,9,0
2024-03-28,Internal Medicine,64,55,0.8594,6,6,13,13,5
2024-03-28,Neurology,36,27,0.75,4,4,8,8,7
2024-03-28,Obstetrics,40,31,0.775,4,4,8,8,9
2024-03-28,Oncology,38,32,0.8421,4,4,8,8,6
2024-03-28,Orthopedics,48,35,0.7292,5,5,10,10,6
2024-03-28,Urology,30,22,0.7333,3,3,6,6,5
2024-03-29,Cardiology,44,36,0.8182,4,4,9,9,3
2024-03-29,General Surgery,42,33,0.7857,4,4,9,9,8
2024-03-29,Internal Medicine,64,54,0.8438,6,6,13,13,11
2024-03-29,Neurology,36,29,0.8056,4,4,8,8,12
2024-03-29,Obstetrics,40,27,0.675,4,4,8,8,5
2024-03-29,Oncology,38,31,0.8158,4,3,8,7,8
2024-03-29,Orthopedics,48,36,0.75,5,5,10,10,7
2024-03-29,Urology,30,24,0.8,3,3,6,5,11
2024-03-30,Cardiology,44,34,0.7727,4,3,9,9,4
2024-03-30,General Surgery,42,36,0.8571,4,4,9,9,11
2024-03-30,Internal Medicine,64,53,0.8281,6,6,13,12,3
2024-03-30,Neurology,36,31,0.8611,4,4,8,8,4
2024-03-30,Obstetrics,40,28,0.7,4,4,8,8,4
2024-03-30,Oncology,38,29,0.7632,4,4,8,8,6
2024-03-30,Orthopedics,48,34,0.7083,5,5,10,10,4
2024-03-30,Urology,30,21,0.7,3,3,6,6,5
2024-03-31,Cardiology,44,34,0.7727,4,4,9,9,9
2024-03-31,General Surgery,42,27,0.6429,4,4,9,9,9
2024-03-31,Internal Medicine,64,54,0.8438,6,6,13,13,7
2024-03-31,Neurology,36,28,0.7778,4,4,8,8,6
2024-03-31,Obstetrics,40,26,0.65,4,4,8,7,7
2024-03-31,Oncology,38,27,0.7105,4,4,8,8,3
2024-03-31,Orthopedics,48,35,0.7292,5,5,10,10,3
2024-03-31,Urology,30,21,0.7,3,3,6,6,2
2024-04-01,Cardiology,44,33,0.75,4,4,9,9,9
2024-04-01,General Surgery,42,35,0.8333,4,4,9,8,7
2024-04-01,Internal Medicine,64,52,0.8125,6,6,13,12,5
2024-04-01,Neurology,36,29,0.8056,4,4,8,7,5
2024-04-01,Obstetrics,40,27,0.675,4,4,8,8,3
2024-04-01,Oncology,38,34,0.8947,4,4,8,8,6
2024-04-01,Orthopedics,48,36,0.75,5,5,10,10,3
2024-04-01,Urology,30,23,0.7667,3,3,6,6,8
2024-04-02,Cardiology,44,34,0.7727,4,4,9,9,12
2024-04-02,General Surgery,42,35,0.8333,4,4,9,9,8
2024-04-02,Internal Medicine,64,56,0.875,6,6,13,13,6
2024-04-02,Neurology,36,32,0.8889,4,4,8,8,5
2024-04-02,Obstetrics,40,30,0.75,4,4,8,8,7
2024-04-02,Oncology,38,31,0.8158,4,4,8,8,5
2024-04-02,Orthopedics,48,36,0.75,5,5,10,9,4
2024-04-02,Urology,30,21,0.7,3,3,6,6,5
2024-04-03,Cardiology,44,35,0.7955,4,4,9,9,6
2024-04-03,General Surgery,42,30,0.7143,4,4,9,9,5
2024-04-03,Internal Medicine,64,51,0.7969,6,6,13,13,5
2024-04-03,Neurology,36,28,0.7778,4,4,8,8,10
2024-04-03,Obstetrics,40,30,0.75,4,4,8,8,6
2024-04-03,Oncology,38,32,0.8421,4,4,8,7,5
2024-04-03,Orthopedics,48,39,0.8125,5,5,10,10,6
2024-04-03,Urology,30,25,0.8333,3,3,6,6,5
2024-04-04,Cardiology,44,34,0.7727,4,4,9,9,10
2024-04-04,General Surgery,42,31,0.7381,4,4,9,9,9
2024-04-04,Internal Medicine,64,56,0.875,6,6,13,13,8
2024-04-04,Neurology,36,29,0.8056,4,4,8,8,7
2024-04-04,Obstetrics,40,27,0.675,4,4,8,7,4
2024-04-04,Oncology,38,30,0.7895,4,4,8,8,4
2024-04-04,Orthopedics,48,37,0.7708,5,5,10,10,5
2024-04-04,Urology,30,25,0.8333,3,3,6,6,7
2024-04-05,Cardiology,44,36,0.8182,4,4,9,9,10
2024-04-05,General Surgery,42,33,0.7857,4,4,9,9,7
2024-04-05,Internal Medicine,64,54,0.8438,6,6,13,13,5
2024-04-05,Neurology,36,28,0.7778,4,4,8,8,5
2024-04-05,Obstetrics,40,30,0.75,4,4,8,8,6
2024-04-05,Oncology,38,32,0.8421,4,4,8,8,1
2024-04-05,Orthopedics,48,38,0.7917,5,5,10,10,7
2024-04-05,Urology,30,22,0.7333,3,3,6,6,3
2024-04-06,Cardiology,44,37,0.8409,4,4,9,9,9
2024-04-06,General Surgery,42,32,0.7619,4,4,9,8,10
2024-04-06,Internal Medicine,64,51,0.7969,6,6,13,13,10
2024-04-06,Neurology,36,27,0.75,4,4,8,8,7
2024-04-06,Obstetrics,40,29,0.725,4,3,8,8,3
2024-04-06,Oncology,38,31,0.8158,4,4,8,8,9
2024-04-06,Orthopedics,48,34,0.7083,5,5,10,10,7
2024-04-06,Urology,30,22,0.7333,3,3,6,5,1
2024-04-07,Cardiology,44,34,0.7727,4,4,9,9,6
2024-04-07,General Surgery,42,32,0.7619,4,4,9,9,7
2024-04-07,Internal Medicine,64,52,0.8125,6,6,13,13,9
2024-04-07,Neurology,36,28,0.7778,4,4,8,8,2
2024-04-07,Obstetrics,40,26,0.65,4,4,8,8,2
2024-04-07,Oncology,38,32,0.8421,4,4,8,8,8
2024-04-07,Orthopedics,48,36,0.75,5,5,10,10,6
2024-04-07,Urology,30,20,0.6667,3,3,6,6,1
2024-04-08,Cardiology,44,37,0.8409,4,4,9,9,3
2024-04-08,General Surgery,42,32,0.7619,4,4,9,9,7
2024-04-08,Internal Medicine,64,55,0.8594,6,5,13,13,5
2024-04-08,Neurology,36,29,0.8056,4,4,8,8,8
2024-04-08,Obstetrics,40,28,0.7,4,4,8,7,2
2024-04-08,Oncology,38,34,0.8947,4,4,8,8,10
2024-04-08,Orthopedics,48,39,0.8125,5,5,10,10,4
2024-04-08,Urology,30,20,0.6667,3,3,6,6,6
2024-04-09,Cardiology,44,38,0.8636,4,4,9,9,7
2024-04-09,General Surgery,42,32,0.7619,4,3,9,9,2
2024-04-09,Internal Medicine,64,58,0.9062,6,6,13,13,6
2024-04-09,Neurology,36,29,0.8056,4,4,8,8,5
2024-04-09,Obstetrics,40,28,0.7,4,4,8,8,3
2024-04-09,Oncology,38,34,0.8947,4,4,8,8,4
2024-04-09,Orthopedics,48,34,0.7083,5,5,10,10,4
2024-04-09,Urology,30,23,0.7667,3,3,6,6,7
2024-04-10,Cardiology,44,37,0.8409,4,4,9,9,10
2024-04-10,General Surgery,42,33,0.7857,4,4,9,8,9
2024-04-10,Internal Medicine,64,56,0.875,6,6,13,13,4
2024-04-10,Neurology,36,29,0.8056,4,4,8,8,10
2024-04-10,Obstetrics,40,27,0.675,4,3,8,8,6
2024-04-10,Oncology,38,29,0.7632,4,4,8,8,3
2024-04-10,Orthopedics,48,37,0.7708,5,5,10,10,3
2024-04-10,Urology,30,24,0.8,3,3,6,6,3
2024-04-11,Cardiology,44,38,0.8636,4,4,9,9,7
2024-04-11,General Surgery,42,29,0.6905,4,4,9,9,8
2024-04-11,Internal Medicine,64,54,0.8438,6,6,13,13,6
2024-04-11,Neurology,36,27,0.75,4,4,8,8,12
2024-04-11,Obstetrics,40,30,0.75,4,3,8,8,2
2024-04-11,Oncology,38,32,0.8421,4,4,8,8,6
2024-04-11,Orthopedics,48,37,0.7708,5,5,10,10,5
2024-04-11,Urology,30,24,0.8,3,3,6,6,2
2024-04-12,Cardiology,44,37,0.8409,4,4,9,9,6
2024-04-12,General Surgery,42,31,0.7381,4,4,9,9,9
2024-04-12,Internal Medicine,64,58,0.9062,6,6,13,13,6
2024-04-12,Neurology,36,29,0.8056,4,4,8,7,5
2024-04-12,Obstetrics,40,29,0.725,4,4,8,8,6
2024-04-12,Oncology,38,30,0.7895,4,3,8,7,5
2024-04-12,Orthopedics,48,39,0.8125,5,5,10,10,3
2024-04-12,Urology,30,26,0.8667,3,3,6,6,6
2024-04-13,Cardiology,44,33,0.75,4,4,9,9,6
2024-04-13,General Surgery,42,30,0.7143,4,4,9,9,8
2024-04-13,Internal Medicine,64,56,0.875,6,6,13,13,7
2024-04-13,Neurology,36,27,0.75,4,3,8,8,10
2024-04-13,Obstetrics,40,28,0.7,4,3,8,8,2
2024-04-13,Oncology,38,30,0.7895,4,4,8,8,6
2024-04-13,Orthopedics,48,35,0.7292,5,5,10,10,6
2024-04-13,Urology,30,22,0.7333,3,2,6,6,6
2024-04-14,Cardiology,44,34,0.7727,4,4,9,9,12
2024-04-14,General Surgery,42,30,0.7143,4,4,9,9,5
2024-04-14,Internal Medicine,64,57,0.8906,6,6,13,13,10
2024-04-14,Neurology,36,30,0.8333,4,4,8,8,10
2024-04-14,Obstetrics,40,24,0.6,4,4,8,8,7
2024-04-14,Oncology,38,30,0.7895,4,4,8,8,8
2024-04-14,Orthopedics,48,38,0.7917,5,5,10,10,4
2024-04-14,Urology,30,20,0.6667,3,3,6,6,4
2024-04-15,Cardiology,44,32,0.7273,4,4,9,9,3
2024-04-15,General Surgery,42,34,0.8095,4,4,9,9,7
2024-04-15,Internal Medicine,64,56,0.875,6,6,13,13,9
2024-04-15,Neurology,36,27,0.75,4,4,8,8,6
2024-04-15,Obstetrics,40,29,0.725,4,4,8,8,4
2024-04-15,Oncology,38,28,0.7368,4,4,8,8,5
2024-04-15,Orthopedics,48,41,0.8542,5,5,10,10,5
2024-04-15,Urology,30,24,0.8,3,3,6,6,2
2024-04-16,Cardiology,44,33,0.75,4,4,9,9,3
2024-04-16,General Surgery,42,31,0.7381,4,4,9,9,6
2024-04-16,Internal Medicine,64,55,0.8594,6,6,13,13,13
2024-04-16,Neurology,36,27,0.75,4,4,8,8,2
2024-04-16,Obstetrics,40,27,0.675,4,4,8,8,7
2024-04-16,Oncology,38,34,0.8947,4,4,8,8,8
2024-04-16,Orthopedics,48,34,0.7083,5,5,10,10,6
2024-04-16,Urology,30,23,0.7667,3,3,6,6,3
2024-04-17,Cardiology,44,34,0.7727,4,4,9,8,4
2024-04-17,General Surgery,42,31,0.7381,4,4,9,9,7
2024-04-17,Internal Medicine,64,59,0.9219,6,6,13,13,9
2024-04-17,Neurology,36,26,0.7222,4,4,8,8,7
2024-04-17,Obstetrics,40,27,0.675,4,4,8,7,1
2024-04-17,Oncology,38,33,0.8684,4,4,8,8,9
2024-04-17,Orthopedics,48,38,0.7917,5,5,10,10,10
2024-04-17,Urology,30,20,0.6667,3,3,6,5,7
2024-04-18,Cardiology,44,35,0.7955,4,4,9,8,7
2024-04-18,General Surgery,42,36,0.8571,4,4,9,9,7
2024-04-18,Internal Medicine,64,53,0.8281,6,6,13,13,4
2024-04-18,Neurology,36,27,0.75,4,4,8,8,8
2024-04-18,Obstetrics,40,30,0.75,4,4,8,8,2
2024-04-18,Oncology,38,32,0.8421,4,4,8,8,6
2024-04-18,Orthopedics,48,39,0.8125,5,5,10,9,6
2024-04-18,Urology,30,24,0.8,3,3,6,5,4
2024-04-19,Cardiology,44,38,0.8636,4,4,9,8,5
2024-04-19,General Surgery,42,33,0.7857,4,4,9,9,9
2024-04-19,Internal Medicine,64,52,0.8125,6,6,13,13,9
2024-04-19,Neurology,36,27,0.75,4,4,8,8,3
2024-04-19,Obstetrics,40,32,0.8,4,4,8,8,3
2024-04-19,Oncology,38,31,0.8158,4,4,8,8,4
2024-04-19,Orthopedics,48,37,0.7708,5,5,10,10,5
2024-04-19,Urology,30,22,0.7333,3,3,6,5,5
2024-04-20,Cardiology,44,33,0.75,4,4,9,8,4
2024-04-20,General Surgery,42,32,0.7619,4,4,9,9,7
2024-04-20,Internal Medicine,64,50,0.7812,6,6,13,12,11
2024-04-20,Neurology,36,25,0.6944,4,4,8,8,3
2024-04-20,Obstetrics,40,29,0.725,4,4,8,8,4
2024-04-20,Oncology,38,28,0.7368,4,4,8,8,4
2024-04-20,Orthopedics,48,32,0.6667,5,5,10,10,6
2024-04-20,Urology,30,24,0.8,3,3,6,6,4
2024-04-21,Cardiology,44,34,0.7727,4,4,9,9,4
2024-04-21,General Surgery,42,34,0.8095,4,4,9,9,7
2024-04-21,Internal Medicine,64,46,0.7188,6,6,13,13,2
2024-04-21,Neurology,36,27,0.75,4,3,8,8,4
2024-04-21,Obstetrics,40,26,0.65,4,4,8,7,6
2024-04-21,Oncology,38,31,0.8158,4,4,8,8,9
2024-04-21,Orthopedics,48,35,0.7292,5,5,10,9,1
2024-04-21,Urology,30,23,0.7667,3,3,6,6,4
2024-04-22,Cardiology,44,32,0.7273,4,3,9,9,4
2024-04-22,General Surgery,42,34,0.8095,4,4,9,9,6
2024-04-22,Internal Medicine,64,56,0.875,6,6,13,13,10
2024-04-22,Neurology,36,31,0.8611,4,4,8,8,8
2024-04-22,Obstetrics,40,27,0.675,4,4,8,8,3
2024-04-22,Oncology,38,30,0.7895,4,3,8,7,7
2024-04-22,Orthopedics,48,39,0.8125,5,5,10,10,5
2024-04-22,Urology,30,24,0.8,3,3,6,6,6
2024-04-23,Cardiology,44,35,0.7955,4,4,9,9,8
2024-04-23,General Surgery,42,33,0.7857,4,4,9,9,3
2024-04-23,Internal Medicine,64,56,0.875,6,6,13,12,9
2024-04-23,Neurology,36,30,0.8333,4,4,8,8,9
2024-04-23,Obstetrics,40,26,0.65,4,3,8,8,2
2024-04-23,Oncology,38,32,0.8421,4,4,8,8,4
2024-04-23,Orthopedics,48,32,0.6667,5,5,10,10,6
2024-04-23,Urology,30,22,0.7333,3,3,6,6,3
2024-04-24,Cardiology,44,35,0.7955,4,4,9,9,5
2024-04-24,General Surgery,42,33,0.7857,4,4,9,8,8
2024-04-24,Internal Medicine,64,53,0.8281,6,6,13,13,7
2024-04-24,Neurology,36,25,0.6944,4,4,8,8,6
2024-04-24,Obstetrics,40,28,0.7,4,4,8,8,4
2024-04-24,Oncology,38,31,0.8158,4,4,8,8,10
2024-04-24,Orthopedics,48,39,0.8125,5,5,10,10,6
2024-04-24,Urology,30,24,0.8,3,3,6,6,7
2024-04-25,Cardiology,44,33,0.75,4,4,9,9,9
2024-04-25,General Surgery,42,31,0.7381,4,3,9,8,6
2024-04-25,Internal Medicine,64,52,0.8125,6,6,13,13,5
2024-04-25,Neurology,36,29,0.8056,4,4,8,8,6
2024-04-25,Obstetrics,40,27,0.675,4,4,8,7,5
2024-04-25,Oncology,38,31,0.8158,4,4,8,8,5
2024-04-25,Orthopedics,48,38,0.7917,5,5,10,10,5
2024-04-25,Urology,30,19,0.6333,3,3,6,5,4
2024-04-26,Cardiology,44,36,0.8182,4,4,9,8,10
2024-04-26,General Surgery,42,27,0.6429,4,4,9,9,3
2024-04-26,Internal Medicine,64,52,0.8125,6,6,13,13,8
2024-04-26,Neurology,36,27,0.75,4,4,8,8,8
2024-04-26,Obstetrics,40,26,0.65,4,4,8,8,4
2024-04-26,Oncology,38,33,0.8684,4,4,8,8,5
2024-04-26,Orthopedics,48,40,0.8333,5,5,10,10,5
2024-04-26,Urology,30,22,0.7333,3,3,6,6,6
2024-04-27,Cardiology,44,36,0.8182,4,4,9,9,6
2024-04-27,General Surgery,42,29,0.6905,4,4,9,9,7
2024-04-27,Internal Medicine,64,51,0.7969,6,6,13,13,7
2024-04-27,Neurology,36,30,0.8333,4,3,8,8,6
2024-04-27,Obstetrics,40,28,0.7,4,3,8,7,5
2024-04-27,Oncology,38,30,0.7895,4,4,8,8,6
2024-04-27,Orthopedics,48,35,0.7292,5,5,10,10,0
2024-04-27,Urology,30,20,0.6667,3,3,6,6,9
2024-04-28,Cardiology,44,33,0.75,4,4,9,9,8
2024-04-28,General Surgery,42,30,0.7143,4,4,9,9,7
2024-04-28,Internal Medicine,64,58,0.9062,6,5,13,13,11
2024-04-28,Neurology,36,24,0.6667,4,4,8,8,3
2024-04-28,Obstetrics,40,28,0.7,4,4,8,8,6
2024-04-28,Oncology,38,29,0.7632,4,4,8,8,4
2024-04-28,Orthopedics,48,33,0.6875,5,5,10,10,2
2024-04-28,Urology,30,21,0.7,3,3,6,6,3
2024-04-29,Cardiology,44,34,0.7727,4,4,9,8,8
2024-04-29,General Surgery,42,33,0.7857,4,4,9,9,4
2024-04-29,Internal Medicine,64,52,0.8125,6,6,13,12,6
2024-04-29,Neurology,36,30,0.8333,4,4,8,7,6
2024-04-29,Obstetrics,40,32,0.8,4,4,8,7,12
2024-04-29,Oncology,38,31,0.8158,4,4,8,8,5
2024-04-29,Orthopedics,48,37,0.7708,5,5,10,10,2
2024-04-29,Urology,30,24,0.8,3,3,6,6,7
2024-04-30,Cardiology,44,31,0.7045,4,4,9,9,6
2024-04-30,General Surgery,42,34,0.8095,4,3,9,9,2
2024-04-30,Internal Medicine,64,53,0.8281,6,6,13,13,6
2024-04-30,Neurology,36,30,0.8333,4,4,8,7,11
2024-04-30,Obstetrics,40,28,0.7,4,4,8,8,0
2024-04-30,Oncology,38,30,0.7895,4,4,8,8,3
2024-04-30,Orthopedics,48,38,0.7917,5,5,10,10,7
2024-04-30,Urology,30,22,0.7333,3,3,6,6,1
2024-05-01,Cardiology,44,35,0.7955,4,4,9,9,8
2024-05-01,General Surgery,42,31,0.7381,4,3,9,9,3
2024-05-01,Internal Medicine,64,51,0.7969,6,6,13,13,7
2024-05-01,Neurology,36,28,0.7778,4,4,8,8,3
2024-05-01,Obstetrics,40,29,0.725,4,4,8,8,3
2024-05-01,Oncology,38,31,0.8158,4,4,8,8,4
2024-05-01,Orthopedics,48,39,0.8125,5,5,10,10,9
2024-05-01,Urology,30,23,0.7667,3,3,6,6,6
2024-05-02,Cardiology,44,37,0.8409,4,4,9,9,4
2024-05-02,General Surgery,42,35,0.8333,4,4,9,9,5
2024-05-02,Internal Medicine,64,56,0.875,6,6,13,13,10
2024-05-02,Neurology,36,30,0.8333,4,4,8,8,6
2024-05-02,Obstetrics,40,30,0.75,4,4,8,8,5
2024-05-02,Oncology,38,29,0.7632,4,4,8,8,5
2024-05-02,Orthopedics,48,37,0.7708,5,5,10,10,7
2024-05-02,Urology,30,20,0.6667,3,3,6,6,8
2024-05-03,Cardiology,44,32,0.7273,4,3,9,9,6
2024-05-03,General Surgery,42,37,0.881,4,4,9,9,9
2024-05-03,Internal Medicine,64,52,0.8125,6,5,13,13,4
2024-05-03,Neurology,36,28,0.7778,4,4,8,8,3
2024-05-03,Obstetrics,40,28,0.7,4,4,8,8,6
2024-05-03,Oncology,38,32,0.8421,4,4,8,8,8
2024-05-03,Orthopedics,48,40,0.8333,5,5,10,10,4
2024-05-03,Urology,30,19,0.6333,3,3,6,6,4
2024-05-04,Cardiology,44,32,0.7273,4,4,9,9,5
2024-05-04,General Surgery,42,34,0.8095,4,4,9,9,7
2024-05-04,Internal Medicine,64,48,0.75,6,6,13,12,7
2024-05-04,Neurology,36,23,0.6389,4,4,8,8,14
2024-05-04,Obstetrics,40,24,0.6,4,4,8,8,3
2024-05-04,Oncology,38,29,0.7632,4,4,8,8,4
2024-05-04,Orthopedics,48,34,0.7083,5,5,10,9,4
2024-05-04,Urology,30,22,0.7333,3,3,6,6,5
2024-05-05,Cardiology,44,33,0.75,4,4,9,9,6
2024-05-05,General Surgery,42,29,0.6905,4,4,9,9,8
2024-05-05,Internal Medicine,64,47,0.7344,6,5,13,13,9
2024-05-05,Neurology,36,24,0.6667,4,4,8,8,9
2024-05-05,Obstetrics,40,25,0.625,4,4,8,8,4
2024-05-05,Oncology,38,30,0.7895,4,4,8,8,3
2024-05-05,Orthopedics,48,32,0.6667,5,5,10,10,3
2024-05-05,Urology,30,21,0.7,3,3,6,5,7
2024-05-06,Cardiology,44,33,0.75,4,4,9,9,3
2024-05-06,General Surgery,42,32,0.7619,4,4,9,8,5
2024-05-06,Internal Medicine,64,56,0.875,6,6,13,13,7
2024-05-06,Neurology,36,28,0.7778,4,4,8,8,8
2024-05-06,Obstetrics,40,28,0.7,4,4,8,8,4
2024-05-06,Oncology,38,31,0.8158,4,4,8,8,5
2024-05-06,Orthopedics,48,37,0.7708,5,5,10,10,2
2024-05-06,Urology,30,24,0.8,3,3,6,6,4
2024-05-07,Cardiology,44,36,0.8182,4,4,9,9,4
2024-05-07,General Surgery,42,29,0.6905,4,4,9,9,3
2024-05-07,Internal Medicine,64,56,0.875,6,6,13,13,10
2024-05-07,Neurology,36,27,0.75,4,4,8,8,7
2024-05-07,Obstetrics,40,28,0.7,4,4,8,8,3
2024-05-07,Oncology,38,29,0.7632,4,4,8,8,3
2024-05-07,Orthopedics,48,33,0.6875,5,5,10,10,6
2024-05-07,Urology,30,21,0.7,3,3,6,6,6
2024-05-08,Cardiology,44,33,0.75,4,4,9,9,8
2024-05-08,General Surgery,42,31,0.7381,4,4,9,9,9
2024-05-08,Internal Medicine,64,53,0.8281,6,6,13,12,7
2024-05-08,Neurology,36,25,0.6944,4,4,8,8,9
2024-05-08,Obstetrics,40,28,0.7,4,4,8,8,7
2024-05-08,Oncology,38,30,0.7895,4,4,8,8,9
2024-05-08,Orthopedics,48,35,0.7292,5,5,10,9,6
2024-05-08,Urology,30,22,0.7333,3,3,6,6,5
2024-05-09,Cardiology,44,34,0.7727,4,4,9,9,3
2024-05-09,General Surgery,42,34,0.8095,4,4,9,9,6
2024-05-09,Internal Medicine,64,55,0.8594,6,6,13,12,5
2024-05-09,Neurology,36,28,0.7778,4,3,8,8,8
2024-05-09,Obstetrics,40,29,0.725,4,4,8,8,2
2024-05-09,Oncology,38,30,0.7895,4,4,8,8,8
2024-05-09,Orthopedics,48,38,0.7917,5,5,10,10,7
2024-05-09,Urology,30,23,0.7667,3,3,6,6,3
2024-05-10,Cardiology,44,34,0.7727,4,4,9,9,10
2024-05-10,General Surgery,42,35,0.8333,4,4,9,8,6
2024-05-10,Internal Medicine,64,54,0.8438,6,6,13,13,6
2024-05-10,Neurology,36,27,0.75,4,4,8,8,8
2024-05-10,Obstetrics,40,30,0.75,4,4,8,8,9
2024-05-10,Oncology,38,30,0.7895,4,4,8,8,6
2024-05-10,Orthopedics,48,40,0.8333,5,5,10,9,2
2024-05-10,Urology,30,24,0.8,3,3,6,6,8
2024-05-11,Cardiology,44,33,0.75,4,4,9,9,5
2024-05-11,General Surgery,42,33,0.7857,4,4,9,9,5
2024-05-11,Internal Medicine,64,53,0.8281,6,6,13,13,7
2024-05-11,Neurology,36,24,0.6667,4,4,8,8,6
2024-05-11,Obstetrics,40,25,0.625,4,4,8,8,5
2024-05-11,Oncology,38,30,0.7895,4,4,8,8,6
2024-05-11,Orthopedics,48,34,0.7083,5,5,10,10,3
2024-05-11,Urology,30,18,0.6,3,3,6,6,3
2024-05-12,Cardiology,44,34,0.7727,4,4,9,9,3
2024-05-12,General Surgery,42,31,0.7381,4,3,9,9,2
2024-05-12,Internal Medicine,64,50,0.7812,6,6,13,13,6
2024-05-12,Neurology,36,25,0.6944,4,4,8,8,9
2024-05-12,Obstetrics,40,28,0.7,4,4,8,8,2
2024-05-12,Oncology,38,26,0.6842,4,4,8,8,8
2024-05-12,Orthopedics,48,34,0.7083,5,5,10,10,1
2024-05-12,Urology,30,22,0.7333,3,3,6,6,9
2024-05-13,Cardiology,44,33,0.75,4,4,9,9,6
2024-05-13,General Surgery,42,33,0.7857,4,3,9,8,9
2024-05-13,Internal Medicine,64,49,0.7656,6,6,13,13,4
2024-05-13,Neurology,36,30,0.8333,4,4,8,8,4
2024-05-13,Obstetrics,40,30,0.75,4,4,8,8,10
2024-05-13,Oncology,38,33,0.8684,4,4,8,8,4
2024-05-13,Orthopedics,48,35,0.7292,5,5,10,9,4
2024-05-13,Urology,30,21,0.7,3,3,6,5,6
2024-05-14,Cardiology,44,33,0.75,4,3,9,9,9
2024-05-14,General Surgery,42,30,0.7143,4,4,9,9,8
2024-05-14,Internal Medicine,64,57,0.8906,6,6,13,13,6
2024-05-14,Neurology,36,29,0.8056,4,4,8,8,5
2024-05-14,Obstetrics,40,29,0.725,4,4,8,8,6
2024-05-14,Oncology,38,34,0.8947,4,4,8,8,8
2024-05-14,Orthopedics,48,33,0.6875,5,5,10,10,4
2024-05-14,Urology,30,20,0.6667,3,3,6,6,5
2024-05-15,Cardiology,44,30,0.6818,4,4,9,8,12
2024-05-15,General Surgery,42,31,0.7381,4,4,9,9,11
2024-05-15,Internal Medicine,64,57,0.8906,6,6,13,13,8
2024-05-15,Neurology,36,27,0.75,4,4,8,8,5
2024-05-15,Obstetrics,40,30,0.75,4,4,8,8,7
2024-05-15,Oncology,38,29,0.7632,4,4,8,8,6
2024-05-15,Orthopedics,48,38,0.7917,5,5,10,10,3
2024-05-15,Urology,30,19,0.6333,3,3,6,6,2
2024-05-16,Cardiology,44,32,0.7273,4,4,9,8,5
2024-05-16,General Surgery,42,34,0.8095,4,4,9,9,9
2024-05-16,Internal Medicine,64,50,0.7812,6,6,13,13,6
2024-05-16,Neurology,36,26,0.7222,4,4,8,8,6
2024-05-16,Obstetrics,40,29,0.725,4,4,8,8,5
2024-05-16,Oncology,38,29,0.7632,4,4,8,8,9
2024-05-16,Orthopedics,48,33,0.6875,5,5,10,9,7
2024-05-16,Urology,30,22,0.7333,3,3,6,6,6
2024-05-17,Cardiology,44,33,0.75,4,4,9,8,4
2024-05-17,General Surgery,42,33,0.7857,4,3,9,8,10
2024-05-17,Internal Medicine,64,51,0.7969,6,6,13,13,5
2024-05-17,Neurology,36,27,0.75,4,4,8,8,12
2024-05-17,Obstetrics,40,28,0.7,4,4,8,8,5
2024-05-17,Oncology,38,31,0.8158,4,4,8,8,4
2024-05-17,Orthopedics,48,36,0.75,5,5,10,10,4
2024-05-17,Urology,30,21,0.7,3,3,6,6,9
2024-05-18,Cardiology,44,32,0.7273,4,4,9,9,5
2024-05-18,General Surgery,42,33,0.7857,4,4,9,9,5
2024-05-18,Internal Medicine,64,46,0.7188,6,5,13,13,3
2024-05-18,Neurology,36,27,0.75,4,4,8,8,8
2024-05-18,Obstetrics,40,27,0.675,4,4,8,7,4
2024-05-18,Oncology,38,28,0.7368,4,4,8,8,7
2024-05-18,Orthopedics,48,30,0.625,5,5,10,10,7
2024-05-18,Urology,30,21,0.7,3,3,6,6,4
2024-05-19,Cardiology,44,32,0.7273,4,4,9,9,4
2024-05-19,General Surgery,42,29,0.6905,4,4,9,9,4
2024-05-19,Internal Medicine,64,48,0.75,6,6,13,12,10
2024-05-19,Neurology,36,26,0.7222,4,4,8,8,5
2024-05-19,Obstetrics,40,22,0.55,4,3,8,8,7
2024-05-19,Oncology,38,29,0.7632,4,4,8,8,7
2024-05-19,Orthopedics,48,33,0.6875,5,4,10,10,5
2024-05-19,Urology,30,19,0.6333,3,3,6,6,5
2024-05-20,Cardiology,44,31,0.7045,4,4,9,9,13
2024-05-20,General Surgery,42,32,0.7619,4,4,9,9,5
2024-05-20,Internal Medicine,64,51,0.7969,6,6,13,13,10
2024-05-20,Neurology,36,31,0.8611,4,4,8,8,9
2024-05-20,Obstetrics,40,28,0.7,4,4,8,8,5
2024-05-20,Oncology,38,33,0.8684,4,4,8,8,9
2024-05-20,Orthopedics,48,36,0.75,5,5,10,10,8
2024-05-20,Urology,30,19,0.6333,3,3,6,6,5
2024-05-21,Cardiology,44,32,0.7273,4,4,9,8,9
2024-05-21,General Surgery,42,32,0.7619,4,4,9,9,12
2024-05-21,Internal Medicine,64,55,0.8594,6,6,13,13,6
2024-05-21,Neurology,36,28,0.7778,4,4,8,8,6
2024-05-21,Obstetrics,40,27,0.675,4,3,8,8,3
2024-05-21,Oncology,38,30,0.7895,4,4,8,7,3
2024-05-21,Orthopedics,48,37,0.7708,5,5,10,10,4
2024-05-21,Urology,30,21,0.7,3,3,6,6,3
2024-05-22,Cardiology,44,29,0.6591,4,4,9,9,6
2024-05-22,General Surgery,42,31,0.7381,4,4,9,9,6
2024-05-22,Internal Medicine,64,51,0.7969,6,6,13,13,3
2024-05-22,Neurology,36,27,0.75,4,4,8,8,7
2024-05-22,Obstetrics,40,29,0.725,4,4,8,8,2
2024-05-22,Oncology,38,34,0.8947,4,4,8,8,3
2024-05-22,Orthopedics,48,36,0.75,5,5,10,10,5
2024-05-22,Urology,30,22,0.7333,3,3,6,6,5
2024-05-23,Cardiology,44,32,0.7273,4,4,9,9,8
2024-05-23,General Surgery,42,34,0.8095,4,4,9,9,4
2024-05-23,Internal Medicine,64,55,0.8594,6,6,13,13,8
2024-05-23,Neurology,36,28,0.7778,4,4,8,7,7
2024-05-23,Obstetrics,40,28,0.7,4,4,8,8,3
2024-05-23,Oncology,38,29,0.7632,4,4,8,8,5
2024-05-23,Orthopedics,48,35,0.7292,5,4,10,10,6
2024-05-23,Urology,30,22,0.7333,3,3,6,6,5
2024-05-24,Cardiology,44,34,0.7727,4,4,9,8,2
2024-05-24,General Surgery,42,31,0.7381,4,4,9,9,10
2024-05-24,Internal Medicine,64,50,0.7812,6,6,13,13,8
2024-05-24,Neurology,36,28,0.7778,4,4,8,8,6
2024-05-24,Obstetrics,40,26,0.65,4,4,8,8,3
2024-05-24,Oncology,38,31,0.8158,4,4,8,8,7
2024-05-24,Orthopedics,48,35,0.7292,5,5,10,10,4
2024-05-24,Urology,30,25,0.8333,3,3,6,5,3
2024-05-25,Cardiology,44,30,0.6818,4,4,9,9,6
2024-05-25,General Surgery,42,30,0.7143,4,4,9,9,2
2024-05-25,Internal Medicine,64,50,0.7812,6,6,13,13,11
2024-05-25,Neurology,36,27,0.75,4,4,8,8,6
2024-05-25,Obstetrics,40,24,0.6,4,4,8,8,5
2024-05-25,Oncology,38,27,0.7105,4,4,8,8,5
2024-05-25,Orthopedics,48,34,0.7083,5,5,10,10,5
2024-05-25,Urology,30,24,0.8,3,3,6,6,9
2024-05-26,Cardiology,44,32,0.7273,4,4,9,9,3
2024-05-26,General Surgery,42,31,0.7381,4,4,9,9,9
2024-05-26,Internal Medicine,64,41,0.6406,6,6,13,12,4
2024-05-26,Neurology,36,25,0.6944,4,4,8,8,3
2024-05-26,Obstetrics,40,27,0.675,4,4,8,7,4
2024-05-26,Oncology,38,30,0.7895,4,4,8,8,8
2024-05-26,Orthopedics,48,37,0.7708,5,5,10,10,2
2024-05-26,Urology,30,20,0.6667,3,3,6,6,6
2024-05-27,Cardiology,44,35,0.7955,4,4,9,9,3
2024-05-27,General Surgery,42,32,0.7619,4,4,9,9,7
2024-05-27,Internal Medicine,64,50,0.7812,6,6,13,13,10
2024-05-27,Neurology,36,25,0.6944,4,4,8,8,6
2024-05-27,Obstetrics,40,31,0.775,4,4,8,8,3
2024-05-27,Oncology,38,29,0.7632,4,4,8,8,3
2024-05-27,Orthopedics,48,33,0.6875,5,5,10,10,4
2024-05-27,Urology,30,23,0.7667,3,2,6,6,7
2024-05-28,Cardiology,44,32,0.7273,4,4,9,9,5
2024-05-28,General Surgery,42,34,0.8095,4,4,9,9,4
2024-05-28,Internal Medicine,64,47,0.7344,6,6,13,13,7
2024-05-28,Neurology,36,28,0.7778,4,4,8,8,10
2024-05-28,Obstetrics,40,30,0.75,4,3,8,8,7
2024-05-28,Oncology,38,29,0.7632,4,4,8,8,6
2024-05-28,Orthopedics,48,31,0.6458,5,5,10,10,1
2024-05-28,Urology,30,22,0.7333,3,3,6,6,8
2024-05-29,Cardiology,44,29,0.6591,4,4,9,9,2
2024-05-29,General Surgery,42,33,0.7857,4,4,9,9,11
2024-05-29,Internal Medicine,64,49,0.7656,6,6,13,13,9
2024-05-29,Neurology,36,30,0.8333,4,4,8,8,7
2024-05-29,Obstetrics,40,28,0.7,4,4,8,8,7
2024-05-29,Oncology,38,29,0.7632,4,4,8,7,5
2024-05-29,Orthopedics,48,34,0.7083,5,5,10,9,6
2024-05-29,Urology,30,20,0.6667,3,3,6,6,5
2024-05-30,Cardiology,44,35,0.7955,4,4,9,9,6
2024-05-30,General Surgery,42,33,0.7857,4,4,9,9,6
2024-05-30,Internal Medicine,64,51,0.7969,6,6,13,13,6
2024-05-30,Neurology,36,27,0.75,4,4,8,8,10
2024-05-30,Obstetrics,40,29,0.725,4,4,8,8,5
2024-05-30,Oncology,38,31,0.8158,4,4,8,8,5
2024-05-30,Orthopedics,48,38,0.7917,5,5,10,10,4
2024-05-30,Urology,30,22,0.7333,3,3,6,6,4
2024-05-31,Cardiology,44,30,0.6818,4,4,9,9,6
2024-05-31,General Surgery,42,32,0.7619,4,4,9,9,9
2024-05-31,Internal Medicine,64,49,0.7656,6,6,13,13,12
2024-05-31,Neurology,36,26,0.7222,4,4,8,8,10
2024-05-31,Obstetrics,40,27,0.675,4,4,8,8,8
2024-05-31,Oncology,38,32,0.8421,4,4,8,8,4
2024-05-31,Orthopedics,48,39,0.8125,5,5,10,9,4
2024-05-31,Urology,30,23,0.7667,3,3,6,6,2
2024-06-01,Cardiology,44,33,0.75,4,3,9,9,7
2024-06-01,General Surgery,42,32,0.7619,4,4,9,9,10
2024-06-01,Internal Medicine,64,41,0.6406,6,6,13,13,6
2024-06-01,Neurology,36,26,0.7222,4,4,8,7,7
2024-06-01,Obstetrics,40,27,0.675,4,4,8,8,4
2024-06-01,Oncology,38,30,0.7895,4,4,8,8,2
2024-06-01,Orthopedics,48,30,0.625,5,5,10,9,3
2024-06-01,Urology,30,20,0.6667,3,3,6,5,4
2024-06-02,Cardiology,44,31,0.7045,4,4,9,9,10
2024-06-02,General Surgery,42,33,0.7857,4,4,9,9,4
2024-06-02,Internal Medicine,64,52,0.8125,6,6,13,13,4
2024-06-02,Neurology,36,25,0.6944,4,4,8,7,8
2024-06-02,Obstetrics,40,30,0.75,4,4,8,7,4
2024-06-02,Oncology,38,25,0.6579,4,4,8,8,6
2024-06-02,Orthopedics,48,31,0.6458,5,5,10,10,3
2024-06-02,Urology,30,22,0.7333,3,3,6,6,7
2024-06-03,Cardiology,44,34,0.7727,4,4,9,9,4
2024-06-03,General Surgery,42,36,0.8571,4,4,9,9,7
2024-06-03,Internal Medicine,64,48,0.75,6,6,13,13,6
2024-06-03,Neurology,36,27,0.75,4,4,8,8,2
2024-06-03,Obstetrics,40,26,0.65,4,4,8,8,10
2024-06-03,Oncology,38,27,0.7105,4,4,8,8,1
2024-06-03,Orthopedics,48,39,0.8125,5,4,10,10,4
2024-06-03,Urology,30,21,0.7,3,2,6,6,2
2024-06-04,Cardiology,44,35,0.7955,4,4,9,9,7
2024-06-04,General Surgery,42,32,0.7619,4,4,9,9,6
2024-06-04,Internal Medicine,64,50,0.7812,6,6,13,13,6
2024-06-04,Neurology,36,27,0.75,4,4,8,7,7
2024-06-04,Obstetrics,40,30,0.75,4,4,8,8,0
2024-06-04,Oncology,38,31,0.8158,4,4,8,8,5
2024-06-04,Orthopedics,48,33,0.6875,5,5,10,10,4
2024-06-04,Urology,30,20,0.6667,3,3,6,6,4
2024-06-05,Cardiology,44,29,0.6591,4,4,9,9,3
2024-06-05,General Surgery,42,30,0.7143,4,4,9,9,5
2024-06-05,Internal Medicine,64,49,0.7656,6,6,13,13,9
2024-06-05,Neurology,36,25,0.6944,4,4,8,8,7
2024-06-05,Obstetrics,40,29,0.725,4,4,8,8,2
2024-06-05,Oncology,38,29,0.7632,4,4,8,8,10
2024-06-05,Orthopedics,48,38,0.7917,5,4,10,10,6
2024-06-05,Urology,30,21,0.7,3,3,6,6,3
2024-06-06,Cardiology,44,34,0.7727,4,4,9,9,7
2024-06-06,General Surgery,42,33,0.7857,4,4,9,9,6
2024-06-06,Internal Medicine,64,51,0.7969,6,6,13,12,3
2024-06-06,Neurology,36,27,0.75,4,4,8,8,4
2024-06-06,Obstetrics,40,29,0.725,4,4,8,8,6
2024-06-06,Oncology,38,29,0.7632,4,4,8,8,8
2024-06-06,Orthopedics,48,40,0.8333,5,5,10,10,3
2024-06-06,Urology,30,22,0.7333,3,3,6,6,4
2024-06-07,Cardiology,44,32,0.7273,4,4,9,9,3
2024-06-07,General Surgery,42,31,0.7381,4,4,9,8,8
2024-06-07,Internal Medicine,64,49,0.7656,6,6,13,13,10
2024-06-07,Neurology,36,29,0.8056,4,4,8,8,12
2024-06-07,Obstetrics,40,25,0.625,4,4,8,7,5
2024-06-07,Oncology,38,30,0.7895,4,4,8,8,8
2024-06-07,Orthopedics,48,37,0.7708,5,5,10,10,2
2024-06-07,Urology,30,20,0.6667,3,3,6,6,7
2024-06-08,Cardiology,44,33,0.75,4,4,9,8,9
2024-06-08,General Surgery,42,28,0.6667,4,4,9,9,6
2024-06-08,Internal Medicine,64,50,0.7812,6,6,13,13,8
2024-06-08,Neurology,36,25,0.6944,4,4,8,8,7
2024-06-08,Obstetrics,40,27,0.675,4,4,8,8,8
2024-06-08,Oncology,38,29,0.7632,4,4,8,8,8
2024-06-08,Orthopedics,48,32,0.6667,5,5,10,9,3
2024-06-08,Urology,30,21,0.7,3,3,6,6,5
2024-06-09,Cardiology,44,29,0.6591,4,4,9,9,4
2024-06-09,General Surgery,42,28,0.6667,4,4,9,9,5
2024-06-09,Internal Medicine,64,47,0.7344,6,5,13,13,4
2024-06-09,Neurology,36,30,0.8333,4,4,8,8,7
2024-06-09,Obstetrics,40,24,0.6,4,4,8,8,10
2024-06-09,Oncology,38,29,0.7632,4,4,8,8,8
2024-06-09,Orthopedics,48,35,0.7292,5,5,10,10,3
2024-06-09,Urology,30,23,0.7667,3,2,6,6,5
2024-06-10,Cardiology,44,34,0.7727,4,4,9,9,2
2024-06-10,General Surgery,42,32,0.7619,4,4,9,9,7
2024-06-10,Internal Medicine,64,51,0.7969,6,6,13,13,5
2024-06-10,Neurology,36,24,0.6667,4,4,8,7,8
2024-06-10,Obstetrics,40,27,0.675,4,4,8,8,2
2024-06-10,Oncology,38,30,0.7895,4,4,8,8,4
2024-06-10,Orthopedics,48,34,0.7083,5,5,10,10,3
2024-06-10,Urology,30,23,0.7667,3,3,6,6,6
2024-06-11,Cardiology,44,31,0.7045,4,4,9,9,7
2024-06-11,General Surgery,42,33,0.7857,4,4,9,8,6
2024-06-11,Internal Medicine,64,48,0.75,6,6,13,13,8
2024-06-11,Neurology,36,28,0.7778,4,4,8,8,7
2024-06-11,Obstetrics,40,28,0.7,4,4,8,8,5
2024-06-11,Oncology,38,27,0.7105,4,4,8,8,3
2024-06-11,Orthopedics,48,38,0.7917,5,4,10,10,2
2024-06-11,Urology,30,25,0.8333,3,3,6,6,4
2024-06-12,Cardiology,44,32,0.7273,4,3,9,8,9
2024-06-12,General Surgery,42,33,0.7857,4,4,9,8,6
2024-06-12,Internal Medicine,64,50,0.7812,6,6,13,13,6
2024-06-12,Neurology,36,26,0.7222,4,4,8,8,6
2024-06-12,Obstetrics,40,26,0.65,4,4,8,8,5
2024-06-12,Oncology,38,28,0.7368,4,4,8,8,6
2024-06-12,Orthopedics,48,33,0.6875,5,5,10,10,0
2024-06-12,Urology,30,23,0.7667,3,3,6,6,3
2024-06-13,Cardiology,44,32,0.7273,4,4,9,9,7
2024-06-13,General Surgery,42,33,0.7857,4,4,9,9,9
2024-06-13,Internal Medicine,64,48,0.75,6,6,13,13,9
2024-06-13,Neurology,36,25,0.6944,4,4,8,8,11
2024-06-13,Obstetrics,40,26,0.65,4,4,8,8,8
2024-06-13,Oncology,38,28,0.7368,4,4,8,8,3
2024-06-13,Orthopedics,48,34,0.7083,5,5,10,10,5
2024-06-13,Urology,30,23,0.7667,3,3,6,6,2
2024-06-14,Cardiology,44,30,0.6818,4,3,9,9,5
2024-06-14,General Surgery,42,29,0.6905,4,4,9,9,5
2024-06-14,Internal Medicine,64,49,0.7656,6,6,13,12,5
2024-06-14,Neurology,36,27,0.75,4,4,8,8,4
2024-06-14,Obstetrics,40,26,0.65,4,4,8,8,6
2024-06-14,Oncology,38,30,0.7895,4,4,8,7,6
2024-06-14,Orthopedics,48,36,0.75,5,5,10,10,7
2024-06-14,Urology,30,23,0.7667,3,3,6,5,5
2024-06-15,Cardiology,44,29,0.6591,4,4,9,9,12
2024-06-15,General Surgery,42,28,0.6667,4,3,9,9,8
2024-06-15,Internal Medicine,64,51,0.7969,6,6,13,13,2
2024-06-15,Neurology,36,23,0.6389,4,4,8,7,10
2024-06-15,Obstetrics,40,26,0.65,4,4,8,7,8
2024-06-15,Oncology,38,26,0.6842,4,4,8,8,7
2024-06-15,Orthopedics,48,33,0.6875,5,5,10,10,3
2024-06-15,Urology,30,22,0.7333,3,3,6,6,2
2024-06-16,Cardiology,44,34,0.7727,4,4,9,9,4
2024-06-16,General Surgery,42,30,0.7143,4,4,9,9,3
2024-06-16,Internal Medicine,64,44,0.6875,6,6,13,13,7
2024-06-16,Neurology,36,24,0.6667,4,4,8,8,2
2024-06-16,Obstetrics,40,26,0.65,4,4,8,8,4
2024-06-16,Oncology,38,28,0.7368,4,4,8,7,9
2024-06-16,Orthopedics,48,33,0.6875,5,5,10,10,8
2024-06-16,Urology,30,19,0.6333,3,3,6,6,6
2024-06-17,Cardiology,44,33,0.75,4,4,9,9,6
2024-06-17,General Surgery,42,33,0.7857,4,4,9,9,8
2024-06-17,Internal Medicine,64,54,0.8438,6,6,13,13,10
2024-06-17,Neurology,36,27,0.75,4,4,8,8,7
2024-06-17,Obstetrics,40,27,0.675,4,4,8,8,1
2024-06-17,Oncology,38,32,0.8421,4,4,8,8,4
2024-06-17,Orthopedics,48,34,0.7083,5,5,10,10,0
2024-06-17,Urology,30,21,0.7,3,3,6,6,6
2024-06-18,Cardiology,44,35,0.7955,4,4,9,8,9
2024-06-18,General Surgery,42,32,0.7619,4,4,9,9,2
2024-06-18,Internal Medicine,64,52,0.8125,6,6,13,12,8
2024-06-18,Neurology,36,27,0.75,4,4,8,8,7
2024-06-18,Obstetrics,40,25,0.625,4,4,8,8,6
2024-06-18,Oncology,38,31,0.8158,4,4,8,8,6
2024-06-18,Orthopedics,48,34,0.7083,5,5,10,10,5
2024-06-18,Urology,30,21,0.7,3,3,6,6,1
2024-06-19,Cardiology,44,31,0.7045,4,4,9,9,6
2024-06-19,General Surgery,42,34,0.8095,4,4,9,9,4
2024-06-19,Internal Medicine,64,53,0.8281,6,6,13,13,5
2024-06-19,Neurology,36,28,0.7778,4,4,8,8,5
2024-06-19,Obstetrics,40,27,0.675,4,4,8,8,5
2024-06-19,Oncology,38,27,0.7105,4,3,8,8,5
2024-06-19,Orthopedics,48,34,0.7083,5,5,10,9,9
2024-06-19,Urology,30,22,0.7333,3,3,6,6,8
2024-06-20,Cardiology,44,32,0.7273,4,3,9,9,11
2024-06-20,General Surgery,42,34,0.8095,4,4,9,9,7
2024-06-20,Internal Medicine,64,49,0.7656,6,6,13,13,5
2024-06-20,Neurology,36,28,0.7778,4,4,8,8,10
2024-06-20,Obstetrics,40,25,0.625,4,4,8,8,4
2024-06-20,Oncology,38,31,0.8158,4,4,8,8,7
2024-06-20,Orthopedics,48,34,0.7083,5,5,10,9,2
2024-06-20,Urology,30,21,0.7,3,2,6,6,5
2024-06-21,Cardiology,44,31,0.7045,4,4,9,9,5
2024-06-21,General Surgery,42,29,0.6905,4,4,9,9,5
2024-06-21,Internal Medicine,64,50,0.7812,6,6,13,13,8
2024-06-21,Neurology,36,28,0.7778,4,4,8,8,5
2024-06-21,Obstetrics,40,27,0.675,4,4,8,8,2
2024-06-21,Oncology,38,31,0.8158,4,4,8,8,8
2024-06-21,Orthopedics,48,35,0.7292,5,5,10,10,14
2024-06-21,Urology,30,20,0.6667,3,3,6,6,1
2024-06-22,Cardiology,44,33,0.75,4,4,9,9,4
2024-06-22,General Surgery,42,29,0.6905,4,4,9,9,6
2024-06-22,Internal Medicine,64,47,0.7344,6,6,13,13,12
2024-06-22,Neurology,36,22,0.6111,4,4,8,7,1
2024-06-22,Obstetrics,40,25,0.625,4,4,8,8,5
2024-06-22,Oncology,38,29,0.7632,4,4,8,8,4
2024-06-22,Orthopedics,48,31,0.6458,5,5,10,10,6
2024-06-22,Urology,30,20,0.6667,3,3,6,6,2
2024-06-23,Cardiology,44,26,0.5909,4,4,9,9,1
2024-06-23,General Surgery,42,30,0.7143,4,4,9,9,8
2024-06-23,Internal Medicine,64,44,0.6875,6,6,13,12,11
2024-06-23,Neurology,36,26,0.7222,4,4,8,8,3
2024-06-23,Obstetrics,40,24,0.6,4,3,8,8,5
2024-06-23,Oncology,38,30,0.7895,4,4,8,7,2
2024-06-23,Orthopedics,48,34,0.7083,5,5,10,10,6
2024-06-23,Urology,30,20,0.6667,3,3,6,6,5
2024-06-24,Cardiology,44,32,0.7273,4,4,9,9,6
2024-06-24,General Surgery,42,31,0.7381,4,4,9,8,5
2024-06-24,Internal Medicine,64,45,0.7031,6,6,13,13,6
2024-06-24,Neurology,36,24,0.6667,4,4,8,8,6
2024-06-24,Obstetrics,40,24,0.6,4,4,8,8,6
2024-06-24,Oncology,38,30,0.7895,4,3,8,8,7
2024-06-24,Orthopedics,48,33,0.6875,5,5,10,10,9
2024-06-24,Urology,30,22,0.7333,3,3,6,6,4
2024-06-25,Cardiology,44,31,0.7045,4,4,9,9,4
2024-06-25,General Surgery,42,36,0.8571,4,4,9,9,9
2024-06-25,Internal Medicine,64,47,0.7344,6,6,13,13,6
2024-06-25,Neurology,36,27,0.75,4,4,8,8,6
2024-06-25,Obstetrics,40,28,0.7,4,4,8,8,5
2024-06-25,Oncology,38,31,0.8158,4,4,8,8,1
2024-06-25,Orthopedics,48,35,0.7292,5,4,10,10,2
2024-06-25,Urology,30,20,0.6667,3,3,6,6,7
2024-06-26,Cardiology,44,29,0.6591,4,4,9,9,6
2024-06-26,General Surgery,42,29,0.6905,4,4,9,9,6
2024-06-26,Internal Medicine,64,47,0.7344,6,6,13,13,5
2024-06-26,Neurology,36,30,0.8333,4,4,8,8,8
2024-06-26,Obstetrics,40,28,0.7,4,4,8,8,5
2024-06-26,Oncology,38,32,0.8421,4,4,8,8,1
2024-06-26,Orthopedics,48,34,0.7083,5,5,10,10,7
2024-06-26,Urology,30,23,0.7667,3,2,6,6,5
2024-06-27,Cardiology,44,29,0.6591,4,4,9,9,7
2024-06-27,General Surgery,42,31,0.7381,4,4,9,9,5
2024-06-27,Internal Medicine,64,52,0.8125,6,6,13,13,12
2024-06-27,Neurology,36,26,0.7222,4,4,8,8,12
2024-06-27,Obstetrics,40,26,0.65,4,4,8,8,4
2024-06-27,Oncology,38,29,0.7632,4,4,8,8,5
2024-06-27,Orthopedics,48,37,0.7708,5,5,10,10,2
2024-06-27,Urology,30,23,0.7667,3,3,6,6,1
2024-06-28,Cardiology,44,31,0.7045,4,4,9,9,8
2024-06-28,General Surgery,42,29,0.6905,4,4,9,9,10
2024-06-28,Internal Medicine,64,46,0.7188,6,6,13,13,5
2024-06-28,Neurology,36,27,0.75,4,4,8,8,7
2024-06-28,Obstetrics,40,26,0.65,4,4,8,8,5
2024-06-28,Oncology,38,30,0.7895,4,4,8,8,2
2024-06-28,Orthopedics,48,33,0.6875,5,5,10,10,6
2024-06-28,Urology,30,23,0.7667,3,3,6,6,5
2024-06-29,Cardiology,44,30,0.6818,4,4,9,9,7
2024-06-29,General Surgery,42,31,0.7381,4,3,9,9,3
2024-06-29,Internal Medicine,64,49,0.7656,6,6,13,13,9
2024-06-29,Neurology,36,25,0.6944,4,4,8,8,5
2024-06-29,Obstetrics,40,27,0.675,4,4,8,7,3
2024-06-29,Oncology,38,29,0.7632,4,4,8,8,8
2024-06-29,Orthopedics,48,31,0.6458,5,5,10,10,5
2024-06-29,Urology,30,20,0.6667,3,3,6,6,5
2024-06-30,Cardiology,44,28,0.6364,4,4,9,9,2
2024-06-30,General Surgery,42,30,0.7143,4,4,9,9,10
2024-06-30,Internal Medicine,64,46,0.7188,6,6,13,13,9
2024-06-30,Neurology,36,26,0.7222,4,4,8,7,7
2024-06-30,Obstetrics,40,27,0.675,4,4,8,8,9
2024-06-30,Oncology,38,29,0.7632,4,4,8,8,5
2024-06-30,Orthopedics,48,34,0.7083,5,5,10,10,8
2024-06-30,Urology,30,20,0.6667,3,3,6,5,6
2024-07-01,Cardiology,44,31,0.7045,4,4,9,9,7
2024-07-01,General Surgery,42,29,0.6905,4,4,9,8,1
2024-07-01,Internal Medicine,64,52,0.8125,6,6,13,13,12
2024-07-01,Neurology,36,27,0.75,4,3,8,8,7
2024-07-01,Obstetrics,40,27,0.675,4,4,8,8,6
2024-07-01,Oncology,38,28,0.7368,4,4,8,8,5
2024-07-01,Orthopedics,48,31,0.6458,5,5,10,9,1
2024-07-01,Urology,30,20,0.6667,3,3,6,6,3
2024-07-02,Cardiology,44,31,0.7045,4,4,9,8,4
2024-07-02,General Surgery,42,29,0.6905,4,3,9,9,9
2024-07-02,Internal Medicine,64,45,0.7031,6,6,13,13,9
2024-07-02,Neurology,36,25,0.6944,4,4,8,8,6
2024-07-02,Obstetrics,40,28,0.7,4,4,8,8,5
2024-07-02,Oncology,38,31,0.8158,4,4,8,8,6
2024-07-02,Orthopedics,48,35,0.7292,5,5,10,10,4
2024-07-02,Urology,30,21,0.7,3,3,6,6,3
2024-07-03,Cardiology,44,28,0.6364,4,4,9,9,5
2024-07-03,General Surgery,42,30,0.7143,4,3,9,9,2
2024-07-03,Internal Medicine,64,49,0.7656,6,5,13,13,8
2024-07-03,Neurology,36,25,0.6944,4,4,8,8,7
2024-07-03,Obstetrics,40,29,0.725,4,4,8,7,2
2024-07-03,Oncology,38,31,0.8158,4,4,8,8,8
2024-07-03,Orthopedics,48,32,0.6667,5,4,10,10,2
2024-07-03,Urology,30,20,0.6667,3,3,6,6,4
2024-07-04,Cardiology,44,33,0.75,4,4,9,8,3
2024-07-04,General Surgery,42,31,0.7381,4,4,9,9,8
2024-07-04,Internal Medicine,64,49,0.7656,6,6,13,13,9
2024-07-04,Neurology,36,26,0.7222,4,4,8,8,9
2024-07-04,Obstetrics,40,28,0.7,4,4,8,8,6
2024-07-04,Oncology,38,29,0.7632,4,4,8,8,5
2024-07-04,Orthopedics,48,35,0.7292,5,5,10,9,4
2024-07-04,Urology,30,22,0.7333,3,3,6,6,1
2024-07-05,Cardiology,44,31,0.7045,4,4,9,9,11
2024-07-05,General Surgery,42,30,0.7143,4,4,9,9,8
2024-07-05,Internal Medicine,64,50,0.7812,6,6,13,13,3
2024-07-05,Neurology,36,25,0.6944,4,4,8,8,4
2024-07-05,Obstetrics,40,25,0.625,4,4,8,8,2
2024-07-05,Oncology,38,30,0.7895,4,4,8,7,3
2024-07-05,Orthopedics,48,32,0.6667,5,5,10,10,8
2024-07-05,Urology,30,20,0.6667,3,3,6,6,3
2024-07-06,Cardiology,44,32,0.7273,4,4,9,8,12
2024-07-06,General Surgery,42,31,0.7381,4,4,9,9,6
2024-07-06,Internal Medicine,64,44,0.6875,6,6,13,13,11
2024-07-06,Neurology,36,26,0.7222,4,4,8,7,7
2024-07-06,Obstetrics,40,25,0.625,4,4,8,8,4
2024-07-06,Oncology,38,30,0.7895,4,4,8,8,9
2024-07-06,Orthopedics,48,28,0.5833,5,5,10,9,4
2024-07-06,Urology,30,22,0.7333,3,2,6,6,7
2024-07-07,Cardiology,44,29,0.6591,4,4,9,9,4
2024-07-07,General Surgery,42,28,0.6667,4,4,9,8,4
2024-07-07,Internal Medicine,64,44,0.6875,6,6,13,13,3
2024-07-07,Neurology,36,26,0.7222,4,4,8,8,3
2024-07-07,Obstetrics,40,28,0.7,4,4,8,8,3
2024-07-07,Oncology,38,28,0.7368,4,4,8,8,9
2024-07-07,Orthopedics,48,32,0.6667,5,5,10,9,4
2024-07-07,Urology,30,19,0.6333,3,3,6,6,6
2024-07-08,Cardiology,44,31,0.7045,4,4,9,8,4
2024-07-08,General Surgery,42,35,0.8333,4,4,9,9,6
2024-07-08,Internal Medicine,64,50,0.7812,6,6,13,13,5
2024-07-08,Neurology,36,27,0.75,4,4,8,8,5
2024-07-08,Obstetrics,40,27,0.675,4,4,8,8,6
2024-07-08,Oncology,38,31,0.8158,4,4,8,8,7
2024-07-08,Orthopedics,48,31,0.6458,5,5,10,10,6
2024-07-08,Urology,30,21,0.7,3,3,6,6,6
2024-07-09,Cardiology,44,31,0.7045,4,4,9,9,4
2024-07-09,General Surgery,42,34,0.8095,4,4,9,9,9
2024-07-09,Internal Medicine,64,49,0.7656,6,6,13,13,6
2024-07-09,Neurology,36,27,0.75,4,4,8,8,5
2024-07-09,Obstetrics,40,30,0.75,4,4,8,8,5
2024-07-09,Oncology,38,29,0.7632,4,4,8,8,3
2024-07-09,Orthopedics,48,35,0.7292,5,5,10,10,9
2024-07-09,Urology,30,23,0.7667,3,3,6,5,5
2024-07-10,Cardiology,44,34,0.7727,4,4,9,9,6
2024-07-10,General Surgery,42,31,0.7381,4,4,9,9,8
2024-07-10,Internal Medicine,64,47,0.7344,6,6,13,12,6
2024-07-10,Neurology,36,28,0.7778,4,4,8,7,6
2024-07-10,Obstetrics,40,29,0.725,4,4,8,8,6
2024-07-10,Oncology,38,31,0.8158,4,4,8,8,11
2024-07-10,Orthopedics,48,32,0.6667,5,4,10,10,2
2024-07-10,Urology,30,20,0.6667,3,3,6,6,5
2024-07-11,Cardiology,44,34,0.7727,4,4,9,9,10
2024-07-11,General Surgery,42,31,0.7381,4,4,9,9,5
2024-07-11,Internal Medicine,64,49,0.7656,6,6,13,13,7
2024-07-11,Neurology,36,26,0.7222,4,4,8,8,8
2024-07-11,Obstetrics,40,26,0.65,4,4,8,8,4
2024-07-11,Oncology,38,30,0.7895,4,4,8,8,8
2024-07-11,Orthopedics,48,31,0.6458,5,5,10,10,9
2024-07-11,Urology,30,25,0.8333,3,3,6,6,6
2024-07-12,Cardiology,44,32,0.7273,4,4,9,9,6
2024-07-12,General Surgery,42,31,0.7381,4,4,9,8,8
2024-07-12,Internal Medicine,64,50,0.7812,6,6,13,13,7
2024-07-12,Neurology,36,29,0.8056,4,3,8,7,6
2024-07-12,Obstetrics,40,27,0.675,4,3,8,8,1
2024-07-12,Oncology,38,29,0.7632,4,4,8,8,9
2024-07-12,Orthopedics,48,38,0.7917,5,5,10,10,5
2024-07-12,Urology,30,21,0.7,3,3,6,6,3
2024-07-13,Cardiology,44,29,0.6591,4,4,9,9,5
2024-07-13,General Surgery,42,28,0.6667,4,4,9,9,8
2024-07-13,Internal Medicine,64,47,0.7344,6,6,13,13,8
2024-07-13,Neurology,36,25,0.6944,4,4,8,8,6
2024-07-13,Obstetrics,40,28,0.7,4,4,8,8,8
2024-07-13,Oncology,38,29,0.7632,4,4,8,8,7
2024-07-13,Orthopedics,48,34,0.7083,5,5,10,10,4
2024-07-13,Urology,30,20,0.6667,3,3,6,6,2
2024-07-14,Cardiology,44,31,0.7045,4,4,9,9,9
2024-07-14,General Surgery,42,31,0.7381,4,4,9,9,5
2024-07-14,Internal Medicine,64,45,0.7031,6,6,13,13,5
2024-07-14,Neurology,36,24,0.6667,4,4,8,7,3
2024-07-14,Obstetrics,40,27,0.675,4,4,8,8,2
2024-07-14,Oncology,38,27,0.7105,4,4,8,8,4
2024-07-14,Orthopedics,48,31,0.6458,5,5,10,10,3
2024-07-14,Urology,30,19,0.6333,3,3,6,6,5
2024-07-15,Cardiology,44,34,0.7727,4,4,9,9,8
2024-07-15,General Surgery,42,34,0.8095,4,4,9,9,5
2024-07-15,Internal Medicine,64,49,0.7656,6,6,13,13,8
2024-07-15,Neurology,36,27,0.75,4,4,8,8,8
2024-07-15,Obstetrics,40,25,0.625,4,4,8,7,4
2024-07-15,Oncology,38,34,0.8947,4,4,8,8,7
2024-07-15,Orthopedics,48,34,0.7083,5,5,10,10,0
2024-07-15,Urology,30,22,0.7333,3,3,6,6,3
2024-07-16,Cardiology,44,34,0.7727,4,4,9,9,4
2024-07-16,General Surgery,42,33,0.7857,4,4,9,9,4
2024-07-16,Internal Medicine,64,54,0.8438,6,6,13,13,9
2024-07-16,Neurology,36,24,0.6667,4,4,8,7,6
2024-07-16,Obstetrics,40,26,0.65,4,4,8,8,6
2024-07-16,Oncology,38,30,0.7895,4,4,8,7,6
2024-07-16,Orthopedics,48,33,0.6875,5,5,10,10,9
2024-07-16,Urology,30,21,0.7,3,3,6,5,4
2024-07-17,Cardiology,44,30,0.6818,4,4,9,9,9
2024-07-17,General Surgery,42,35,0.8333,4,4,9,9,4
2024-07-17,Internal Medicine,64,53,0.8281,6,6,13,13,3
2024-07-17,Neurology,36,27,0.75,4,4,8,8,8
2024-07-17,Obstetrics,40,28,0.7,4,4,8,8,5
2024-07-17,Oncology,38,29,0.7632,4,4,8,8,8
2024-07-17,Orthopedics,48,36,0.75,5,5,10,10,6
2024-07-17,Urology,30,18,0.6,3,3,6,6,2
2024-07-18,Cardiology,44,32,0.7273,4,3,9,9,8
2024-07-18,General Surgery,42,33,0.7857,4,4,9,9,5
2024-07-18,Internal Medicine,64,46,0.7188,6,6,13,13,3
2024-07-18,Neurology,36,26,0.7222,4,3,8,8,2
2024-07-18,Obstetrics,40,26,0.65,4,4,8,8,5
2024-07-18,Oncology,38,30,0.7895,4,4,8,8,6
2024-07-18,Orthopedics,48,32,0.6667,5,5,10,9,3
2024-07-18,Urology,30,22,0.7333,3,3,6,6,4
2024-07-19,Cardiology,44,34,0.7727,4,4,9,9,7
2024-07-19,General Surgery,42,32,0.7619,4,4,9,9,8
2024-07-19,Internal Medicine,64,47,0.7344,6,6,13,13,2
2024-07-19,Neurology,36,26,0.7222,4,4,8,7,7
2024-07-19,Obstetrics,40,26,0.65,4,4,8,8,6
2024-07-19,Oncology,38,28,0.7368,4,4,8,8,5
2024-07-19,Orthopedics,48,34,0.7083,5,5,10,10,5
2024-07-19,Urology,30,23,0.7667,3,3,6,6,5
2024-07-20,Cardiology,44,33,0.75,4,4,9,9,11
2024-07-20,General Surgery,42,29,0.6905,4,4,9,9,6
2024-07-20,Internal Medicine,64,43,0.6719,6,6,13,13,4
2024-07-20,Neurology,36,26,0.7222,4,4,8,8,8
2024-07-20,Obstetrics,40,26,0.65,4,4,8,8,5
2024-07-20,Oncology,38,30,0.7895,4,4,8,8,5
2024-07-20,Orthopedics,48,33,0.6875,5,5,10,10,6
2024-07-20,Urology,30,21,0.7,3,3,6,6,2
2024-07-21,Cardiology,44,31,0.7045,4,4,9,9,8
2024-07-21,General Surgery,42,30,0.7143,4,4,9,9,8
2024-07-21,Internal Medicine,64,48,0.75,6,6,13,13,8
2024-07-21,Neurology,36,26,0.7222,4,4,8,8,8
2024-07-21,Obstetrics,40,26,0.65,4,4,8,8,3
2024-07-21,Oncology,38,32,0.8421,4,4,8,8,5
2024-07-21,Orthopedics,48,35,0.7292,5,5,10,10,4
2024-07-21,Urology,30,20,0.6667,3,2,6,6,4
2024-07-22,Cardiology,44,32,0.7273,4,4,9,9,9
2024-07-22,General Surgery,42,31,0.7381,4,4,9,9,11
2024-07-22,Internal Medicine,64,49,0.7656,6,5,13,13,7
2024-07-22,Neurology,36,25,0.6944,4,4,8,8,5
2024-07-22,Obstetrics,40,27,0.675,4,4,8,8,6
2024-07-22,Oncology,38,30,0.7895,4,4,8,8,10
2024-07-22,Orthopedics,48,36,0.75,5,5,10,10,9
2024-07-22,Urology,30,23,0.7667,3,3,6,6,5
2024-07-23,Cardiology,44,30,0.6818,4,4,9,9,1
2024-07-23,General Surgery,42,33,0.7857,4,4,9,9,14
2024-07-23,Internal Medicine,64,52,0.8125,6,6,13,13,3
2024-07-23,Neurology,36,27,0.75,4,4,8,8,9
2024-07-23,Obstetrics,40,23,0.575,4,4,8,8,4
2024-07-23,Oncology,38,32,0.8421,4,4,8,7,5
2024-07-23,Orthopedics,48,32,0.6667,5,5,10,10,3
2024-07-23,Urology,30,20,0.6667,3,3,6,6,6
2024-07-24,Cardiology,44,34,0.7727,4,4,9,9,6
2024-07-24,General Surgery,42,32,0.7619,4,4,9,8,6
2024-07-24,Internal Medicine,64,45,0.7031,6,6,13,13,5
2024-07-24,Neurology,36,27,0.75,4,3,8,8,5
2024-07-24,Obstetrics,40,29,0.725,4,3,8,8,3
2024-07-24,Oncology,38,29,0.7632,4,4,8,8,2
2024-07-24,Orthopedics,48,31,0.6458,5,5,10,10,1
2024-07-24,Urology,30,22,0.7333,3,3,6,6,9
2024-07-25,Cardiology,44,32,0.7273,4,4,9,9,6
2024-07-25,General Surgery,42,32,0.7619,4,4,9,9,6
2024-07-25,Internal Medicine,64,48,0.75,6,6,13,13,10
2024-07-25,Neurology,36,29,0.8056,4,4,8,8,4
2024-07-25,Obstetrics,40,26,0.65,4,4,8,8,6
2024-07-25,Oncology,38,29,0.7632,4,4,8,8,7
2024-07-25,Orthopedics,48,31,0.6458,5,5,10,10,5
2024-07-25,Urology,30,23,0.7667,3,3,6,6,8
2024-07-26,Cardiology,44,30,0.6818,4,4,9,9,6
2024-07-26,General Surgery,42,31,0.7381,4,4,9,9,7
2024-07-26,Internal Medicine,64,48,0.75,6,6,13,13,11
2024-07-26,Neurology,36,26,0.7222,4,4,8,8,4
2024-07-26,Obstetrics,40,28,0.7,4,4,8,8,4
2024-07-26,Oncology,38,29,0.7632,4,4,8,8,7
2024-07-26,Orthopedics,48,33,0.6875,5,5,10,10,8
2024-07-26,Urology,30,20,0.6667,3,3,6,6,3
2024-07-27,Cardiology,44,28,0.6364,4,4,9,9,5
2024-07-27,General Surgery,42,28,0.6667,4,4,9,9,7
2024-07-27,Internal Medicine,64,49,0.7656,6,5,13,12,11
2024-07-27,Neurology,36,25,0.6944,4,4,8,8,4
2024-07-27,Obstetrics,40,26,0.65,4,4,8,8,3
2024-07-27,Oncology,38,31,0.8158,4,4,8,8,5
2024-07-27,Orthopedics,48,33,0.6875,5,5,10,10,7
2024-07-27,Urology,30,19,0.6333,3,3,6,6,3
2024-07-28,Cardiology,44,29,0.6591,4,4,9,9,6
2024-07-28,General Surgery,42,33,0.7857,4,4,9,9,11
2024-07-28,Internal Medicine,64,45,0.7031,6,6,13,13,12
2024-07-28,Neurology,36,23,0.6389,4,4,8,8,13
2024-07-28,Obstetrics,40,26,0.65,4,3,8,8,1
2024-07-28,Oncology,38,27,0.7105,4,4,8,8,8
2024-07-28,Orthopedics,48,33,0.6875,5,5,10,9,4
2024-07-28,Urology,30,20,0.6667,3,3,6,6,1
2024-07-29,Cardiology,44,35,0.7955,4,4,9,9,8
2024-07-29,General Surgery,42,31,0.7381,4,4,9,9,5
2024-07-29,Internal Medicine,64,49,0.7656,6,6,13,13,3
2024-07-29,Neurology,36,25,0.6944,4,3,8,8,9
2024-07-29,Obstetrics,40,26,0.65,4,4,8,8,4
2024-07-29,Oncology,38,31,0.8158,4,4,8,7,5
2024-07-29,Orthopedics,48,36,0.75,5,5,10,9,2
2024-07-29,Urology,30,23,0.7667,3,3,6,5,8
2024-07-30,Cardiology,44,33,0.75,4,3,9,9,3
2024-07-30,General Surgery,42,33,0.7857,4,4,9,9,7
2024-07-30,Internal Medicine,64,48,0.75,6,6,13,13,7
2024-07-30,Neurology,36,26,0.7222,4,4,8,8,7
2024-07-30,Obstetrics,40,26,0.65,4,4,8,8,5
2024-07-30,Oncology,38,32,0.8421,4,4,8,8,7
2024-07-30,Orthopedics,48,40,0.8333,5,5,10,10,3
2024-07-30,Urology,30,22,0.7333,3,3,6,6,5
2024-07-31,Cardiology,44,30,0.6818,4,4,9,9,4
2024-07-31,General Surgery,42,31,0.7381,4,4,9,8,8
2024-07-31,Internal Medicine,64,45,0.7031,6,6,13,13,6
2024-07-31,Neurology,36,25,0.6944,4,4,8,7,6
2024-07-31,Obstetrics,40,28,0.7,4,4,8,8,3
2024-07-31,Oncology,38,31,0.8158,4,3,8,8,8
2024-07-31,Orthopedics,48,33,0.6875,5,5,10,10,5
2024-07-31,Urology,30,19,0.6333,3,3,6,6,8
2024-08-01,Cardiology,44,32,0.7273,4,4,9,9,4
2024-08-01,General Surgery,42,32,0.7619,4,4,9,9,6
2024-08-01,Internal Medicine,64,50,0.7812,6,6,13,12,5
2024-08-01,Neurology,36,27,0.75,4,4,8,8,4
2024-08-01,Obstetrics,40,29,0.725,4,4,8,8,5
2024-08-01,Oncology,38,28,0.7368,4,3,8,8,9
2024-08-01,Orthopedics,48,36,0.75,5,5,10,10,9
2024-08-01,Urology,30,22,0.7333,3,3,6,6,7
2024-08-02,Cardiology,44,33,0.75,4,4,9,9,5
2024-08-02,General Surgery,42,34,0.8095,4,4,9,9,4
2024-08-02,Internal Medicine,64,46,0.7188,6,6,13,13,10
2024-08-02,Neurology,36,30,0.8333,4,4,8,7,16
2024-08-02,Obstetrics,40,29,0.725,4,4,8,8,5
2024-08-02,Oncology,38,30,0.7895,4,4,8,8,3
2024-08-02,Orthopedics,48,35,0.7292,5,5,10,10,3
2024-08-02,Urology,30,21,0.7,3,3,6,6,1
2024-08-03,Cardiology,44,31,0.7045,4,4,9,8,9
2024-08-03,General Surgery,42,26,0.619,4,4,9,9,6
2024-08-03,Internal Medicine,64,42,0.6562,6,6,13,13,6
2024-08-03,Neurology,36,23,0.6389,4,4,8,8,4
2024-08-03,Obstetrics,40,26,0.65,4,4,8,8,4
2024-08-03,Oncology,38,30,0.7895,4,4,8,7,6
2024-08-03,Orthopedics,48,32,0.6667,5,4,10,9,3
2024-08-03,Urology,30,20,0.6667,3,3,6,6,8
2024-08-04,Cardiology,44,32,0.7273,4,4,9,9,8
2024-08-04,General Surgery,42,34,0.8095,4,4,9,9,7
2024-08-04,Internal Medicine,64,45,0.7031,6,6,13,13,5
2024-08-04,Neurology,36,23,0.6389,4,4,8,8,9
2024-08-04,Obstetrics,40,28,0.7,4,4,8,8,2
2024-08-04,Oncology,38,25,0.6579,4,4,8,8,5
2024-08-04,Orthopedics,48,31,0.6458,5,5,10,10,4
2024-08-04,Urology,30,19,0.6333,3,3,6,6,3
2024-08-05,Cardiology,44,33,0.75,4,4,9,9,2
2024-08-05,General Surgery,42,31,0.7381,4,4,9,9,2
2024-08-05,Internal Medicine,64,43,0.6719,6,6,13,12,7
2024-08-05,Neurology,36,29,0.8056,4,4,8,8,6
2024-08-05,Obstetrics,40,29,0.725,4,4,8,8,6
2024-08-05,Oncology,38,30,0.7895,4,4,8,8,7
2024-08-05,Orthopedics,48,32,0.6667,5,5,10,10,2
2024-08-05,Urology,30,21,0.7,3,3,6,6,2
2024-08-06,Cardiology,44,32,0.7273,4,4,9,8,5
2024-08-06,General Surgery,42,30,0.7143,4,4,9,8,12
2024-08-06,Internal Medicine,64,50,0.7812,6,6,13,13,4
2024-08-06,Neurology,36,25,0.6944,4,4,8,8,9
2024-08-06,Obstetrics,40,26,0.65,4,4,8,8,2
2024-08-06,Oncology,38,31,0.8158,4,4,8,8,4
2024-08-06,Orthopedics,48,34,0.7083,5,5,10,10,9
2024-08-06,Urology,30,21,0.7,3,3,6,6,6
2024-08-07,Cardiology,44,29,0.6591,4,4,9,8,5
2024-08-07,General Surgery,42,29,0.6905,4,4,9,9,4
2024-08-07,Internal Medicine,64,46,0.7188,6,6,13,13,9
2024-08-07,Neurology,36,27,0.75,4,4,8,7,6
2024-08-07,Obstetrics,40,28,0.7,4,4,8,7,8
2024-08-07,Oncology,38,31,0.8158,4,3,8,8,5
2024-08-07,Orthopedics,48,37,0.7708,5,5,10,10,4
2024-08-07,Urology,30,20,0.6667,3,3,6,6,1
2024-08-08,Cardiology,44,29,0.6591,4,4,9,9,9
2024-08-08,General Surgery,42,31,0.7381,4,4,9,9,6
2024-08-08,Internal Medicine,64,48,0.75,6,6,13,13,5
2024-08-08,Neurology,36,26,0.7222,4,4,8,8,6
2024-08-08,Obstetrics,40,26,0.65,4,4,8,8,2
2024-08-08,Oncology,38,31,0.8158,4,4,8,8,2
2024-08-08,Orthopedics,48,37,0.7708,5,5,10,10,9
2024-08-08,Urology,30,23,0.7667,3,3,6,6,2
2024-08-09,Cardiology,44,31,0.7045,4,4,9,9,5
2024-08-09,General Surgery,42,30,0.7143,4,4,9,9,8
2024-08-09,Internal Medicine,64,45,0.7031,6,6,13,13,8
2024-08-09,Neurology,36,27,0.75,4,4,8,8,2
2024-08-09,Obstetrics,40,27,0.675,4,4,8,8,5
2024-08-09,Oncology,38,30,0.7895,4,4,8,8,4
2024-08-09,Orthopedics,48,38,0.7917,5,4,10,10,3
2024-08-09,Urology,30,22,0.7333,3,3,6,6,6
2024-08-10,Cardiology,44,29,0.6591,4,4,9,9,7
2024-08-10,General Surgery,42,29,0.6905,4,4,9,9,7
2024-08-10,Internal Medicine,64,43,0.6719,6,6,13,13,5
2024-08-10,Neurology,36,25,0.6944,4,4,8,8,6
2024-08-10,Obstetrics,40,31,0.775,4,4,8,8,7
2024-08-10,Oncology,38,28,0.7368,4,3,8,8,4
2024-08-10,Orthopedics,48,34,0.7083,5,5,10,10,4
2024-08-10,Urology,30,21,0.7,3,3,6,6,7
2024-08-11,Cardiology,44,29,0.6591,4,4,9,9,7
2024-08-11,General Surgery,42,29,0.6905,4,4,9,9,10
2024-08-11,Internal Medicine,64,44,0.6875,6,6,13,13,9
2024-08-11,Neurology,36,25,0.6944,4,4,8,8,9
2024-08-11,Obstetrics,40,26,0.65,4,4,8,8,8
2024-08-11,Oncology,38,30,0.7895,4,4,8,8,11
2024-08-11,Orthopedics,48,36,0.75,5,5,10,10,9
2024-08-11,Urology,30,19,0.6333,3,3,6,6,4
2024-08-12,Cardiology,44,36,0.8182,4,4,9,8,5
2024-08-12,General Surgery,42,32,0.7619,4,4,9,9,7
2024-08-12,Internal Medicine,64,51,0.7969,6,5,13,12,10
2024-08-12,Neurology,36,24,0.6667,4,4,8,8,6
2024-08-12,Obstetrics,40,25,0.625,4,4,8,8,7
2024-08-12,Oncology,38,30,0.7895,4,4,8,8,3
2024-08-12,Orthopedics,48,34,0.7083,5,5,10,10,5
2024-08-12,Urology,30,23,0.7667,3,3,6,5,5
2024-08-13,Cardiology,44,33,0.75,4,4,9,8,7
2024-08-13,General Surgery,42,32,0.7619,4,4,9,8,4
2024-08-13,Internal Medicine,64,46,0.7188,6,5,13,13,6
2024-08-13,Neurology,36,26,0.7222,4,4,8,8,7
2024-08-13,Obstetrics,40,26,0.65,4,4,8,8,4
2024-08-13,Oncology,38,33,0.8684,4,4,8,8,7
2024-08-13,Orthopedics,48,39,0.8125,5,5,10,10,3
2024-08-13,Urology,30,21,0.7,3,3,6,6,2
2024-08-14,Cardiology,44,33,0.75,4,4,9,9,6
2024-08-14,General Surgery,42,30,0.7143,4,4,9,9,9
2024-08-14,Internal Medicine,64,48,0.75,6,6,13,13,7
2024-08-14,Neurology,36,25,0.6944,4,4,8,8,5
2024-08-14,Obstetrics,40,26,0.65,4,3,8,8,3
2024-08-14,Oncology,38,32,0.8421,4,4,8,8,3
2024-08-14,Orthopedics,48,35,0.7292,5,5,10,10,6
2024-08-14,Urology,30,24,0.8,3,2,6,6,8
2024-08-15,Cardiology,44,32,0.7273,4,4,9,9,6
2024-08-15,General Surgery,42,33,0.7857,4,3,9,9,4
2024-08-15,Internal Medicine,64,53,0.8281,6,6,13,13,6
2024-08-15,Neurology,36,27,0.75,4,4,8,7,5
2024-08-15,Obstetrics,40,27,0.675,4,3,8,7,8
2024-08-15,Oncology,38,29,0.7632,4,4,8,8,3
2024-08-15,Orthopedics,48,32,0.6667,5,5,10,10,3
2024-08-15,Urology,30,21,0.7,3,3,6,6,12
2024-08-16,Cardiology,44,31,0.7045,4,3,9,9,6
2024-08-16,General Surgery,42,33,0.7857,4,4,9,9,6
2024-08-16,Internal Medicine,64,53,0.8281,6,6,13,13,12
2024-08-16,Neurology,36,27,0.75,4,4,8,8,7
2024-08-16,Obstetrics,40,29,0.725,4,4,8,8,10
2024-08-16,Oncology,38,30,0.7895,4,4,8,8,2
2024-08-16,Orthopedics,48,35,0.7292,5,4,10,10,4
2024-08-16,Urology,30,21,0.7,3,3,6,6,2
2024-08-17,Cardiology,44,30,0.6818,4,4,9,9,6
2024-08-17,General Surgery,42,29,0.6905,4,4,9,8,8
2024-08-17,Internal Medicine,64,46,0.7188,6,6,13,13,12
2024-08-17,Neurology,36,26,0.7222,4,4,8,8,10
2024-08-17,Obstetrics,40,25,0.625,4,4,8,8,5
2024-08-17,Oncology,38,28,0.7368,4,4,8,8,5
2024-08-17,Orthopedics,48,35,0.7292,5,4,10,10,4
2024-08-17,Urology,30,20,0.6667,3,3,6,6,5
2024-08-18,Cardiology,44,29,0.6591,4,4,9,9,8
2024-08-18,General Surgery,42,30,0.7143,4,4,9,9,6
2024-08-18,Internal Medicine,64,42,0.6562,6,6,13,13,5
2024-08-18,Neurology,36,23,0.6389,4,4,8,8,6
2024-08-18,Obstetrics,40,27,0.675,4,4,8,8,6
2024-08-18,Oncology,38,29,0.7632,4,4,8,7,5
2024-08-18,Orthopedics,48,28,0.5833,5,5,10,10,9
2024-08-18,Urology,30,20,0.6667,3,3,6,6,10
2024-08-19,Cardiology,44,35,0.7955,4,4,9,9,7
2024-08-19,General Surgery,42,32,0.7619,4,4,9,9,7
2024-08-19,Internal Medicine,64,51,0.7969,6,6,13,13,9
2024-08-19,Neurology,36,30,0.8333,4,4,8,8,10
2024-08-19,Obstetrics,40,27,0.675,4,4,8,8,5
2024-08-19,Oncology,38,28,0.7368,4,4,8,8,2
2024-08-19,Orthopedics,48,35,0.7292,5,5,10,10,5
2024-08-19,Urology,30,22,0.7333,3,3,6,6,4
2024-08-20,Cardiology,44,32,0.7273,4,4,9,9,8
2024-08-20,General Surgery,42,32,0.7619,4,4,9,9,6
2024-08-20,Internal Medicine,64,47,0.7344,6,6,13,13,6
2024-08-20,Neurology,36,26,0.7222,4,3,8,8,5
2024-08-20,Obstetrics,40,32,0.8,4,4,8,8,3
2024-08-20,Oncology,38,29,0.7632,4,4,8,7,5
2024-08-20,Orthopedics,48,30,0.625,5,5,10,9,6
2024-08-20,Urology,30,24,0.8,3,3,6,6,7
2024-08-21,Cardiology,44,31,0.7045,4,4,9,9,6
2024-08-21,General Surgery,42,33,0.7857,4,4,9,9,8
2024-08-21,Internal Medicine,64,47,0.7344,6,6,13,13,4
2024-08-21,Neurology,36,29,0.8056,4,4,8,8,7
2024-08-21,Obstetrics,40,29,0.725,4,4,8,8,3
2024-08-21,Oncology,38,28,0.7368,4,4,8,8,5
2024-08-21,Orthopedics,48,33,0.6875,5,5,10,10,4
2024-08-21,Urology,30,22,0.7333,3,3,6,5,6
2024-08-22,Cardiology,44,32,0.7273,4,4,9,9,10
2024-08-22,General Surgery,42,31,0.7381,4,4,9,9,6
2024-08-22,Internal Medicine,64,48,0.75,6,6,13,13,5
2024-08-22,Neurology,36,26,0.7222,4,4,8,7,9
2024-08-22,Obstetrics,40,27,0.675,4,4,8,7,4
2024-08-22,Oncology,38,31,0.8158,4,4,8,8,4
2024-08-22,Orthopedics,48,32,0.6667,5,4,10,10,3
2024-08-22,Urology,30,21,0.7,3,3,6,6,3
2024-08-23,Cardiology,44,32,0.7273,4,4,9,9,8
2024-08-23,General Surgery,42,32,0.7619,4,4,9,9,10
2024-08-23,Internal Medicine,64,45,0.7031,6,5,13,13,6
2024-08-23,Neurology,36,26,0.7222,4,4,8,8,6
2024-08-23,Obstetrics,40,27,0.675,4,4,8,7,4
2024-08-23,Oncology,38,31,0.8158,4,4,8,8,6
2024-08-23,Orthopedics,48,35,0.7292,5,5,10,10,4
2024-08-23,Urology,30,22,0.7333,3,3,6,6,5
2024-08-24,Cardiology,44,33,0.75,4,4,9,9,11
2024-08-24,General Surgery,42,32,0.7619,4,4,9,9,9
2024-08-24,Internal Medicine,64,44,0.6875,6,6,13,13,4
2024-08-24,Neurology,36,27,0.75,4,4,8,8,8
2024-08-24,Obstetrics,40,27,0.675,4,4,8,8,3
2024-08-24,Oncology,38,28,0.7368,4,4,8,8,7
2024-08-24,Orthopedics,48,33,0.6875,5,5,10,10,1
2024-08-24,Urology,30,22,0.7333,3,3,6,6,9
2024-08-25,Cardiology,44,34,0.7727,4,4,9,9,12
2024-08-25,General Surgery,42,27,0.6429,4,4,9,9,4
2024-08-25,Internal Medicine,64,51,0.7969,6,5,13,13,8
2024-08-25,Neurology,36,26,0.7222,4,4,8,7,7
2024-08-25,Obstetrics,40,29,0.725,4,4,8,8,3
2024-08-25,Oncology,38,32,0.8421,4,4,8,8,10
2024-08-25,Orthopedics,48,33,0.6875,5,5,10,10,2
2024-08-25,Urology,30,22,0.7333,3,3,6,5,3
2024-08-26,Cardiology,44,29,0.6591,4,4,9,9,4
2024-08-26,General Surgery,42,31,0.7381,4,4,9,9,6
2024-08-26,Internal Medicine,64,45,0.7031,6,6,13,13,6
2024-08-26,Neurology,36,26,0.7222,4,3,8,8,9
2024-08-26,Obstetrics,40,25,0.625,4,4,8,8,5
2024-08-26,Oncology,38,29,0.7632,4,3,8,8,6
2024-08-26,Orthopedics,48,36,0.75,5,4,10,10,3
2024-08-26,Urology,30,24,0.8,3,3,6,6,3
2024-08-27,Cardiology,44,33,0.75,4,4,9,9,10
2024-08-27,General Surgery,42,30,0.7143,4,4,9,9,8
2024-08-27,Internal Medicine,64,45,0.7031,6,6,13,12,14
2024-08-27,Neurology,36,29,0.8056,4,4,8,8,5
2024-08-27,Obstetrics,40,27,0.675,4,4,8,8,6
2024-08-27,Oncology,38,29,0.7632,4,3,8,8,5
2024-08-27,Orthopedics,48,31,0.6458,5,5,10,9,4
2024-08-27,Urology,30,22,0.7333,3,3,6,6,4
2024-08-28,Cardiology,44,34,0.7727,4,4,9,9,5
2024-08-28,General Surgery,42,29,0.6905,4,4,9,8,6
2024-08-28,Internal Medicine,64,50,0.7812,6,6,13,13,8
2024-08-28,Neurology,36,27,0.75,4,3,8,8,7
2024-08-28,Obstetrics,40,25,0.625,4,4,8,8,4
2024-08-28,Oncology,38,27,0.7105,4,4,8,8,3
2024-08-28,Orthopedics,48,37,0.7708,5,5,10,10,6
2024-08-28,Urology,30,21,0.7,3,2,6,6,6
2024-08-29,Cardiology,44,32,0.7273,4,4,9,9,5
2024-08-29,General Surgery,42,35,0.8333,4,4,9,9,6
2024-08-29,Internal Medicine,64,51,0.7969,6,6,13,13,6
2024-08-29,Neurology,36,25,0.6944,4,4,8,8,6
2024-08-29,Obstetrics,40,28,0.7,4,3,8,8,3
2024-08-29,Oncology,38,29,0.7632,4,4,8,8,4
2024-08-29,Orthopedics,48,36,0.75,5,5,10,10,6
2024-08-29,Urology,30,19,0.6333,3,3,6,6,3
2024-08-30,Cardiology,44,34,0.7727,4,3,9,9,7
2024-08-30,General Surgery,42,29,0.6905,4,3,9,9,6
2024-08-30,Internal Medicine,64,46,0.7188,6,6,13,13,6
2024-08-30,Neurology,36,28,0.7778,4,4,8,8,4
2024-08-30,Obstetrics,40,29,0.725,4,4,8,8,4
2024-08-30,Oncology,38,31,0.8158,4,4,8,8,5
2024-08-30,Orthopedics,48,33,0.6875,5,5,10,10,4
2024-08-30,Urology,30,21,0.7,3,3,6,6,6
2024-08-31,Cardiology,44,26,0.5909,4,4,9,8,4
2024-08-31,General Surgery,42,29,0.6905,4,4,9,9,4
2024-08-31,Internal Medicine,64,46,0.7188,6,6,13,13,4
2024-08-31,Neurology,36,24,0.6667,4,4,8,8,3
2024-08-31,Obstetrics,40,25,0.625,4,4,8,8,5
2024-08-31,Oncology,38,29,0.7632,4,4,8,8,7
2024-08-31,Orthopedics,48,33,0.6875,5,5,10,10,4
2024-08-31,Urology,30,21,0.7,3,3,6,6,6
2024-09-01,Cardiology,44,32,0.7273,4,4,9,9,7
2024-09-01,General Surgery,42,34,0.8095,4,3,9,9,5
2024-09-01,Internal Medicine,64,45,0.7031,6,6,13,12,6
2024-09-01,Neurology,36,28,0.7778,4,4,8,8,11
2024-09-01,Obstetrics,40,29,0.725,4,4,8,8,4
2024-09-01,Oncology,38,28,0.7368,4,4,8,8,3
2024-09-01,Orthopedics,48,32,0.6667,5,5,10,10,6
2024-09-01,Urology,30,19,0.6333,3,3,6,6,5
2024-09-02,Cardiology,44,36,0.8182,4,4,9,9,5
2024-09-02,General Surgery,42,35,0.8333,4,4,9,9,6
2024-09-02,Internal Medicine,64,54,0.8438,6,6,13,13,9
2024-09-02,Neurology,36,29,0.8056,4,4,8,8,6
2024-09-02,Obstetrics,40,27,0.675,4,4,8,8,3
2024-09-02,Oncology,38,33,0.8684,4,4,8,8,2
2024-09-02,Orthopedics,48,36,0.75,5,5,10,10,6
2024-09-02,Urology,30,21,0.7,3,3,6,6,5
2024-09-03,Cardiology,44,30,0.6818,4,3,9,9,6
2024-09-03,General Surgery,42,30,0.7143,4,4,9,9,4
2024-09-03,Internal Medicine,64,51,0.7969,6,6,13,13,10
2024-09-03,Neurology,36,29,0.8056,4,4,8,8,4
2024-09-03,Obstetrics,40,28,0.7,4,4,8,8,7
2024-09-03,Oncology,38,33,0.8684,4,4,8,8,5
2024-09-03,Orthopedics,48,37,0.7708,5,5,10,10,7
2024-09-03,Urology,30,23,0.7667,3,2,6,6,4
2024-09-04,Cardiology,44,32,0.7273,4,4,9,9,2
2024-09-04,General Surgery,42,30,0.7143,4,4,9,9,10
2024-09-04,Internal Medicine,64,46,0.7188,6,6,13,13,5
2024-09-04,Neurology,36,28,0.7778,4,4,8,8,9
2024-09-04,Obstetrics,40,27,0.675,4,3,8,8,8
2024-09-04,Oncology,38,29,0.7632,4,4,8,8,4
2024-09-04,Orthopedics,48,35,0.7292,5,5,10,10,8
2024-09-04,Urology,30,22,0.7333,3,2,6,6,6
2024-09-05,Cardiology,44,32,0.7273,4,4,9,9,6
2024-09-05,General Surgery,42,33,0.7857,4,4,9,9,4
2024-09-05,Internal Medicine,64,49,0.7656,6,6,13,13,11
2024-09-05,Neurology,36,27,0.75,4,4,8,8,12
2024-09-05,Obstetrics,40,28,0.7,4,4,8,8,1
2024-09-05,Oncology,38,29,0.7632,4,4,8,7,3
2024-09-05,Orthopedics,48,35,0.7292,5,5,10,10,9
2024-09-05,Urology,30,20,0.6667,3,3,6,6,1
2024-09-06,Cardiology,44,31,0.7045,4,4,9,9,5
2024-09-06,General Surgery,42,31,0.7381,4,4,9,9,10
2024-09-06,Internal Medicine,64,51,0.7969,6,6,13,13,6
2024-09-06,Neurology,36,26,0.7222,4,4,8,8,10
2024-09-06,Obstetrics,40,27,0.675,4,4,8,8,2
2024-09-06,Oncology,38,30,0.7895,4,3,8,8,7
2024-09-06,Orthopedics,48,35,0.7292,5,5,10,10,10
2024-09-06,Urology,30,21,0.7,3,3,6,6,5
2024-09-07,Cardiology,44,34,0.7727,4,3,9,8,3
2024-09-07,General Surgery,42,28,0.6667,4,4,9,9,2
2024-09-07,Internal Medicine,64,50,0.7812,6,6,13,13,11
2024-09-07,Neurology,36,28,0.7778,4,4,8,8,9
2024-09-07,Obstetrics,40,25,0.625,4,4,8,8,3
2024-09-07,Oncology,38,32,0.8421,4,4,8,7,9
2024-09-07,Orthopedics,48,34,0.7083,5,5,10,10,10
2024-09-07,Urology,30,21,0.7,3,3,6,6,7
2024-09-08,Cardiology,44,28,0.6364,4,4,9,8,7
2024-09-08,General Surgery,42,26,0.619,4,4,9,9,10
2024-09-08,Internal Medicine,64,50,0.7812,6,6,13,13,7
2024-09-08,Neurology,36,29,0.8056,4,4,8,8,6
2024-09-08,Obstetrics,40,25,0.625,4,4,8,8,4
2024-09-08,Oncology,38,31,0.8158,4,4,8,8,3
2024-09-08,Orthopedics,48,37,0.7708,5,5,10,10,4
2024-09-08,Urology,30,18,0.6,3,3,6,6,4
2024-09-09,Cardiology,44,32,0.7273,4,4,9,9,6
2024-09-09,General Surgery,42,32,0.7619,4,4,9,9,7
2024-09-09,Internal Medicine,64,54,0.8438,6,6,13,13,4
2024-09-09,Neurology,36,29,0.8056,4,4,8,7,9
2024-09-09,Obstetrics,40,28,0.7,4,4,8,8,3
2024-09-09,Oncology,38,31,0.8158,4,4,8,8,7
2024-09-09,Orthopedics,48,36,0.75,5,5,10,10,3
2024-09-09,Urology,30,20,0.6667,3,3,6,6,3
2024-09-10,Cardiology,44,34,0.7727,4,4,9,9,4
2024-09-10,General Surgery,42,29,0.6905,4,4,9,9,6
2024-09-10,Internal Medicine,64,41,0.6406,6,6,13,12,3
2024-09-10,Neurology,36,24,0.6667,4,3,8,8,6
2024-09-10,Obstetrics,40,28,0.7,4,4,8,8,3
2024-09-10,Oncology,38,30,0.7895,4,4,8,8,3
2024-09-10,Orthopedics,48,39,0.8125,5,4,10,10,9
2024-09-10,Urology,30,21,0.7,3,3,6,5,5
2024-09-11,Cardiology,44,33,0.75,4,4,9,9,3
2024-09-11,General Surgery,42,35,0.8333,4,4,9,9,10
2024-09-11,Internal Medicine,64,46,0.7188,6,6,13,13,12
2024-09-11,Neurology,36,28,0.7778,4,3,8,8,4
2024-09-11,Obstetrics,40,24,0.6,4,4,8,8,6
2024-09-11,Oncology,38,29,0.7632,4,3,8,8,7
2024-09-11,Orthopedics,48,38,0.7917,5,4,10,10,9
2024-09-11,Urology,30,23,0.7667,3,3,6,6,1
2024-09-12,Cardiology,44,33,0.75,4,4,9,9,12
2024-09-12,General Surgery,42,32,0.7619,4,4,9,9,7
2024-09-12,Internal Medicine,64,49,0.7656,6,6,13,13,4
2024-09-12,Neurology,36,26,0.7222,4,4,8,8,5
2024-09-12,Obstetrics,40,31,0.775,4,4,8,8,12
2024-09-12,Oncology,38,31,0.8158,4,4,8,8,4
2024-09-12,Orthopedics,48,34,0.7083,5,5,10,10,5
2024-09-12,Urology,30,22,0.7333,3,3,6,6,7
2024-09-13,Cardiology,44,31,0.7045,4,4,9,9,6
2024-09-13,General Surgery,42,29,0.6905,4,4,9,8,4
2024-09-13,Internal Medicine,64,47,0.7344,6,6,13,13,6
2024-09-13,Neurology,36,25,0.6944,4,4,8,8,6
2024-09-13,Obstetrics,40,29,0.725,4,4,8,8,4
2024-09-13,Oncology,38,33,0.8684,4,4,8,8,4
2024-09-13,Orthopedics,48,30,0.625,5,5,10,10,6
2024-09-13,Urology,30,25,0.8333,3,3,6,6,7
2024-09-14,Cardiology,44,30,0.6818,4,4,9,9,8
2024-09-14,General Surgery,42,28,0.6667,4,4,9,9,7
2024-09-14,Internal Medicine,64,51,0.7969,6,6,13,13,12
2024-09-14,Neurology,36,25,0.6944,4,4,8,8,6
2024-09-14,Obstetrics,40,27,0.675,4,4,8,8,2
2024-09-14,Oncology,38,28,0.7368,4,4,8,8,3
2024-09-14,Orthopedics,48,32,0.6667,5,5,10,10,2
2024-09-14,Urology,30,21,0.7,3,3,6,6,6
2024-09-15,Cardiology,44,33,0.75,4,4,9,9,5
2024-09-15,General Surgery,42,33,0.7857,4,4,9,9,6
2024-09-15,Internal Medicine,64,42,0.6562,6,5,13,13,1
2024-09-15,Neurology,36,25,0.6944,4,4,8,8,8
2024-09-15,Obstetrics,40,27,0.675,4,3,8,8,4
2024-09-15,Oncology,38,29,0.7632,4,4,8,8,5
2024-09-15,Orthopedics,48,33,0.6875,5,5,10,10,3
2024-09-15,Urology,30,19,0.6333,3,3,6,6,6
2024-09-16,Cardiology,44,33,0.75,4,4,9,9,8
2024-09-16,General Surgery,42,29,0.6905,4,4,9,8,8
2024-09-16,Internal Medicine,64,48,0.75,6,6,13,13,4
2024-09-16,Neurology,36,26,0.7222,4,4,8,8,12
2024-09-16,Obstetrics,40,28,0.7,4,4,8,8,4
2024-09-16,Oncology,38,31,0.8158,4,4,8,8,9
2024-09-16,Orthopedics,48,37,0.7708,5,5,10,10,3
2024-09-16,Urology,30,23,0.7667,3,3,6,6,6
2024-09-17,Cardiology,44,30,0.6818,4,4,9,9,3
2024-09-17,General Surgery,42,32,0.7619,4,4,9,9,6
2024-09-17,Internal Medicine,64,53,0.8281,6,6,13,13,7
2024-09-17,Neurology,36,28,0.7778,4,3,8,8,6
2024-09-17,Obstetrics,40,29,0.725,4,4,8,8,7
2024-09-17,Oncology,38,31,0.8158,4,4,8,8,3
2024-09-17,Orthopedics,48,35,0.7292,5,5,10,10,5
2024-09-17,Urology,30,23,0.7667,3,3,6,5,7
2024-09-18,Cardiology,44,31,0.7045,4,4,9,9,3
2024-09-18,General Surgery,42,32,0.7619,4,4,9,9,4
2024-09-18,Internal Medicine,64,50,0.7812,6,6,13,13,9
2024-09-18,Neurology,36,25,0.6944,4,4,8,8,3
2024-09-18,Obstetrics,40,27,0.675,4,4,8,8,7
2024-09-18,Oncology,38,29,0.7632,4,4,8,8,6
2024-09-18,Orthopedics,48,34,0.7083,5,5,10,10,10
2024-09-18,Urology,30,24,0.8,3,3,6,6,3
2024-09-19,Cardiology,44,33,0.75,4,4,9,9,5
2024-09-19,General Surgery,42,33,0.7857,4,4,9,8,2
2024-09-19,Internal Medicine,64,54,0.8438,6,6,13,13,8
2024-09-19,Neurology,36,28,0.7778,4,4,8,8,4
2024-09-19,Obstetrics,40,29,0.725,4,4,8,8,6
2024-09-19,Oncology,38,34,0.8947,4,3,8,8,3
2024-09-19,Orthopedics,48,36,0.75,5,4,10,10,7
2024-09-19,Urology,30,21,0.7,3,3,6,6,3
2024-09-20,Cardiology,44,34,0.7727,4,4,9,9,9
2024-09-20,General Surgery,42,34,0.8095,4,4,9,9,6
2024-09-20,Internal Medicine,64,51,0.7969,6,6,13,13,6
2024-09-20,Neurology,36,26,0.7222,4,4,8,8,3
2024-09-20,Obstetrics,40,29,0.725,4,4,8,8,5
2024-09-20,Oncology,38,30,0.7895,4,4,8,8,4
2024-09-20,Orthopedics,48,36,0.75,5,5,10,10,6
2024-09-20,Urology,30,23,0.7667,3,3,6,6,4
2024-09-21,Cardiology,44,31,0.7045,4,4,9,9,3
2024-09-21,General Surgery,42,29,0.6905,4,4,9,9,7
2024-09-21,Internal Medicine,64,47,0.7344,6,6,13,13,11
2024-09-21,Neurology,36,27,0.75,4,3,8,8,4
2024-09-21,Obstetrics,40,27,0.675,4,4,8,8,4
2024-09-21,Oncology,38,33,0.8684,4,4,8,8,5
2024-09-21,Orthopedics,48,30,0.625,5,4,10,10,4
2024-09-21,Urology,30,19,0.6333,3,3,6,6,2
2024-09-22,Cardiology,44,31,0.7045,4,4,9,8,12
2024-09-22,General Surgery,42,29,0.6905,4,4,9,9,5
2024-09-22,Internal Medicine,64,47,0.7344,6,6,13,13,8
2024-09-22,Neurology,36,27,0.75,4,4,8,7,7
2024-09-22,Obstetrics,40,27,0.675,4,3,8,8,4
2024-09-22,Oncology,38,28,0.7368,4,4,8,7,7
2024-09-22,Orthopedics,48,36,0.75,5,5,10,10,4
2024-09-22,Urology,30,21,0.7,3,3,6,6,4
2024-09-23,Cardiology,44,34,0.7727,4,3,9,9,11
2024-09-23,General Surgery,42,32,0.7619,4,4,9,9,10
2024-09-23,Internal Medicine,64,54,0.8438,6,6,13,12,5
2024-09-23,Neurology,36,28,0.7778,4,4,8,8,6
2024-09-23,Obstetrics,40,30,0.75,4,4,8,8,4
2024-09-23,Oncology,38,30,0.7895,4,4,8,8,3
2024-09-23,Orthopedics,48,38,0.7917,5,5,10,10,7
2024-09-23,Urology,30,20,0.6667,3,2,6,5,5
2024-09-24,Cardiology,44,39,0.8864,4,4,9,9,5
2024-09-24,General Surgery,42,35,0.8333,4,4,9,9,8
2024-09-24,Internal Medicine,64,50,0.7812,6,6,13,13,6
2024-09-24,Neurology,36,23,0.6389,4,4,8,8,3
2024-09-24,Obstetrics,40,26,0.65,4,4,8,8,7
2024-09-24,Oncology,38,29,0.7632,4,4,8,8,4
2024-09-24,Orthopedics,48,35,0.7292,5,5,10,10,8
2024-09-24,Urology,30,20,0.6667,3,3,6,6,4
2024-09-25,Cardiology,44,32,0.7273,4,4,9,9,12
2024-09-25,General Surgery,42,36,0.8571,4,4,9,9,9
2024-09-25,Internal Medicine,64,53,0.8281,6,6,13,13,6
2024-09-25,Neurology,36,29,0.8056,4,4,8,7,5
2024-09-25,Obstetrics,40,28,0.7,4,4,8,8,7
2024-09-25,Oncology,38,29,0.7632,4,4,8,8,6
2024-09-25,Orthopedics,48,35,0.7292,5,5,10,10,3
2024-09-25,Urology,30,23,0.7667,3,3,6,6,7
2024-09-26,Cardiology,44,34,0.7727,4,4,9,9,9
2024-09-26,General Surgery,42,33,0.7857,4,4,9,9,5
2024-09-26,Internal Medicine,64,55,0.8594,6,6,13,13,3
2024-09-26,Neurology,36,30,0.8333,4,4,8,8,11
2024-09-26,Obstetrics,40,27,0.675,4,4,8,8,4
2024-09-26,Oncology,38,31,0.8158,4,4,8,8,5
2024-09-26,Orthopedics,48,40,0.8333,5,5,10,10,8
2024-09-26,Urology,30,22,0.7333,3,3,6,6,5
2024-09-27,Cardiology,44,34,0.7727,4,4,9,9,8
2024-09-27,General Surgery,42,35,0.8333,4,4,9,9,7
2024-09-27,Internal Medicine,64,52,0.8125,6,6,13,13,10
2024-09-27,Neurology,36,27,0.75,4,4,8,7,5
2024-09-27,Obstetrics,40,23,0.575,4,4,8,7,6
2024-09-27,Oncology,38,30,0.7895,4,3,8,8,8
2024-09-27,Orthopedics,48,35,0.7292,5,5,10,10,6
2024-09-27,Urology,30,19,0.6333,3,3,6,6,2
2024-09-28,Cardiology,44,34,0.7727,4,4,9,9,5
2024-09-28,General Surgery,42,30,0.7143,4,3,9,9,7
2024-09-28,Internal Medicine,64,51,0.7969,6,6,13,13,10
2024-09-28,Neurology,36,24,0.6667,4,4,8,8,7
2024-09-28,Obstetrics,40,26,0.65,4,4,8,8,5
2024-09-28,Oncology,38,30,0.7895,4,4,8,8,8
2024-09-28,Orthopedics,48,33,0.6875,5,5,10,10,2
2024-09-28,Urology,30,21,0.7,3,3,6,6,7
2024-09-29,Cardiology,44,30,0.6818,4,4,9,9,10
2024-09-29,General Surgery,42,31,0.7381,4,4,9,9,2
2024-09-29,Internal Medicine,64,50,0.7812,6,6,13,13,5
2024-09-29,Neurology,36,28,0.7778,4,4,8,8,11
2024-09-29,Obstetrics,40,31,0.775,4,4,8,8,6
2024-09-29,Oncology,38,29,0.7632,4,4,8,8,3
2024-09-29,Orthopedics,48,32,0.6667,5,4,10,10,5
2024-09-29,Urology,30,20,0.6667,3,3,6,5,1
2024-09-30,Cardiology,44,33,0.75,4,4,9,9,6
2024-09-30,General Surgery,42,30,0.7143,4,4,9,9,6
2024-09-30,Internal Medicine,64,54,0.8438,6,6,13,13,10
2024-09-30,Neurology,36,30,0.8333,4,4,8,8,7
2024-09-30,Obstetrics,40,27,0.675,4,4,8,8,2
2024-09-30,Oncology,38,30,0.7895,4,3,8,7,9
2024-09-30,Orthopedics,48,36,0.75,5,5,10,10,7
2024-09-30,Urology,30,23,0.7667,3,3,6,5,7
2024-10-01,Cardiology,44,31,0.7045,4,4,9,9,16
2024-10-01,General Surgery,42,34,0.8095,4,4,9,9,11
2024-10-01,Internal Medicine,64,53,0.8281,6,6,13,13,14
2024-10-01,Neurology,36,30,0.8333,4,4,8,8,9
2024-10-01,Obstetrics,40,27,0.675,4,4,8,8,6
2024-10-01,Oncology,38,33,0.8684,4,4,8,8,3
2024-10-01,Orthopedics,48,34,0.7083,5,5,10,10,9
2024-10-01,Urology,30,23,0.7667,3,3,6,6,7
2024-10-02,Cardiology,44,31,0.7045,4,3,9,9,6
2024-10-02,General Surgery,42,32,0.7619,4,4,9,9,9
2024-10-02,Internal Medicine,64,52,0.8125,6,6,13,13,7
2024-10-02,Neurology,36,28,0.7778,4,4,8,8,7
2024-10-02,Obstetrics,40,28,0.7,4,4,8,8,4
2024-10-02,Oncology,38,33,0.8684,4,3,8,8,5
2024-10-02,Orthopedics,48,37,0.7708,5,5,10,10,0
2024-10-02,Urology,30,20,0.6667,3,3,6,6,5
2024-10-03,Cardiology,44,34,0.7727,4,4,9,9,12
2024-10-03,General Surgery,42,31,0.7381,4,4,9,9,8
2024-10-03,Internal Medicine,64,49,0.7656,6,6,13,13,7
2024-10-03,Neurology,36,28,0.7778,4,4,8,8,6
2024-10-03,Obstetrics,40,24,0.6,4,4,8,8,3
2024-10-03,Oncology,38,28,0.7368,4,4,8,8,7
2024-10-03,Orthopedics,48,31,0.6458,5,5,10,10,8
2024-10-03,Urology,30,21,0.7,3,3,6,6,3
2024-10-04,Cardiology,44,34,0.7727,4,4,9,9,4
2024-10-04,General Surgery,42,31,0.7381,4,4,9,9,5
2024-10-04,Internal Medicine,64,53,0.8281,6,6,13,13,0
2024-10-04,Neurology,36,30,0.8333,4,4,8,8,7
2024-10-04,Obstetrics,40,28,0.7,4,4,8,8,9
2024-10-04,Oncology,38,32,0.8421,4,4,8,8,6
2024-10-04,Orthopedics,48,38,0.7917,5,5,10,10,5
2024-10-04,Urology,30,22,0.7333,3,3,6,6,7
2024-10-05,Cardiology,44,32,0.7273,4,4,9,9,15
2024-10-05,General Surgery,42,32,0.7619,4,4,9,9,5
2024-10-05,Internal Medicine,64,50,0.7812,6,6,13,13,3
2024-10-05,Neurology,36,28,0.7778,4,4,8,8,5
2024-10-05,Obstetrics,40,28,0.7,4,4,8,8,6
2024-10-05,Oncology,38,27,0.7105,4,4,8,8,2
2024-10-05,Orthopedics,48,35,0.7292,5,5,10,10,5
2024-10-05,Urology,30,23,0.7667,3,3,6,6,6
2024-10-06,Cardiology,44,34,0.7727,4,4,9,9,7
2024-10-06,General Surgery,42,29,0.6905,4,4,9,9,2
2024-10-06,Internal Medicine,64,47,0.7344,6,6,13,13,7
2024-10-06,Neurology,36,27,0.75,4,4,8,8,5
2024-10-06,Obstetrics,40,27,0.675,4,4,8,8,6
2024-10-06,Oncology,38,31,0.8158,4,4,8,8,4
2024-10-06,Orthopedics,48,36,0.75,5,5,10,10,3
2024-10-06,Urology,30,21,0.7,3,3,6,5,3
2024-10-07,Cardiology,44,30,0.6818,4,4,9,9,7
2024-10-07,General Surgery,42,32,0.7619,4,4,9,9,7
2024-10-07,Internal Medicine,64,45,0.7031,6,6,13,13,11
2024-10-07,Neurology,36,24,0.6667,4,4,8,7,3
2024-10-07,Obstetrics,40,28,0.7,4,4,8,8,4
2024-10-07,Oncology,38,32,0.8421,4,4,8,8,4
2024-10-07,Orthopedics,48,32,0.6667,5,5,10,10,2
2024-10-07,Urology,30,20,0.6667,3,3,6,6,4
2024-10-08,Cardiology,44,35,0.7955,4,4,9,9,6
2024-10-08,General Surgery,42,31,0.7381,4,4,9,9,5
2024-10-08,Internal Medicine,64,54,0.8438,6,6,13,13,10
2024-10-08,Neurology,36,26,0.7222,4,4,8,7,3
2024-10-08,Obstetrics,40,28,0.7,4,4,8,8,3
2024-10-08,Oncology,38,32,0.8421,4,4,8,8,7
2024-10-08,Orthopedics,48,36,0.75,5,4,10,10,6
2024-10-08,Urology,30,21,0.7,3,3,6,6,3
2024-10-09,Cardiology,44,34,0.7727,4,3,9,8,6
2024-10-09,General Surgery,42,32,0.7619,4,4,9,9,11
2024-10-09,Internal Medicine,64,54,0.8438,6,6,13,12,5
2024-10-09,Neurology,36,30,0.8333,4,3,8,8,3
2024-10-09,Obstetrics,40,28,0.7,4,4,8,8,2
2024-10-09,Oncology,38,26,0.6842,4,4,8,8,3
2024-10-09,Orthopedics,48,36,0.75,5,5,10,10,5
2024-10-09,Urology,30,21,0.7,3,3,6,6,6
2024-10-10,Cardiology,44,31,0.7045,4,4,9,9,7
2024-10-10,General Surgery,42,33,0.7857,4,3,9,9,8
2024-10-10,Internal Medicine,64,52,0.8125,6,6,13,13,8
2024-10-10,Neurology,36,27,0.75,4,4,8,8,6
2024-10-10,Obstetrics,40,27,0.675,4,4,8,7,5
2024-10-10,Oncology,38,29,0.7632,4,3,8,8,2
2024-10-10,Orthopedics,48,38,0.7917,5,5,10,10,1
2024-10-10,Urology,30,22,0.7333,3,3,6,6,3
2024-10-11,Cardiology,44,36,0.8182,4,4,9,8,11
2024-10-11,General Surgery,42,35,0.8333,4,4,9,9,7
2024-10-11,Internal Medicine,64,55,0.8594,6,6,13,13,6
2024-10-11,Neurology,36,26,0.7222,4,4,8,8,4
2024-10-11,Obstetrics,40,27,0.675,4,4,8,7,4
2024-10-11,Oncology,38,31,0.8158,4,4,8,7,4
2024-10-11,Orthopedics,48,36,0.75,5,5,10,10,6
2024-10-11,Urology,30,23,0.7667,3,3,6,6,3
2024-10-12,Cardiology,44,31,0.7045,4,4,9,9,6
2024-10-12,General Surgery,42,33,0.7857,4,4,9,9,8
2024-10-12,Internal Medicine,64,47,0.7344,6,6,13,13,8
2024-10-12,Neurology,36,25,0.6944,4,4,8,8,4
2024-10-12,Obstetrics,40,28,0.7,4,4,8,7,1
2024-10-12,Oncology,38,29,0.7632,4,3,8,8,4
2024-10-12,Orthopedics,48,32,0.6667,5,5,10,10,5
2024-10-12,Urology,30,22,0.7333,3,3,6,6,4
2024-10-13,Cardiology,44,31,0.7045,4,4,9,9,4
2024-10-13,General Surgery,42,30,0.7143,4,4,9,7,5
2024-10-13,Internal Medicine,64,53,0.8281,6,6,13,12,7
2024-10-13,Neurology,36,28,0.7778,4,4,8,8,9
2024-10-13,Obstetrics,40,28,0.7,4,4,8,7,7
2024-10-13,Oncology,38,31,0.8158,4,4,8,8,4
2024-10-13,Orthopedics,48,30,0.625,5,5,10,10,7
2024-10-13,Urology,30,21,0.7,3,3,6,6,3
2024-10-14,Cardiology,44,37,0.8409,4,4,9,9,6
2024-10-14,General Surgery,42,33,0.7857,4,4,9,9,8
2024-10-14,Internal Medicine,64,51,0.7969,6,6,13,13,5
2024-10-14,Neurology,36,29,0.8056,4,4,8,8,8
2024-10-14,Obstetrics,40,25,0.625,4,4,8,8,3
2024-10-14,Oncology,38,34,0.8947,4,4,8,8,9
2024-10-14,Orthopedics,48,35,0.7292,5,5,10,9,4
2024-10-14,Urology,30,25,0.8333,3,3,6,6,6
2024-10-15,Cardiology,44,37,0.8409,4,4,9,9,11
2024-10-15,General Surgery,42,32,0.7619,4,4,9,9,9
2024-10-15,Internal Medicine,64,57,0.8906,6,5,13,13,8
2024-10-15,Neurology,36,27,0.75,4,4,8,7,1
2024-10-15,Obstetrics,40,28,0.7,4,4,8,7,3
2024-10-15,Oncology,38,29,0.7632,4,4,8,8,2
2024-10-15,Orthopedics,48,37,0.7708,5,5,10,9,3
2024-10-15,Urology,30,19,0.6333,3,3,6,5,1
2024-10-16,Cardiology,44,37,0.8409,4,4,9,9,8
2024-10-16,General Surgery,42,34,0.8095,4,3,9,9,4
2024-10-16,Internal Medicine,64,51,0.7969,6,6,13,13,3
2024-10-16,Neurology,36,29,0.8056,4,4,8,7,8
2024-10-16,Obstetrics,40,28,0.7,4,3,8,8,6
2024-10-16,Oncology,38,29,0.7632,4,4,8,8,2
2024-10-16,Orthopedics,48,37,0.7708,5,5,10,10,4
2024-10-16,Urology,30,21,0.7,3,3,6,6,6
2024-10-17,Cardiology,44,37,0.8409,4,4,9,8,13
2024-10-17,General Surgery,42,31,0.7381,4,4,9,9,8
2024-10-17,Internal Medicine,64,57,0.8906,6,6,13,13,5
2024-10-17,Neurology,36,28,0.7778,4,4,8,8,6
2024-10-17,Obstetrics,40,27,0.675,4,4,8,8,6
2024-10-17,Oncology,38,32,0.8421,4,4,8,8,10
2024-10-17,Orthopedics,48,38,0.7917,5,5,10,10,8
2024-10-17,Urology,30,20,0.6667,3,2,6,6,4
2024-10-18,Cardiology,44,34,0.7727,4,4,9,8,5
2024-10-18,General Surgery,42,32,0.7619,4,4,9,8,5
2024-10-18,Internal Medicine,64,55,0.8594,6,6,13,13,4
2024-10-18,Neurology,36,26,0.7222,4,4,8,8,2
2024-10-18,Obstetrics,40,27,0.675,4,4,8,8,12
2024-10-18,Oncology,38,28,0.7368,4,4,8,8,6
2024-10-18,Orthopedics,48,38,0.7917,5,4,10,10,8
2024-10-18,Urology,30,24,0.8,3,3,6,6,3
2024-10-19,Cardiology,44,33,0.75,4,4,9,9,6
2024-10-19,General Surgery,42,31,0.7381,4,4,9,9,3
2024-10-19,Internal Medicine,64,52,0.8125,6,6,13,13,7
2024-10-19,Neurology,36,30,0.8333,4,4,8,8,6
2024-10-19,Obstetrics,40,28,0.7,4,4,8,8,4
2024-10-19,Oncology,38,33,0.8684,4,4,8,8,6
2024-10-19,Orthopedics,48,35,0.7292,5,5,10,10,7
2024-10-19,Urology,30,22,0.7333,3,3,6,6,5
2024-10-20,Cardiology,44,32,0.7273,4,4,9,9,2
2024-10-20,General Surgery,42,35,0.8333,4,4,9,9,8
2024-10-20,Internal Medicine,64,49,0.7656,6,5,13,13,3
2024-10-20,Neurology,36,26,0.7222,4,4,8,8,6
2024-10-20,Obstetrics,40,27,0.675,4,4,8,8,1
2024-10-20,Oncology,38,29,0.7632,4,4,8,8,3
2024-10-20,Orthopedics,48,36,0.75,5,5,10,10,6
2024-10-20,Urology,30,23,0.7667,3,3,6,6,6
2024-10-21,Cardiology,44,39,0.8864,4,4,9,8,9
2024-10-21,General Surgery,42,35,0.8333,4,4,9,8,5
2024-10-21,Internal Medicine,64,52,0.8125,6,6,13,13,6
2024-10-21,Neurology,36,27,0.75,4,4,8,7,5
2024-10-21,Obstetrics,40,27,0.675,4,4,8,8,9
2024-10-21,Oncology,38,33,0.8684,4,4,8,8,9
2024-10-21,Orthopedics,48,38,0.7917,5,4,10,10,5
2024-10-21,Urology,30,22,0.7333,3,3,6,6,4
2024-10-22,Cardiology,44,32,0.7273,4,4,9,9,8
2024-10-22,General Surgery,42,34,0.8095,4,4,9,9,7
2024-10-22,Internal Medicine,64,59,0.9219,6,6,13,13,3
2024-10-22,Neurology,36,26,0.7222,4,4,8,8,10
2024-10-22,Obstetrics,40,27,0.675,4,4,8,8,3
2024-10-22,Oncology,38,31,0.8158,4,4,8,8,7
2024-10-22,Orthopedics,48,36,0.75,5,5,10,10,6
2024-10-22,Urology,30,22,0.7333,3,3,6,6,4
2024-10-23,Cardiology,44,34,0.7727,4,4,9,9,11
2024-10-23,General Surgery,42,31,0.7381,4,4,9,8,3
2024-10-23,Internal Medicine,64,50,0.7812,6,5,13,13,6
2024-10-23,Neurology,36,27,0.75,4,4,8,8,7
2024-10-23,Obstetrics,40,28,0.7,4,4,8,8,3
2024-10-23,Oncology,38,31,0.8158,4,4,8,8,6
2024-10-23,Orthopedics,48,40,0.8333,5,5,10,10,9
2024-10-23,Urology,30,19,0.6333,3,3,6,6,3
2024-10-24,Cardiology,44,36,0.8182,4,4,9,8,9
2024-10-24,General Surgery,42,34,0.8095,4,4,9,9,11
2024-10-24,Internal Medicine,64,56,0.875,6,6,13,13,7
2024-10-24,Neurology,36,28,0.7778,4,4,8,8,7
2024-10-24,Obstetrics,40,30,0.75,4,4,8,8,5
2024-10-24,Oncology,38,34,0.8947,4,4,8,8,11
2024-10-24,Orthopedics,48,40,0.8333,5,5,10,10,7
2024-10-24,Urology,30,22,0.7333,3,3,6,6,3
2024-10-25,Cardiology,44,33,0.75,4,4,9,9,6
2024-10-25,General Surgery,42,32,0.7619,4,4,9,9,6
2024-10-25,Internal Medicine,64,54,0.8438,6,6,13,13,9
2024-10-25,Neurology,36,27,0.75,4,4,8,8,6
2024-10-25,Obstetrics,40,28,0.7,4,4,8,8,6
2024-10-25,Oncology,38,33,0.8684,4,4,8,8,3
2024-10-25,Orthopedics,48,35,0.7292,5,5,10,10,3
2024-10-25,Urology,30,23,0.7667,3,3,6,6,3
2024-10-26,Cardiology,44,35,0.7955,4,4,9,9,9
2024-10-26,General Surgery,42,30,0.7143,4,4,9,9,4
2024-10-26,Internal Medicine,64,50,0.7812,6,6,13,12,5
2024-10-26,Neurology,36,25,0.6944,4,4,8,8,7
2024-10-26,Obstetrics,40,29,0.725,4,4,8,8,7
2024-10-26,Oncology,38,29,0.7632,4,4,8,8,6
2024-10-26,Orthopedics,48,35,0.7292,5,5,10,10,9
2024-10-26,Urology,30,21,0.7,3,3,6,6,3
2024-10-27,Cardiology,44,32,0.7273,4,4,9,9,9
2024-10-27,General Surgery,42,31,0.7381,4,4,9,9,2
2024-10-27,Internal Medicine,64,55,0.8594,6,6,13,12,3
2024-10-27,Neurology,36,27,0.75,4,4,8,8,8
2024-10-27,Obstetrics,40,24,0.6,4,4,8,7,6
2024-10-27,Oncology,38,32,0.8421,4,4,8,7,10
2024-10-27,Orthopedics,48,37,0.7708,5,5,10,10,10
2024-10-27,Urology,30,21,0.7,3,3,6,6,4
2024-10-28,Cardiology,44,37,0.8409,4,4,9,9,5
2024-10-28,General Surgery,42,32,0.7619,4,4,9,9,8
2024-10-28,Internal Medicine,64,51,0.7969,6,6,13,13,8
2024-10-28,Neurology,36,28,0.7778,4,4,8,8,10
2024-10-28,Obstetrics,40,30,0.75,4,4,8,7,4
2024-10-28,Oncology,38,32,0.8421,4,4,8,8,5
2024-10-28,Orthopedics,48,34,0.7083,5,5,10,10,3
2024-10-28,Urology,30,23,0.7667,3,2,6,6,4
2024-10-29,Cardiology,44,36,0.8182,4,4,9,9,3
2024-10-29,General Surgery,42,32,0.7619,4,4,9,9,10
2024-10-29,Internal Medicine,64,54,0.8438,6,6,13,13,7
2024-10-29,Neurology,36,30,0.8333,4,4,8,8,4
2024-10-29,Obstetrics,40,32,0.8,4,4,8,8,12
2024-10-29,Oncology,38,31,0.8158,4,4,8,8,7
2024-10-29,Orthopedics,48,38,0.7917,5,5,10,10,5
2024-10-29,Urology,30,24,0.8,3,3,6,6,3
2024-10-30,Cardiology,44,31,0.7045,4,4,9,9,7
2024-10-30,General Surgery,42,35,0.8333,4,4,9,9,7
2024-10-30,Internal Medicine,64,55,0.8594,6,6,13,12,8
2024-10-30,Neurology,36,29,0.8056,4,4,8,8,8
2024-10-30,Obstetrics,40,28,0.7,4,4,8,8,7
2024-10-30,Oncology,38,35,0.9211,4,4,8,8,4
2024-10-30,Orthopedics,48,36,0.75,5,5,10,10,4
2024-10-30,Urology,30,22,0.7333,3,3,6,6,3
2024-10-31,Cardiology,44,33,0.75,4,4,9,9,8
2024-10-31,General Surgery,42,33,0.7857,4,3,9,9,6
2024-10-31,Internal Medicine,64,54,0.8438,6,6,13,13,5
2024-10-31,Neurology,36,26,0.7222,4,4,8,8,7
2024-10-31,Obstetrics,40,28,0.7,4,4,8,8,4
2024-10-31,Oncology,38,34,0.8947,4,4,8,8,5
2024-10-31,Orthopedics,48,37,0.7708,5,5,10,10,8
2024-10-31,Urology,30,22,0.7333,3,2,6,6,9
2024-11-01,Cardiology,44,33,0.75,4,4,9,9,6
2024-11-01,General Surgery,42,33,0.7857,4,4,9,9,7
2024-11-01,Internal Medicine,64,52,0.8125,6,6,13,13,5
2024-11-01,Neurology,36,27,0.75,4,4,8,7,6
2024-11-01,Obstetrics,40,28,0.7,4,4,8,8,7
2024-11-01,Oncology,38,32,0.8421,4,4,8,8,5
2024-11-01,Orthopedics,48,34,0.7083,5,5,10,10,12
2024-11-01,Urology,30,24,0.8,3,3,6,6,5
2024-11-02,Cardiology,44,31,0.7045,4,4,9,9,7
2024-11-02,General Surgery,42,30,0.7143,4,4,9,9,8
2024-11-02,Internal Medicine,64,51,0.7969,6,6,13,13,5
2024-11-02,Neurology,36,26,0.7222,4,4,8,8,8
2024-11-02,Obstetrics,40,26,0.65,4,4,8,8,7
2024-11-02,Oncology,38,29,0.7632,4,4,8,8,7
2024-11-02,Orthopedics,48,36,0.75,5,5,10,10,7
2024-11-02,Urology,30,22,0.7333,3,3,6,6,5
2024-11-03,Cardiology,44,33,0.75,4,4,9,9,8
2024-11-03,General Surgery,42,30,0.7143,4,4,9,9,11
2024-11-03,Internal Medicine,64,49,0.7656,6,6,13,12,7
2024-11-03,Neurology,36,28,0.7778,4,4,8,8,4
2024-11-03,Obstetrics,40,27,0.675,4,4,8,8,5
2024-11-03,Oncology,38,29,0.7632,4,4,8,8,4
2024-11-03,Orthopedics,48,32,0.6667,5,5,10,10,3
2024-11-03,Urology,30,20,0.6667,3,3,6,6,5
2024-11-04,Cardiology,44,36,0.8182,4,4,9,9,9
2024-11-04,General Surgery,42,32,0.7619,4,4,9,9,6
2024-11-04,Internal Medicine,64,62,0.9688,6,6,13,13,7
2024-11-04,Neurology,36,31,0.8611,4,4,8,8,9
2024-11-04,Obstetrics,40,28,0.7,4,4,8,8,4
2024-11-04,Oncology,38,34,0.8947,4,4,8,7,4
2024-11-04,Orthopedics,48,34,0.7083,5,5,10,10,8
2024-11-04,Urology,30,22,0.7333,3,3,6,6,3
2024-11-05,Cardiology,44,37,0.8409,4,4,9,9,6
2024-11-05,General Surgery,42,31,0.7381,4,4,9,9,10
2024-11-05,Internal Medicine,64,56,0.875,6,6,13,13,4
2024-11-05,Neurology,36,28,0.7778,4,4,8,7,8
2024-11-05,Obstetrics,40,29,0.725,4,4,8,8,5
2024-11-05,Oncology,38,33,0.8684,4,4,8,8,4
2024-11-05,Orthopedics,48,38,0.7917,5,5,10,10,6
2024-11-05,Urology,30,25,0.8333,3,3,6,6,4
2024-11-06,Cardiology,44,37,0.8409,4,4,9,8,9
2024-11-06,General Surgery,42,32,0.7619,4,4,9,9,3
2024-11-06,Internal Medicine,64,51,0.7969,6,6,13,12,9
2024-11-06,Neurology,36,27,0.75,4,4,8,8,6
2024-11-06,Obstetrics,40,26,0.65,4,3,8,8,9
2024-11-06,Oncology,38,32,0.8421,4,4,8,8,8
2024-11-06,Orthopedics,48,36,0.75,5,5,10,10,1
2024-11-06,Urology,30,23,0.7667,3,3,6,6,7
2024-11-07,Cardiology,44,35,0.7955,4,4,9,9,5
2024-11-07,General Surgery,42,31,0.7381,4,4,9,9,8
2024-11-07,Internal Medicine,64,59,0.9219,6,6,13,13,5
2024-11-07,Neurology,36,28,0.7778,4,4,8,8,5
2024-11-07,Obstetrics,40,28,0.7,4,4,8,8,7
2024-11-07,Oncology,38,34,0.8947,4,3,8,7,7
2024-11-07,Orthopedics,48,38,0.7917,5,5,10,10,9
2024-11-07,Urology,30,22,0.7333,3,3,6,5,7
2024-11-08,Cardiology,44,36,0.8182,4,4,9,9,5
2024-11-08,General Surgery,42,33,0.7857,4,4,9,9,10
2024-11-08,Internal Medicine,64,54,0.8438,6,6,13,13,7
2024-11-08,Neurology,36,28,0.7778,4,4,8,8,4
2024-11-08,Obstetrics,40,24,0.6,4,4,8,8,7
2024-11-08,Oncology,38,31,0.8158,4,4,8,8,9
2024-11-08,Orthopedics,48,39,0.8125,5,5,10,10,3
2024-11-08,Urology,30,23,0.7667,3,3,6,6,4
2024-11-09,Cardiology,44,33,0.75,4,4,9,9,7
2024-11-09,General Surgery,42,34,0.8095,4,4,9,9,7
2024-11-09,Internal Medicine,64,50,0.7812,6,6,13,13,11
2024-11-09,Neurology,36,28,0.7778,4,4,8,8,4
2024-11-09,Obstetrics,40,28,0.7,4,4,8,8,1
2024-11-09,Oncology,38,33,0.8684,4,4,8,7,6
2024-11-09,Orthopedics,48,32,0.6667,5,5,10,10,2
2024-11-09,Urology,30,20,0.6667,3,3,6,6,6
2024-11-10,Cardiology,44,33,0.75,4,3,9,9,7
2024-11-10,General Surgery,42,33,0.7857,4,4,9,9,5
2024-11-10,Internal Medicine,64,58,0.9062,6,6,13,13,10
2024-11-10,Neurology,36,29,0.8056,4,4,8,8,6
2024-11-10,Obstetrics,40,29,0.725,4,4,8,8,5
2024-11-10,Oncology,38,30,0.7895,4,4,8,8,3
2024-11-10,Orthopedics,48,32,0.6667,5,5,10,10,6
2024-11-10,Urology,30,23,0.7667,3,2,6,6,7
2024-11-11,Cardiology,44,35,0.7955,4,4,9,9,7
2024-11-11,General Surgery,42,34,0.8095,4,4,9,9,9
2024-11-11,Internal Medicine,64,58,0.9062,6,5,13,13,12
2024-11-11,Neurology,36,26,0.7222,4,4,8,8,7
2024-11-11,Obstetrics,40,29,0.725,4,4,8,8,2
2024-11-11,Oncology,38,32,0.8421,4,4,8,8,4
2024-11-11,Orthopedics,48,36,0.75,5,5,10,10,3
2024-11-11,Urology,30,21,0.7,3,3,6,6,3
2024-11-12,Cardiology,44,38,0.8636,4,4,9,9,11
2024-11-12,General Surgery,42,36,0.8571,4,4,9,9,9
2024-11-12,Internal Medicine,64,59,0.9219,6,6,13,12,8
2024-11-12,Neurology,36,28,0.7778,4,4,8,8,7
2024-11-12,Obstetrics,40,32,0.8,4,4,8,7,5
2024-11-12,Oncology,38,32,0.8421,4,4,8,8,2
2024-11-12,Orthopedics,48,36,0.75,5,5,10,9,5
2024-11-12,Urology,30,23,0.7667,3,2,6,6,5
2024-11-13,Cardiology,44,36,0.8182,4,4,9,9,7
2024-11-13,General Surgery,42,37,0.881,4,4,9,9,6
2024-11-13,Internal Medicine,64,55,0.8594,6,6,13,13,7
2024-11-13,Neurology,36,26,0.7222,4,3,8,8,7
2024-11-13,Obstetrics,40,28,0.7,4,4,8,8,4
2024-11-13,Oncology,38,31,0.8158,4,4,8,8,2
2024-11-13,Orthopedics,48,39,0.8125,5,5,10,10,6
2024-11-13,Urology,30,23,0.7667,3,3,6,6,3
2024-11-14,Cardiology,44,35,0.7955,4,4,9,8,6
2024-11-14,General Surgery,42,35,0.8333,4,4,9,9,8
2024-11-14,Internal Medicine,64,54,0.8438,6,6,13,13,10
2024-11-14,Neurology,36,30,0.8333,4,4,8,8,7
2024-11-14,Obstetrics,40,29,0.725,4,4,8,8,3
2024-11-14,Oncology,38,32,0.8421,4,4,8,8,3
2024-11-14,Orthopedics,48,39,0.8125,5,5,10,10,7
2024-11-14,Urology,30,23,0.7667,3,3,6,6,4
2024-11-15,Cardiology,44,35,0.7955,4,4,9,9,5
2024-11-15,General Surgery,42,31,0.7381,4,4,9,9,4
2024-11-15,Internal Medicine,64,58,0.9062,6,6,13,13,6
2024-11-15,Neurology,36,30,0.8333,4,4,8,8,7
2024-11-15,Obstetrics,40,28,0.7,4,4,8,8,5
2024-11-15,Oncology,38,30,0.7895,4,4,8,7,4
2024-11-15,Orthopedics,48,35,0.7292,5,5,10,10,3
2024-11-15,Urology,30,23,0.7667,3,3,6,6,3
2024-11-16,Cardiology,44,37,0.8409,4,4,9,9,13
2024-11-16,General Surgery,42,33,0.7857,4,4,9,9,6
2024-11-16,Internal Medicine,64,56,0.875,6,5,13,12,6
2024-11-16,Neurology,36,25,0.6944,4,4,8,8,7
2024-11-16,Obstetrics,40,27,0.675,4,4,8,8,3
2024-11-16,Oncology,38,30,0.7895,4,4,8,8,2
2024-11-16,Orthopedics,48,34,0.7083,5,5,10,10,4
2024-11-16,Urology,30,24,0.8,3,3,6,6,7
2024-11-17,Cardiology,44,36,0.8182,4,4,9,9,9
2024-11-17,General Surgery,42,32,0.7619,4,4,9,9,8
2024-11-17,Internal Medicine,64,52,0.8125,6,6,13,13,6
2024-11-17,Neurology,36,28,0.7778,4,4,8,8,4
2024-11-17,Obstetrics,40,27,0.675,4,4,8,8,5
2024-11-17,Oncology,38,27,0.7105,4,4,8,7,7
2024-11-17,Orthopedics,48,35,0.7292,5,5,10,10,6
2024-11-17,Urology,30,23,0.7667,3,3,6,6,4
2024-11-18,Cardiology,44,37,0.8409,4,4,9,9,6
2024-11-18,General Surgery,42,33,0.7857,4,4,9,9,6
2024-11-18,Internal Medicine,64,57,0.8906,6,6,13,12,7
2024-11-18,Neurology,36,27,0.75,4,4,8,8,8
2024-11-18,Obstetrics,40,28,0.7,4,4,8,8,6
2024-11-18,Oncology,38,30,0.7895,4,4,8,8,5
2024-11-18,Orthopedics,48,36,0.75,5,5,10,10,4
2024-11-18,Urology,30,22,0.7333,3,2,6,5,5
2024-11-19,Cardiology,44,38,0.8636,4,4,9,9,8
2024-11-19,General Surgery,42,33,0.7857,4,3,9,9,5
2024-11-19,Internal Medicine,64,53,0.8281,6,6,13,12,14
2024-11-19,Neurology,36,26,0.7222,4,4,8,8,4
2024-11-19,Obstetrics,40,30,0.75,4,4,8,8,2
2024-11-19,Oncology,38,32,0.8421,4,4,8,8,3
2024-11-19,Orthopedics,48,35,0.7292,5,5,10,9,3
2024-11-19,Urology,30,26,0.8667,3,3,6,6,6
2024-11-20,Cardiology,44,38,0.8636,4,4,9,9,7
2024-11-20,General Surgery,42,35,0.8333,4,4,9,9,6
2024-11-20,Internal Medicine,64,52,0.8125,6,6,13,13,7
2024-11-20,Neurology,36,27,0.75,4,4,8,8,6
2024-11-20,Obstetrics,40,30,0.75,4,4,8,8,9
2024-11-20,Oncology,38,32,0.8421,4,4,8,8,5
2024-11-20,Orthopedics,48,38,0.7917,5,5,10,10,6
2024-11-20,Urology,30,23,0.7667,3,3,6,6,3
2024-11-21,Cardiology,44,38,0.8636,4,4,9,8,12
2024-11-21,General Surgery,42,34,0.8095,4,4,9,9,3
2024-11-21,Internal Medicine,64,59,0.9219,6,6,13,13,12
2024-11-21,Neurology,36,26,0.7222,4,4,8,7,5
2024-11-21,Obstetrics,40,28,0.7,4,4,8,7,3
2024-11-21,Oncology,38,33,0.8684,4,4,8,8,7
2024-11-21,Orthopedics,48,35,0.7292,5,5,10,10,3
2024-11-21,Urology,30,24,0.8,3,3,6,6,3
2024-11-22,Cardiology,44,34,0.7727,4,4,9,9,12
2024-11-22,General Surgery,42,37,0.881,4,4,9,9,4
2024-11-22,Internal Medicine,64,58,0.9062,6,6,13,13,6
2024-11-22,Neurology,36,28,0.7778,4,4,8,8,11
2024-11-22,Obstetrics,40,30,0.75,4,4,8,8,5
2024-11-22,Oncology,38,31,0.8158,4,4,8,8,6
2024-11-22,Orthopedics,48,34,0.7083,5,5,10,10,6
2024-11-22,Urology,30,21,0.7,3,2,6,6,4
2024-11-23,Cardiology,44,33,0.75,4,4,9,9,5
2024-11-23,General Surgery,42,31,0.7381,4,4,9,9,8
2024-11-23,Internal Medicine,64,54,0.8438,6,6,13,12,11
2024-11-23,Neurology,36,26,0.7222,4,4,8,8,4
2024-11-23,Obstetrics,40,28,0.7,4,4,8,8,2
2024-11-23,Oncology,38,29,0.7632,4,4,8,8,2
2024-11-23,Orthopedics,48,38,0.7917,5,5,10,10,6
2024-11-23,Urology,30,19,0.6333,3,3,6,6,6
2024-11-24,Cardiology,44,36,0.8182,4,4,9,9,7
2024-11-24,General Surgery,42,30,0.7143,4,4,9,8,10
2024-11-24,Internal Medicine,64,49,0.7656,6,6,13,13,7
2024-11-24,Neurology,36,26,0.7222,4,4,8,8,0
2024-11-24,Obstetrics,40,32,0.8,4,4,8,8,4
2024-11-24,Oncology,38,28,0.7368,4,4,8,8,8
2024-11-24,Orthopedics,48,29,0.6042,5,5,10,10,2
2024-11-24,Urology,30,21,0.7,3,2,6,6,6
2024-11-25,Cardiology,44,38,0.8636,4,4,9,8,7
2024-11-25,General Surgery,42,36,0.8571,4,4,9,8,8
2024-11-25,Internal Medicine,64,54,0.8438,6,6,13,13,8
2024-11-25,Neurology,36,31,0.8611,4,4,8,8,11
2024-11-25,Obstetrics,40,25,0.625,4,4,8,7,5
2024-11-25,Oncology,38,29,0.7632,4,4,8,8,4
2024-11-25,Orthopedics,48,36,0.75,5,5,10,10,3
2024-11-25,Urology,30,23,0.7667,3,3,6,6,6
2024-11-26,Cardiology,44,36,0.8182,4,4,9,9,6
2024-11-26,General Surgery,42,34,0.8095,4,4,9,9,4
2024-11-26,Internal Medicine,64,62,0.9688,6,6,13,13,9
2024-11-26,Neurology,36,28,0.7778,4,4,8,8,5
2024-11-26,Obstetrics,40,29,0.725,4,4,8,8,10
2024-11-26,Oncology,38,33,0.8684,4,4,8,8,3
2024-11-26,Orthopedics,48,36,0.75,5,4,10,10,2
2024-11-26,Urology,30,22,0.7333,3,3,6,6,5
2024-11-27,Cardiology,44,34,0.7727,4,4,9,9,3
2024-11-27,General Surgery,42,33,0.7857,4,4,9,8,9
2024-11-27,Internal Medicine,64,58,0.9062,6,6,13,13,8
2024-11-27,Neurology,36,27,0.75,4,4,8,8,7
2024-11-27,Obstetrics,40,29,0.725,4,4,8,8,3
2024-11-27,Oncology,38,33,0.8684,4,4,8,8,2
2024-11-27,Orthopedics,48,36,0.75,5,5,10,10,3
2024-11-27,Urology,30,23,0.7667,3,3,6,6,2
2024-11-28,Cardiology,44,37,0.8409,4,4,9,9,5
2024-11-28,General Surgery,42,36,0.8571,4,4,9,9,5
2024-11-28,Internal Medicine,64,56,0.875,6,6,13,12,5
2024-11-28,Neurology,36,29,0.8056,4,4,8,8,11
2024-11-28,Obstetrics,40,31,0.775,4,4,8,8,5
2024-11-28,Oncology,38,33,0.8684,4,4,8,8,7
2024-11-28,Orthopedics,48,35,0.7292,5,5,10,10,5
2024-11-28,Urology,30,21,0.7,3,3,6,6,3
2024-11-29,Cardiology,44,36,0.8182,4,4,9,9,9
2024-11-29,General Surgery,42,31,0.7381,4,4,9,9,7
2024-11-29,Internal Medicine,64,54,0.8438,6,6,13,13,4
2024-11-29,Neurology,36,27,0.75,4,4,8,8,10
2024-11-29,Obstetrics,40,29,0.725,4,4,8,8,2
2024-11-29,Oncology,38,31,0.8158,4,4,8,8,5
2024-11-29,Orthopedics,48,37,0.7708,5,5,10,10,6
2024-11-29,Urology,30,25,0.8333,3,3,6,6,8
2024-11-30,Cardiology,44,34,0.7727,4,4,9,9,2
2024-11-30,General Surgery,42,32,0.7619,4,4,9,9,4
2024-11-30,Internal Medicine,64,51,0.7969,6,6,13,12,7
2024-11-30,Neurology,36,28,0.7778,4,4,8,8,6
2024-11-30,Obstetrics,40,28,0.7,4,4,8,8,6
2024-11-30,Oncology,38,31,0.8158,4,4,8,8,10
2024-11-30,Orthopedics,48,37,0.7708,5,5,10,10,4
2024-11-30,Urology,30,23,0.7667,3,3,6,6,7
2024-12-01,Cardiology,44,35,0.7955,4,4,9,9,7
2024-12-01,General Surgery,42,33,0.7857,4,4,9,9,11
2024-12-01,Internal Medicine,64,59,0.9219,6,6,13,13,6
2024-12-01,Neurology,36,27,0.75,4,4,8,8,3
2024-12-01,Obstetrics,40,30,0.75,4,4,8,8,4
2024-12-01,Oncology,38,30,0.7895,4,4,8,8,1
2024-12-01,Orthopedics,48,33,0.6875,5,5,10,10,5
2024-12-01,Urology,30,21,0.7,3,3,6,6,4
2024-12-02,Cardiology,44,38,0.8636,4,4,9,9,5
2024-12-02,General Surgery,42,31,0.7381,4,4,9,8,5
2024-12-02,Internal Medicine,64,57,0.8906,6,6,13,13,5
2024-12-02,Neurology,36,27,0.75,4,4,8,8,7
2024-12-02,Obstetrics,40,29,0.725,4,4,8,8,5
2024-12-02,Oncology,38,31,0.8158,4,4,8,8,3
2024-12-02,Orthopedics,48,37,0.7708,5,5,10,10,2
2024-12-02,Urology,30,24,0.8,3,3,6,5,2
2024-12-03,Cardiology,44,39,0.8864,4,4,9,9,7
2024-12-03,General Surgery,42,32,0.7619,4,4,9,9,4
2024-12-03,Internal Medicine,64,60,0.9375,6,6,13,12,7
2024-12-03,Neurology,36,27,0.75,4,4,8,8,7
2024-12-03,Obstetrics,40,28,0.7,4,4,8,8,9
2024-12-03,Oncology,38,33,0.8684,4,4,8,8,4
2024-12-03,Orthopedics,48,34,0.7083,5,5,10,9,4
2024-12-03,Urology,30,25,0.8333,3,3,6,6,8
2024-12-04,Cardiology,44,36,0.8182,4,4,9,9,7
2024-12-04,General Surgery,42,34,0.8095,4,4,9,9,6
2024-12-04,Internal Medicine,64,60,0.9375,6,6,13,13,4
2024-12-04,Neurology,36,28,0.7778,4,3,8,8,4
2024-12-04,Obstetrics,40,28,0.7,4,4,8,8,3
2024-12-04,Oncology,38,36,0.9474,4,4,8,8,7
2024-12-04,Orthopedics,48,40,0.8333,5,5,10,10,6
2024-12-04,Urology,30,21,0.7,3,3,6,5,6
2024-12-05,Cardiology,44,34,0.7727,4,3,9,8,9
2024-12-05,General Surgery,42,34,0.8095,4,4,9,9,11
2024-12-05,Internal Medicine,64,55,0.8594,6,6,13,12,9
2024-12-05,Neurology,36,30,0.8333,4,4,8,8,11
2024-12-05,Obstetrics,40,29,0.725,4,4,8,8,6
2024-12-05,Oncology,38,33,0.8684,4,4,8,7,8
2024-12-05,Orthopedics,48,39,0.8125,5,5,10,9,5
2024-12-05,Urology,30,21,0.7,3,3,6,6,7
2024-12-06,Cardiology,44,32,0.7273,4,4,9,9,8
2024-12-06,General Surgery,42,33,0.7857,4,4,9,9,8
2024-12-06,Internal Medicine,64,55,0.8594,6,6,13,13,12
2024-12-06,Neurology,36,26,0.7222,4,4,8,8,8
2024-12-06,Obstetrics,40,30,0.75,4,4,8,7,11
2024-12-06,Oncology,38,32,0.8421,4,4,8,7,7
2024-12-06,Orthopedics,48,37,0.7708,5,5,10,10,3
2024-12-06,Urology,30,22,0.7333,3,3,6,6,5
2024-12-07,Cardiology,44,33,0.75,4,4,9,9,6
2024-12-07,General Surgery,42,32,0.7619,4,4,9,9,9
2024-12-07,Internal Medicine,64,55,0.8594,6,6,13,13,8
2024-12-07,Neurology,36,31,0.8611,4,4,8,8,8
2024-12-07,Obstetrics,40,28,0.7,4,4,8,8,5
2024-12-07,Oncology,38,33,0.8684,4,4,8,8,5
2024-12-07,Orthopedics,48,36,0.75,5,5,10,10,5
2024-12-07,Urology,30,21,0.7,3,3,6,5,4
2024-12-08,Cardiology,44,36,0.8182,4,4,9,9,4
2024-12-08,General Surgery,42,32,0.7619,4,4,9,9,8
2024-12-08,Internal Medicine,64,58,0.9062,6,6,13,13,5
2024-12-08,Neurology,36,27,0.75,4,4,8,8,9
2024-12-08,Obstetrics,40,33,0.825,4,4,8,8,6
2024-12-08,Oncology,38,33,0.8684,4,4,8,8,9
2024-12-08,Orthopedics,48,38,0.7917,5,5,10,9,5
2024-12-08,Urology,30,22,0.7333,3,3,6,6,8
2024-12-09,Cardiology,44,35,0.7955,4,4,9,9,13
2024-12-09,General Surgery,42,33,0.7857,4,4,9,8,4
2024-12-09,Internal Medicine,64,56,0.875,6,6,13,13,9
2024-12-09,Neurology,36,29,0.8056,4,4,8,8,5
2024-12-09,Obstetrics,40,30,0.75,4,3,8,8,8
2024-12-09,Oncology,38,31,0.8158,4,4,8,8,6
2024-12-09,Orthopedics,48,38,0.7917,5,5,10,10,3
2024-12-09,Urology,30,21,0.7,3,3,6,6,4
2024-12-10,Cardiology,44,40,0.9091,4,4,9,9,5
2024-12-10,General Surgery,42,38,0.9048,4,4,9,9,6
2024-12-10,Internal Medicine,64,59,0.9219,6,6,13,13,12
2024-12-10,Neurology,36,32,0.8889,4,4,8,8,7
2024-12-10,Obstetrics,40,28,0.7,4,4,8,8,5
2024-12-10,Oncology,38,36,0.9474,4,4,8,8,11
2024-12-10,Orthopedics,48,39,0.8125,5,5,10,10,7
2024-12-10,Urology,30,23,0.7667,3,3,6,6,7
2024-12-11,Cardiology,44,41,0.9318,4,4,9,9,10
2024-12-11,General Surgery,42,32,0.7619,4,4,9,9,11
2024-12-11,Internal Medicine,64,57,0.8906,6,6,13,13,4
2024-12-11,Neurology,36,29,0.8056,4,4,8,8,8
2024-12-11,Obstetrics,40,30,0.75,4,4,8,8,4
2024-12-11,Oncology,38,32,0.8421,4,4,8,8,8
2024-12-11,Orthopedics,48,36,0.75,5,5,10,10,9
2024-12-11,Urology,30,23,0.7667,3,3,6,6,6
2024-12-12,Cardiology,44,39,0.8864,4,3,9,8,11
2024-12-12,General Surgery,42,34,0.8095,4,3,9,9,11
2024-12-12,Internal Medicine,64,56,0.875,6,6,13,13,15
2024-12-12,Neurology,36,30,0.8333,4,4,8,8,5
2024-12-12,Obstetrics,40,31,0.775,4,4,8,8,7
2024-12-12,Oncology,38,28,0.7368,4,4,8,8,6
2024-12-12,Orthopedics,48,40,0.8333,5,5,10,10,4
2024-12-12,Urology,30,21,0.7,3,3,6,6,5
2024-12-13,Cardiology,44,40,0.9091,4,4,9,9,6
2024-12-13,General Surgery,42,36,0.8571,4,4,9,9,8
2024-12-13,Internal Medicine,64,56,0.875,6,6,13,13,5
2024-12-13,Neurology,36,30,0.8333,4,4,8,8,5
2024-12-13,Obstetrics,40,31,0.775,4,4,8,8,2
2024-12-13,Oncology,38,31,0.8158,4,4,8,8,5
2024-12-13,Orthopedics,48,39,0.8125,5,5,10,10,5
2024-12-13,Urology,30,24,0.8,3,3,6,6,10
2024-12-14,Cardiology,44,37,0.8409,4,4,9,8,3
2024-12-14,General Surgery,42,32,0.7619,4,4,9,9,6
2024-12-14,Internal Medicine,64,55,0.8594,6,6,13,13,14
2024-12-14,Neurology,36,26,0.7222,4,3,8,8,9
2024-12-14,Obstetrics,40,27,0.675,4,4,8,8,8
2024-12-14,Oncology,38,31,0.8158,4,4,8,8,6
2024-12-14,Orthopedics,48,37,0.7708,5,4,10,10,3
2024-12-14,Urology,30,23,0.7667,3,3,6,6,7
2024-12-15,Cardiology,44,34,0.7727,4,4,9,9,6
2024-12-15,General Surgery,42,35,0.8333,4,4,9,9,7
2024-12-15,Internal Medicine,64,58,0.9062,6,6,13,13,14
2024-12-15,Neurology,36,28,0.7778,4,4,8,8,5
2024-12-15,Obstetrics,40,30,0.75,4,4,8,8,6
2024-12-15,Oncology,38,29,0.7632,4,4,8,7,4
2024-12-15,Orthopedics,48,36,0.75,5,5,10,9,3
2024-12-15,Urology,30,21,0.7,3,3,6,5,2
2024-12-16,Cardiology,44,37,0.8409,4,4,9,9,7
2024-12-16,General Surgery,42,35,0.8333,4,4,9,9,6
2024-12-16,Internal Medicine,64,58,0.9062,6,6,13,13,7
2024-12-16,Neurology,36,32,0.8889,4,4,8,8,7
2024-12-16,Obstetrics,40,31,0.775,4,4,8,8,2
2024-12-16,Oncology,38,38,1.0,4,4,8,8,4
2024-12-16,Orthopedics,48,36,0.75,5,5,10,9,8
2024-12-16,Urology,30,23,0.7667,3,3,6,6,5
2024-12-17,Cardiology,44,36,0.8182,4,4,9,9,10
2024-12-17,General Surgery,42,31,0.7381,4,4,9,8,7
2024-12-17,Internal Medicine,64,57,0.8906,6,6,13,12,8
2024-12-17,Neurology,36,27,0.75,4,3,8,7,11
2024-12-17,Obstetrics,40,33,0.825,4,4,8,8,5
2024-12-17,Oncology,38,33,0.8684,4,4,8,8,10
2024-12-17,Orthopedics,48,39,0.8125,5,4,10,10,3
2024-12-17,Urology,30,23,0.7667,3,3,6,6,2
2024-12-18,Cardiology,44,37,0.8409,4,4,9,9,7
2024-12-18,General Surgery,42,33,0.7857,4,4,9,8,7
2024-12-18,Internal Medicine,64,57,0.8906,6,6,13,13,10
2024-12-18,Neurology,36,29,0.8056,4,4,8,8,4
2024-12-18,Obstetrics,40,31,0.775,4,4,8,8,5
2024-12-18,Oncology,38,33,0.8684,4,4,8,8,6
2024-12-18,Orthopedics,48,34,0.7083,5,5,10,10,5
2024-12-18,Urology,30,25,0.8333,3,3,6,6,4
2024-12-19,Cardiology,44,38,0.8636,4,4,9,9,7
2024-12-19,General Surgery,42,33,0.7857,4,4,9,9,9
2024-12-19,Internal Medicine,64,56,0.875,6,6,13,13,3
2024-12-19,Neurology,36,29,0.8056,4,4,8,8,6
2024-12-19,Obstetrics,40,28,0.7,4,4,8,8,4
2024-12-19,Oncology,38,33,0.8684,4,4,8,7,7
2024-12-19,Orthopedics,48,40,0.8333,5,5,10,10,9
2024-12-19,Urology,30,22,0.7333,3,3,6,6,6
2024-12-20,Cardiology,44,38,0.8636,4,3,9,9,9
2024-12-20,General Surgery,42,36,0.8571,4,4,9,9,4
2024-12-20,Internal Medicine,64,61,0.9531,6,6,13,13,5
2024-12-20,Neurology,36,29,0.8056,4,4,8,8,6
2024-12-20,Obstetrics,40,29,0.725,4,4,8,7,3
2024-12-20,Oncology,38,34,0.8947,4,3,8,8,6
2024-12-20,Orthopedics,48,36,0.75,5,5,10,9,4
2024-12-20,Urology,30,24,0.8,3,3,6,6,8
2024-12-21,Cardiology,44,36,0.8182,4,4,9,9,5
2024-12-21,General Surgery,42,33,0.7857,4,4,9,9,7
2024-12-21,Internal Medicine,64,54,0.8438,6,6,13,12,5
2024-12-21,Neurology,36,29,0.8056,4,4,8,7,2
2024-12-21,Obstetrics,40,24,0.6,4,3,8,8,6
2024-12-21,Oncology,38,30,0.7895,4,4,8,7,9
2024-12-21,Orthopedics,48,35,0.7292,5,5,10,10,7
2024-12-21,Urology,30,19,0.6333,3,3,6,6,8
2024-12-22,Cardiology,44,40,0.9091,4,4,9,9,3
2024-12-22,General Surgery,42,36,0.8571,4,4,9,9,5
2024-12-22,Internal Medicine,64,55,0.8594,6,6,13,13,7
2024-12-22,Neurology,36,25,0.6944,4,4,8,8,6
2024-12-22,Obstetrics,40,27,0.675,4,4,8,7,7
2024-12-22,Oncology,38,32,0.8421,4,4,8,8,7
2024-12-22,Orthopedics,48,34,0.7083,5,5,10,9,7
2024-12-22,Urology,30,21,0.7,3,3,6,5,2
2024-12-23,Cardiology,44,40,0.9091,4,4,9,9,12
2024-12-23,General Surgery,42,33,0.7857,4,4,9,9,10
2024-12-23,Internal Medicine,64,55,0.8594,6,6,13,13,4
2024-12-23,Neurology,36,27,0.75,4,4,8,8,6
2024-12-23,Obstetrics,40,28,0.7,4,4,8,8,3
2024-12-23,Oncology,38,33,0.8684,4,4,8,8,6
2024-12-23,Orthopedics,48,34,0.7083,5,5,10,10,9
2024-12-23,Urology,30,25,0.8333,3,3,6,6,9
2024-12-24,Cardiology,44,36,0.8182,4,4,9,9,3
2024-12-24,General Surgery,42,33,0.7857,4,4,9,9,10
2024-12-24,Internal Medicine,64,59,0.9219,6,6,13,12,6
2024-12-24,Neurology,36,29,0.8056,4,3,8,7,8
2024-12-24,Obstetrics,40,33,0.825,4,4,8,8,5
2024-12-24,Oncology,38,31,0.8158,4,4,8,8,7
2024-12-24,Orthopedics,48,40,0.8333,5,5,10,10,7
2024-12-24,Urology,30,23,0.7667,3,3,6,5,6
2024-12-25,Cardiology,44,41,0.9318,4,4,9,9,6
2024-12-25,General Surgery,42,34,0.8095,4,4,9,9,5
2024-12-25,Internal Medicine,64,60,0.9375,6,6,13,12,9
2024-12-25,Neurology,36,32,0.8889,4,4,8,8,5
2024-12-25,Obstetrics,40,33,0.825,4,3,8,8,4
2024-12-25,Oncology,38,35,0.9211,4,4,8,8,5
2024-12-25,Orthopedics,48,39,0.8125,5,5,10,10,4
2024-12-25,Urology,30,22,0.7333,3,3,6,6,3
2024-12-26,Cardiology,44,39,0.8864,4,4,9,9,10
2024-12-26,General Surgery,42,37,0.881,4,4,9,9,6
2024-12-26,Internal Medicine,64,52,0.8125,6,5,13,13,6
2024-12-26,Neurology,36,28,0.7778,4,4,8,8,6
2024-12-26,Obstetrics,40,30,0.75,4,4,8,8,1
2024-12-26,Oncology,38,37,0.9737,4,4,8,8,1
2024-12-26,Orthopedics,48,38,0.7917,5,5,10,10,8
2024-12-26,Urology,30,23,0.7667,3,3,6,6,4
2024-12-27,Cardiology,44,42,0.9545,4,4,9,9,8
2024-12-27,General Surgery,42,31,0.7381,4,4,9,9,7
2024-12-27,Internal Medicine,64,54,0.8438,6,6,13,13,12
2024-12-27,Neurology,36,30,0.8333,4,4,8,8,9
2024-12-27,Obstetrics,40,31,0.775,4,4,8,8,6
2024-12-27,Oncology,38,30,0.7895,4,4,8,8,3
2024-12-27,Orthopedics,48,38,0.7917,5,5,10,10,1
2024-12-27,Urology,30,25,0.8333,3,3,6,6,8
2024-12-28,Cardiology,44,36,0.8182,4,4,9,9,3
2024-12-28,General Surgery,42,35,0.8333,4,4,9,8,4
2024-12-28,Internal Medicine,64,58,0.9062,6,5,13,13,10
2024-12-28,Neurology,36,27,0.75,4,4,8,8,5
2024-12-28,Obstetrics,40,29,0.725,4,4,8,8,5
2024-12-28,Oncology,38,31,0.8158,4,4,8,8,7
2024-12-28,Orthopedics,48,33,0.6875,5,5,10,10,9
2024-12-28,Urology,30,22,0.7333,3,3,6,6,5
2024-12-29,Cardiology,44,34,0.7727,4,3,9,9,4
2024-12-29,General Surgery,42,34,0.8095,4,4,9,9,13
2024-12-29,Internal Medicine,64,52,0.8125,6,6,13,13,9
2024-12-29,Neurology,36,27,0.75,4,4,8,8,2
2024-12-29,Obstetrics,40,26,0.65,4,4,8,8,6
2024-12-29,Oncology,38,32,0.8421,4,4,8,8,4
2024-12-29,Orthopedics,48,36,0.75,5,5,10,10,9
2024-12-29,Urology,30,24,0.8,3,3,6,6,12
2024-12-30,Cardiology,44,38,0.8636,4,4,9,8,6
2024-12-30,General Surgery,42,37,0.881,4,4,9,9,14
2024-12-30,Internal Medicine,64,56,0.875,6,6,13,13,3
2024-12-30,Neurology,36,29,0.8056,4,4,8,8,6
2024-12-30,Obstetrics,40,30,0.75,4,4,8,8,6
2024-12-30,Oncology,38,31,0.8158,4,4,8,8,8
2024-12-30,Orthopedics,48,42,0.875,5,5,10,10,5
2024-12-30,Urology,30,24,0.8,3,3,6,6,3
2024-12-31,Cardiology,44,36,0.8182,4,4,9,9,7
2024-12-31,General Surgery,42,36,0.8571,4,4,9,9,4
2024-12-31,Internal Medicine,64,61,0.9531,6,6,13,13,7
2024-12-31,Neurology,36,29,0.8056,4,4,8,8,10
2024-12-31,Obstetrics,40,29,0.725,4,4,8,8,7
2024-12-31,Oncology,38,33,0.8684,4,4,8,8,7
2024-12-31,Orthopedics,48,38,0.7917,5,5,10,10,2
2024-12-31,Urology,30,24,0.8,3,3,6,6,1
2025-01-01,Cardiology,44,38,0.8636,4,4,9,8,4
2025-01-01,General Surgery,42,34,0.8095,4,4,9,9,8
2025-01-01,Internal Medicine,64,61,0.9531,6,6,13,13,10
2025-01-01,Neurology,36,29,0.8056,4,4,8,7,8
2025-01-01,Obstetrics,40,30,0.75,4,4,8,8,6
2025-01-01,Oncology,38,35,0.9211,4,4,8,8,7
2025-01-01,Orthopedics,48,40,0.8333,5,5,10,10,6
2025-01-01,Urology,30,24,0.8,3,3,6,6,2
2025-01-02,Cardiology,44,38,0.8636,4,4,9,9,10
2025-01-02,General Surgery,42,32,0.7619,4,4,9,9,6
2025-01-02,Internal Medicine,64,58,0.9062,6,6,13,13,2
2025-01-02,Neurology,36,32,0.8889,4,3,8,7,3
2025-01-02,Obstetrics,40,31,0.775,4,4,8,8,6
2025-01-02,Oncology,38,34,0.8947,4,4,8,7,6
2025-01-02,Orthopedics,48,40,0.8333,5,5,10,10,5
2025-01-02,Urology,30,22,0.7333,3,3,6,6,6
2025-01-03,Cardiology,44,41,0.9318,4,4,9,9,5
2025-01-03,General Surgery,42,34,0.8095,4,4,9,9,5
2025-01-03,Internal Medicine,64,60,0.9375,6,6,13,13,3
2025-01-03,Neurology,36,30,0.8333,4,4,8,8,8
2025-01-03,Obstetrics,40,26,0.65,4,4,8,7,8
2025-01-03,Oncology,38,35,0.9211,4,4,8,8,4
2025-01-03,Orthopedics,48,38,0.7917,5,5,10,10,4
2025-01-03,Urology,30,23,0.7667,3,3,6,6,3
2025-01-04,Cardiology,44,38,0.8636,4,4,9,9,7
2025-01-04,General Surgery,42,28,0.6667,4,4,9,9,3
2025-01-04,Internal Medicine,64,58,0.9062,6,5,13,12,6
2025-01-04,Neurology,36,28,0.7778,4,3,8,8,8
2025-01-04,Obstetrics,40,29,0.725,4,4,8,8,7
2025-01-04,Oncology,38,33,0.8684,4,4,8,8,8
2025-01-04,Orthopedics,48,34,0.7083,5,4,10,10,6
2025-01-04,Urology,30,23,0.7667,3,3,6,6,2
2025-01-05,Cardiology,44,35,0.7955,4,4,9,9,11
2025-01-05,General Surgery,42,33,0.7857,4,4,9,9,5
2025-01-05,Internal Medicine,64,54,0.8438,6,6,13,13,7
2025-01-05,Neurology,36,30,0.8333,4,4,8,8,9
2025-01-05,Obstetrics,40,30,0.75,4,3,8,8,6
2025-01-05,Oncology,38,31,0.8158,4,4,8,8,3
2025-01-05,Orthopedics,48,37,0.7708,5,5,10,10,3
2025-01-05,Urology,30,22,0.7333,3,3,6,6,4
2025-01-06,Cardiology,44,37,0.8409,4,4,9,8,4
2025-01-06,General Surgery,42,37,0.881,4,4,9,9,8
2025-01-06,Internal Medicine,64,59,0.9219,6,6,13,13,6
2025-01-06,Neurology,36,30,0.8333,4,4,8,8,6
2025-01-06,Obstetrics,40,32,0.8,4,4,8,8,1
2025-01-06,Oncology,38,32,0.8421,4,4,8,8,7
2025-01-06,Orthopedics,48,39,0.8125,5,5,10,10,8
2025-01-06,Urology,30,25,0.8333,3,3,6,6,7
2025-01-07,Cardiology,44,38,0.8636,4,4,9,9,8
2025-01-07,General Surgery,42,39,0.9286,4,4,9,8,8
2025-01-07,Internal Medicine,64,57,0.8906,6,6,13,13,4
2025-01-07,Neurology,36,29,0.8056,4,4,8,8,0
2025-01-07,Obstetrics,40,30,0.75,4,4,8,8,7
2025-01-07,Oncology,38,32,0.8421,4,4,8,8,6
2025-01-07,Orthopedics,48,37,0.7708,5,5,10,10,3
2025-01-07,Urology,30,25,0.8333,3,3,6,6,5
2025-01-08,Cardiology,44,37,0.8409,4,4,9,9,13
2025-01-08,General Surgery,42,36,0.8571,4,4,9,9,9
2025-01-08,Internal Medicine,64,58,0.9062,6,5,13,13,6
2025-01-08,Neurology,36,29,0.8056,4,4,8,8,10
2025-01-08,Obstetrics,40,27,0.675,4,4,8,8,8
2025-01-08,Oncology,38,33,0.8684,4,4,8,8,10
2025-01-08,Orthopedics,48,37,0.7708,5,5,10,10,3
2025-01-08,Urology,30,24,0.8,3,3,6,5,0
2025-01-09,Cardiology,44,38,0.8636,4,4,9,9,6
2025-01-09,General Surgery,42,36,0.8571,4,4,9,9,3
2025-01-09,Internal Medicine,64,54,0.8438,6,6,13,12,11
2025-01-09,Neurology,36,30,0.8333,4,3,8,8,9
2025-01-09,Obstetrics,40,29,0.725,4,3,8,8,5
2025-01-09,Oncology,38,30,0.7895,4,4,8,8,5
2025-01-09,Orthopedics,48,40,0.8333,5,5,10,10,5
2025-01-09,Urology,30,24,0.8,3,3,6,6,6
2025-01-10,Cardiology,44,38,0.8636,4,4,9,9,4
2025-01-10,General Surgery,42,33,0.7857,4,4,9,9,6
2025-01-10,Internal Medicine,64,59,0.9219,6,6,13,13,5
2025-01-10,Neurology,36,28,0.7778,4,4,8,8,11
2025-01-10,Obstetrics,40,30,0.75,4,4,8,7,7
2025-01-10,Oncology,38,30,0.7895,4,3,8,8,6
2025-01-10,Orthopedics,48,39,0.8125,5,5,10,9,9
2025-01-10,Urology,30,26,0.8667,3,3,6,6,5
2025-01-11,Cardiology,44,35,0.7955,4,4,9,8,4
2025-01-11,General Surgery,42,32,0.7619,4,4,9,8,8
2025-01-11,Internal Medicine,64,55,0.8594,6,6,13,13,9
2025-01-11,Neurology,36,30,0.8333,4,4,8,8,10
2025-01-11,Obstetrics,40,30,0.75,4,4,8,8,5
2025-01-11,Oncology,38,30,0.7895,4,4,8,8,4
2025-01-11,Orthopedics,48,36,0.75,5,5,10,10,6
2025-01-11,Urology,30,24,0.8,3,2,6,6,4
2025-01-12,Cardiology,44,34,0.7727,4,4,9,9,6
2025-01-12,General Surgery,42,30,0.7143,4,4,9,9,2
2025-01-12,Internal Medicine,64,57,0.8906,6,6,13,13,9
2025-01-12,Neurology,36,26,0.7222,4,4,8,8,7
2025-01-12,Obstetrics,40,28,0.7,4,4,8,7,4
2025-01-12,Oncology,38,30,0.7895,4,4,8,7,6
2025-01-12,Orthopedics,48,36,0.75,5,5,10,10,9
2025-01-12,Urology,30,24,0.8,3,3,6,6,6
2025-01-13,Cardiology,44,37,0.8409,4,4,9,9,7
2025-01-13,General Surgery,42,36,0.8571,4,4,9,9,10
2025-01-13,Internal Medicine,64,58,0.9062,6,6,13,13,8
2025-01-13,Neurology,36,25,0.6944,4,3,8,8,8
2025-01-13,Obstetrics,40,29,0.725,4,4,8,8,7
2025-01-13,Oncology,38,35,0.9211,4,4,8,8,6
2025-01-13,Orthopedics,48,37,0.7708,5,5,10,10,4
2025-01-13,Urology,30,26,0.8667,3,3,6,6,5
2025-01-14,Cardiology,44,38,0.8636,4,4,9,8,4
2025-01-14,General Surgery,42,35,0.8333,4,4,9,9,9
2025-01-14,Internal Medicine,64,57,0.8906,6,6,13,13,7
2025-01-14,Neurology,36,29,0.8056,4,4,8,7,7
2025-01-14,Obstetrics,40,29,0.725,4,4,8,8,2
2025-01-14,Oncology,38,30,0.7895,4,4,8,7,3
2025-01-14,Orthopedics,48,36,0.75,5,5,10,10,8
2025-01-14,Urology,30,22,0.7333,3,3,6,6,2
2025-01-15,Cardiology,44,39,0.8864,4,4,9,9,8
2025-01-15,General Surgery,42,38,0.9048,4,4,9,9,9
2025-01-15,Internal Medicine,64,60,0.9375,6,6,13,13,5
2025-01-15,Neurology,36,28,0.7778,4,4,8,8,4
2025-01-15,Obstetrics,40,29,0.725,4,4,8,8,7
2025-01-15,Oncology,38,31,0.8158,4,4,8,8,6
2025-01-15,Orthopedics,48,38,0.7917,5,5,10,10,1
2025-01-15,Urology,30,23,0.7667,3,2,6,5,7
2025-01-16,Cardiology,44,40,0.9091,4,4,9,9,3
2025-01-16,General Surgery,42,37,0.881,4,4,9,8,3
2025-01-16,Internal Medicine,64,58,0.9062,6,6,13,13,3
2025-01-16,Neurology,36,27,0.75,4,4,8,8,4
2025-01-16,Obstetrics,40,31,0.775,4,4,8,7,3
2025-01-16,Oncology,38,33,0.8684,4,4,8,8,6
2025-01-16,Orthopedics,48,37,0.7708,5,5,10,10,7
2025-01-16,Urology,30,25,0.8333,3,3,6,5,7
2025-01-17,Cardiology,44,36,0.8182,4,4,9,9,7
2025-01-17,General Surgery,42,32,0.7619,4,4,9,9,8
2025-01-17,Internal Medicine,64,60,0.9375,6,6,13,12,7
2025-01-17,Neurology,36,27,0.75,4,4,8,8,4
2025-01-17,Obstetrics,40,28,0.7,4,3,8,8,3
2025-01-17,Oncology,38,32,0.8421,4,4,8,6,4
2025-01-17,Orthopedics,48,38,0.7917,5,5,10,10,3
2025-01-17,Urology,30,23,0.7667,3,3,6,6,3
2025-01-18,Cardiology,44,39,0.8864,4,4,9,9,7
2025-01-18,General Surgery,42,33,0.7857,4,4,9,9,9
2025-01-18,Internal Medicine,64,59,0.9219,6,6,13,13,6
2025-01-18,Neurology,36,29,0.8056,4,4,8,8,7
2025-01-18,Obstetrics,40,29,0.725,4,4,8,8,3
2025-01-18,Oncology,38,32,0.8421,4,4,8,8,6
2025-01-18,Orthopedics,48,36,0.75,5,5,10,10,5
2025-01-18,Urology,30,23,0.7667,3,3,6,6,4
2025-01-19,Cardiology,44,36,0.8182,4,4,9,9,8
2025-01-19,General Surgery,42,32,0.7619,4,4,9,8,10
2025-01-19,Internal Medicine,64,55,0.8594,6,6,13,13,8
2025-01-19,Neurology,36,25,0.6944,4,4,8,8,3
2025-01-19,Obstetrics,40,27,0.675,4,4,8,8,5
2025-01-19,Oncology,38,33,0.8684,4,4,8,8,8
2025-01-19,Orthopedics,48,34,0.7083,5,5,10,10,10
2025-01-19,Urology,30,21,0.7,3,3,6,6,3
2025-01-20,Cardiology,44,43,0.9773,4,4,9,9,2
2025-01-20,General Surgery,42,33,0.7857,4,4,9,9,8
2025-01-20,Internal Medicine,64,55,0.8594,6,6,13,13,7
2025-01-20,Neurology,36,27,0.75,4,4,8,8,7
2025-01-20,Obstetrics,40,30,0.75,4,4,8,8,7
2025-01-20,Oncology,38,34,0.8947,4,4,8,8,8
2025-01-20,Orthopedics,48,38,0.7917,5,5,10,10,4
2025-01-20,Urology,30,24,0.8,3,3,6,6,6
2025-01-21,Cardiology,44,39,0.8864,4,4,9,8,10
2025-01-21,General Surgery,42,34,0.8095,4,4,9,9,6
2025-01-21,Internal Medicine,64,58,0.9062,6,6,13,13,5
2025-01-21,Neurology,36,29,0.8056,4,4,8,8,8
2025-01-21,Obstetrics,40,30,0.75,4,4,8,8,3
2025-01-21,Oncology,38,31,0.8158,4,4,8,8,5
2025-01-21,Orthopedics,48,37,0.7708,5,5,10,10,5
2025-01-21,Urology,30,23,0.7667,3,3,6,6,5
2025-01-22,Cardiology,44,40,0.9091,4,4,9,9,4
2025-01-22,General Surgery,42,32,0.7619,4,4,9,9,12
2025-01-22,Internal Medicine,64,56,0.875,6,5,13,13,5
2025-01-22,Neurology,36,27,0.75,4,4,8,8,7
2025-01-22,Obstetrics,40,28,0.7,4,4,8,8,6
2025-01-22,Oncology,38,35,0.9211,4,4,8,8,7
2025-01-22,Orthopedics,48,39,0.8125,5,5,10,10,5
2025-01-22,Urology,30,22,0.7333,3,3,6,6,4
2025-01-23,Cardiology,44,40,0.9091,4,4,9,9,7
2025-01-23,General Surgery,42,33,0.7857,4,4,9,9,3
2025-01-23,Internal Medicine,64,58,0.9062,6,6,13,13,10
2025-01-23,Neurology,36,27,0.75,4,4,8,8,7
2025-01-23,Obstetrics,40,29,0.725,4,4,8,7,7
2025-01-23,Oncology,38,33,0.8684,4,4,8,8,3
2025-01-23,Orthopedics,48,39,0.8125,5,4,10,10,7
2025-01-23,Urology,30,22,0.7333,3,3,6,6,0
2025-01-24,Cardiology,44,34,0.7727,4,4,9,9,10
2025-01-24,General Surgery,42,32,0.7619,4,4,9,8,7
2025-01-24,Internal Medicine,64,58,0.9062,6,6,13,13,8
2025-01-24,Neurology,36,30,0.8333,4,4,8,8,8
2025-01-24,Obstetrics,40,33,0.825,4,4,8,8,2
2025-01-24,Oncology,38,33,0.8684,4,4,8,8,5
2025-01-24,Orthopedics,48,42,0.875,5,5,10,10,8
2025-01-24,Urology,30,23,0.7667,3,3,6,6,8
2025-01-25,Cardiology,44,34,0.7727,4,4,9,9,3
2025-01-25,General Surgery,42,31,0.7381,4,4,9,9,2
2025-01-25,Internal Medicine,64,52,0.8125,6,6,13,13,6
2025-01-25,Neurology,36,29,0.8056,4,4,8,8,5
2025-01-25,Obstetrics,40,30,0.75,4,4,8,7,6
2025-01-25,Oncology,38,32,0.8421,4,4,8,8,2
2025-01-25,Orthopedics,48,34,0.7083,5,5,10,10,6
2025-01-25,Urology,30,23,0.7667,3,3,6,6,12
2025-01-26,Cardiology,44,37,0.8409,4,4,9,9,8
2025-01-26,General Surgery,42,32,0.7619,4,4,9,9,8
2025-01-26,Internal Medicine,64,52,0.8125,6,6,13,13,11
2025-01-26,Neurology,36,27,0.75,4,4,8,8,9
2025-01-26,Obstetrics,40,28,0.7,4,4,8,8,4
2025-01-26,Oncology,38,27,0.7105,4,4,8,8,5
2025-01-26,Orthopedics,48,39,0.8125,5,5,10,10,4
2025-01-26,Urology,30,22,0.7333,3,3,6,6,8
2025-01-27,Cardiology,44,38,0.8636,4,4,9,9,4
2025-01-27,General Surgery,42,37,0.881,4,4,9,9,7
2025-01-27,Internal Medicine,64,62,0.9688,6,5,13,13,10
2025-01-27,Neurology,36,29,0.8056,4,4,8,8,3
2025-01-27,Obstetrics,40,29,0.725,4,4,8,8,8
2025-01-27,Oncology,38,33,0.8684,4,4,8,8,8
2025-01-27,Orthopedics,48,40,0.8333,5,5,10,10,3
2025-01-27,Urology,30,24,0.8,3,3,6,6,9
2025-01-28,Cardiology,44,36,0.8182,4,4,9,9,8
2025-01-28,General Surgery,42,35,0.8333,4,4,9,9,7
2025-01-28,Internal Medicine,64,61,0.9531,6,6,13,13,8
2025-01-28,Neurology,36,28,0.7778,4,4,8,8,8
2025-01-28,Obstetrics,40,28,0.7,4,3,8,8,3
2025-01-28,Oncology,38,31,0.8158,4,4,8,8,11
2025-01-28,Orthopedics,48,39,0.8125,5,5,10,10,7
2025-01-28,Urology,30,25,0.8333,3,3,6,6,3
2025-01-29,Cardiology,44,39,0.8864,4,4,9,9,6
2025-01-29,General Surgery,42,35,0.8333,4,4,9,9,7
2025-01-29,Internal Medicine,64,57,0.8906,6,6,13,13,6
2025-01-29,Neurology,36,28,0.7778,4,4,8,8,9
2025-01-29,Obstetrics,40,29,0.725,4,4,8,7,8
2025-01-29,Oncology,38,35,0.9211,4,4,8,8,9
2025-01-29,Orthopedics,48,41,0.8542,5,5,10,10,2
2025-01-29,Urology,30,23,0.7667,3,3,6,6,3
2025-01-30,Cardiology,44,38,0.8636,4,4,9,9,5
2025-01-30,General Surgery,42,39,0.9286,4,4,9,8,5
2025-01-30,Internal Medicine,64,61,0.9531,6,6,13,13,7
2025-01-30,Neurology,36,28,0.7778,4,4,8,8,5
2025-01-30,Obstetrics,40,34,0.85,4,4,8,8,4
2025-01-30,Oncology,38,34,0.8947,4,4,8,7,8
2025-01-30,Orthopedics,48,37,0.7708,5,5,10,10,4
2025-01-30,Urology,30,25,0.8333,3,3,6,6,3
